slug,namn,juridiskt_namn,organisationsnummer,f_skatt,region,stad,kommun,stadsdel,gatuadress,postnummer,adress,latitud,longitud,telefon,webbplats,bokningsurl,bokningsplattform,tjanster,har_naprapat,har_kiropraktor,har_massage,har_fysioterapeut,specialiteter,antal_utovare,utovare,betyg,antal_recensioner,prisniva,pris_forsta_besok_sek,beskrivning,redaktionellt_utvald,oppettider_sammanfattning,oppettider_man,oppettider_tis,oppettider_ons,oppettider_tor,oppettider_fre,oppettider_lor,oppettider_son,grundat_ar,sprak,betalningsmetoder,tillganglighet,kallor,senast_verifierad,datatillforlitlighet
aktivera-naprapati-andreas-berglund,aktivERA naprapati (Andreas Berglund),aktivERA naprapati (Andreas Berglund),,,boras,Borås,Borås,Borås,Elinsdalsgatan 12,504 33,"Elinsdalsgatan 12, 504 33 Borås",57.715,12.94,,https://www.aktivera-naprapati.se/,,,naprapat,true,false,false,false,naprapati|massage,1,Andreas Berglund (Leg. Naprapat),0,0,2,750,Andreas Berglund – leg. naprapat med 20 års erfarenhet. Stöttat svenska badmintonlandslaget. Samarbetar med företagshälsovård och försäkringsbolag. Friskvårdsbidrag går bra.,false,,,,,,,,,,,,,,2026-08-24,High
amicus-rehab,Amicus Rehab,Amicus Rehab,,,boras,Borås,Borås,Borås,,,Borås,,,,https://rehabamicus.se/fysioterapeut-boras/,,,fysioterapi,false,false,false,true,fysioterapi|stötvåg|akupunktur|laser,0,,0,0,1,200,"Individanpassad rehabilitering och fysioterapi. Regionsavtal – 200 kr per tillfälle, frikort gäller.",false,,,,,,,,,,,,,,2026-08-24,High
anna-redin-yoga-and-massage,Anna Redin Yoga & Massage,Anna Redin Yoga & Massage,,,boras,Borås,Borås,Borås,Alingsåsvägen 97,504 67,"Alingsåsvägen 97, 504 67 Borås",57.74,12.96,,,https://www.bokadirekt.se/places/anna-redin-yoga-massage-132208,bokadirekt,massage,false,false,true,false,klassisk massage|yoga,1,Anna Redin (Dipl. Friskvårdsmassör & Yogalärare),0,0,2,750,Anna Redin – diplomerad friskvårdsmassör (Axelsons) och yogalärare. Personlig yogastudio och massageklinik på nedre Byttorp.,false,,,,,,,,,,,,,,2026-08-24,High
bodylife,Bodylife,Bodylife,,,boras,Borås,Borås,Borås,Albanoliden 1,506 30,"Albanoliden 1, 506 30 Borås",57.73,12.95,070-365 97 XX,https://bodylife.se,https://www.bokadirekt.se/places/bodylife-27270,bokadirekt,massage,false,false,true,false,medicinsk massage|djupgående massage,1,Regina Strid (Medicinsk Massageterapeut & PT),0,0,2,750,"Regina Strid – medicinsk massageterapeut, PT och medium. Fokus på smärtlindring utan smärta i behandlingen.",false,,,,,,,,,,,,,,2026-08-24,High
christinas-sjukgymnastik-and-fysioterapi,Christinas Sjukgymnastik & Fysioterapi,Christinas Sjukgymnastik & Fysioterapi,,,boras,Borås,Borås,Borås,Katrinedalsgatan 43,504 51,"Katrinedalsgatan 43, 504 51 Borås",57.71,12.95,0767-60 66 69,https://christinassjukgymnastik.se/,,,fysioterapi,false,false,false,true,fysioterapi,0,,0,0,1,200,Christina Fredriksson – leg. sjukgymnast med mångårig erfarenhet (sedan 1990). Regionsavtal. Tar emot med eller utan remiss.,false,,,,,,,,,,,,,,2026-08-24,High
citypraktiken,Citypraktiken,Citypraktiken,,,boras,Borås,Borås,Borås,Södra Kyrkogatan 31,503 34,"Södra Kyrkogatan 31, 503 34 Borås",57.72,12.94,033-10 33 XX,,https://www.bokadirekt.se/places/citypraktiken-14708,bokadirekt,massage,false,false,true,false,massage|manuell medicin,0,,0,0,2,750,"Gym och hälsocenter centralt i Borås sedan 2000. Erbjuder massage, manuell medicin och PT.",false,,,,,,,,,,,,,,2026-08-24,High
ec-naprapat-and-rehab-ab,EC Naprapat & Rehab AB,EC Naprapat & Rehab AB,559251-1348,Ja,boras,Borås,Borås,Borås,Kungsgatan 29,503 33,"Kungsgatan 29, 503 33 Borås",57.721,12.94,033-340 70 XX,,,,naprapat,true,false,false,false,naprapati|rehab,0,,0,0,2,750,Naprapatklinik på samma adress som Limbra/Eriks Naprapati.,false,,,,,,,,,,,,,,2026-08-24,High
elisabeth-care,Elisabeth Care,Elisabeth Care,,,boras,Borås,Borås,Borås,Källbäcksrydsgatan 9,507 42,"Källbäcksrydsgatan 9, 507 42 Borås",57.74,12.97,073-723 13 XX,,https://www.bokadirekt.se/places/elisabeth-care-59442,bokadirekt,massage,false,false,true,false,massage|hudvård,1,Ita Skoog Hansen (Massageterapeut),0,0,2,750,Ita Skoog Hansen – massageterapeut sedan 2008. Erbjuder även medicinsk hudvård. Medlem i Kroppsterapeuternas Yrkesförbund.,false,,,,,,,,,,,,,,2026-08-24,High
frisk-i-praktiken,Frisk i Praktiken,Frisk i Praktiken,556120-2291,Ja,boras,Borås,Borås,Borås,Åsboholmsgatan 12,504 51,"Åsboholmsgatan 12, 504 51 Borås",57.71,12.945,033-14 13 13,https://friskipraktiken.se/,,,fysioterapi,false,false,false,true,fysioterapi|idrottsmedicin,0,,0,0,1,200,Lotta och Joakim Lark – leg. sjukgymnaster/fysioterapeuter. Specialist inom idrottsmedicin. Tillgång till Friskis&Svettis rehabgym.,false,,,,,,,,,,,,,,2026-08-24,High
funktionsfabriken-emma-bengtsson,Funktionsfabriken Emma Bengtsson,Funktionsfabriken Emma Bengtsson,,,boras,Borås,Borås,Borås,Mariedalsgatan 5,503 38,"Mariedalsgatan 5, 503 38 Borås",57.725,12.945,072-305 78 00,http://funktionsfabriken.com,,,fysioterapi|massage,false,false,true,true,fysioterapi|rehab|massage,0,,0,0,1,200,Gym och rehab med fysioterapeuter/sjukgymnaster och massör/PT. Regionsavtal med Västra Götalandsregionen.,false,,,,,,,,,,,,,,2026-08-24,High
head-spa-sakura,HEAD SPA SAKURA,HEAD SPA SAKURA,,,boras,Borås,Borås,Borås,Tredje Villagatan 17,504 53,"Tredje Villagatan 17, 504 53 Borås",57.72,12.95,072-433 48 XX,,https://www.bokadirekt.se/places/head-spa-sakura-62028,bokadirekt,massage,false,false,true,false,head spa|massage,0,,0,0,2,750,Head Spa-klinik driven av två systrar. Fokus på avkoppling och återhämtning.,false,,,,,,,,,,,,,,2026-08-24,High
helhetens-hus-ab,Helhetens Hus AB,Helhetens Hus AB,,,boras,Borås,Borås,Borås,Brigadgatan 10A,504 31,"Brigadgatan 10A, 504 31 Borås",57.72,12.93,070-446 59 XX,,https://www.bokadirekt.se/places/helhetens-hus-ab-44874,bokadirekt,massage,false,false,true,false,massage|lymfbehandling|reflexologi|yoga,0,,0,0,2,750,"Flera terapeuter under samma tak (massage, lymf, reflexologi, yoga, soundhealing).",false,,,,,,,,,,,,,,2026-08-24,High
kiropraktor-bors-hans-johansson,Kiropraktor Borås (Hans Johansson),Kiropraktor Borås (Hans Johansson),,,boras,Borås,Borås,Borås,Företagsgatan 7,504 64,"Företagsgatan 7, 504 64 Borås",57.71,12.92,070-457 33 63,https://kiropraktorboras.se/,,,kiropraktor,false,true,false,false,kiropraktik|friskvårdsmassage,0,,0,0,2,750,Hans Johansson – leg. kiropraktor (examen 1996). Fokus på individuell behandling och rehabilitering. Tar oftast emot samma dag vid akuta besvär.,false,,,,,,,,,,,,,,2026-08-24,High
leg-kiropraktor-martina-barker-ab,Leg. Kiropraktor Martina Barker AB,Leg. Kiropraktor Martina Barker AB,,,boras,Borås,Borås,Borås,Lillsjövägen 1 A,,Lillsjövägen 1 A Borås,57.72,12.85,,,,,kiropraktor,false,true,false,false,kiropraktik,0,,0,0,2,750,Martina Barker – leg. kiropraktor i Sandared (Borås kommun).,false,,,,,,,,,,,,,,2026-08-24,High
leg-kiropraktor-peter-bjrkman,Leg. Kiropraktor Peter Björkman,Leg. Kiropraktor Peter Björkman,,,boras,Borås,Borås,Borås,Österlånggatan 63,503 37,"Österlånggatan 63, 503 37 Borås",57.72,12.94,033-12 27 XX,,,,kiropraktor,false,true,false,false,kiropraktik,0,,0,0,2,750,Peter Björkman – leg. kiropraktor.,false,,,,,,,,,,,,,,2026-08-24,High
limbra-naprapatlandslaget-bors-eriks-naprapati,Limbra / Naprapatlandslaget Borås (Eriks Naprapati),Limbra / Naprapatlandslaget Borås (Eriks Naprapati),556999-3271,Ja,boras,Borås,Borås,Borås,Kungsgatan 29,503 33,"Kungsgatan 29, 503 33 Borås",57.721,12.94,010-768 10 30,https://www.naprapatlandslaget.se/klinik/boras-eriks-naprapati/,,,naprapat,true,false,false,false,naprapati,0,,0,0,2,750,"Limbra (Naprapatlandslaget) i Borås, tidigare Eriks Naprapati. Leg. naprapater Erik Claesson och Daniel Nilsson. Moderna behandlingsmetoder för smärtfri vardag. Förvärvad av Physical Medicine Group 2026.",false,,,,,,,,,,,,,,2026-08-24,High
massagehlsan,Massagehälsan,Massagehälsan,,,boras,Borås,Borås,Borås,Kungsgatan 32,503 33,"Kungsgatan 32, 503 33 Borås",57.721,12.94,072-544 55 XX,https://www.mhboras.se,https://www.bokadirekt.se/places/massagehalsan-rebecca-26938,bokadirekt,massage,false,false,true,false,klassisk massage|djupgående massage,0,,0,0,2,750,"Rebecca, Emelie, Anna och Eva – massageterapeuter med fokus på djupgående svensk klassisk massage.",false,,,,,,,,,,,,,,2026-08-24,High
meldo-and-geelnard-fysioterapi,Meldo & Geelnard Fysioterapi,Meldo & Geelnard Fysioterapi,,,boras,Borås,Borås,Borås,Yxhammarsgatan 8-10,503 31,"Yxhammarsgatan 8-10, 503 31 Borås",57.72,12.94,070-998 34 64,https://geelnard.se/,,,fysioterapi,false,false,false,true,fysioterapi|idrottsmedicin|stötvåg|omt,0,,0,0,2,750,"Emma Geelnard och Johan Meldo – leg. fysioterapeuter med fokus på idrottsskador, senskador och ortopedisk medicin. Individanpassad rehab och prehab.",false,,,,,,,,,,,,,,2026-08-24,High
mwn-fysioterapi-ab,MWN Fysioterapi AB,MWN Fysioterapi AB,559104-5314,Ja,boras,Borås,Borås,Borås,Vallstigen 8,507 61,"Vallstigen 8, 507 61 Borås",57.75,12.96,,,,,fysioterapi,false,false,false,true,fysioterapi,0,,0,0,2,750,Fysioterapiverksamhet. F-skatt: Ja.,false,,,,,,,,,,,,,,2026-08-24,High
naprapat-magnus-jansson,Naprapat Magnus Jansson,Naprapat Magnus Jansson,,,boras,Borås,Borås,Borås,Elinsdalsgatan 12,504 33,"Elinsdalsgatan 12, 504 33 Borås",57.715,12.94,033-13 85 63,https://naprapatboras.se/,,,naprapat,true,false,false,false,naprapati|stötvåg|laser,0,,0,0,2,750,"Magnus Jansson – leg. naprapat sedan 1989. Erbjuder stötvåg och laserterapi. Delar lokal med kollegor Anne-Marie Hedlund, Ulf Wassholm och Andreas Berglund.",false,,,,,,,,,,,,,,2026-08-24,High
new-recovery-ab,New Recovery AB,New Recovery AB,,,boras,Borås,Borås,Borås,Österlånggatan 63,503 37,"Österlånggatan 63, 503 37 Borås",57.72,12.94,076-218 24 XX,,https://www.bokadirekt.se/places/new-recovery-ab-61583,bokadirekt,massage,false,false,true,false,lymfmassage|pressoterapi|floating,0,,0,0,2,750,"Saveliy – diplomerad lymfmassör med fokus på återhämtning, stress och prestation.",false,,,,,,,,,,,,,,2026-08-24,High
osk-massage-and-wellness,OSK Massage & Wellness,OSK Massage & Wellness,,,boras,Borås,Borås,Borås,Fabriksgatan 11,503 38,"Fabriksgatan 11, 503 38 Borås",57.725,12.945,076-897 93 22,,https://www.bokadirekt.se/places/osk-massage-wellness-boras-centrum-30516,bokadirekt,massage,false,false,true,false,svensk/kinesisk massage|lymfmassage,0,,0,0,2,750,"Olivia – massageterapeut, lymfmassör och kostrådgivare utbildad vid Axelsons. Medlem i Kroppsterapeuternas Yrkesförbund.",false,,,,,,,,,,,,,,2026-08-24,High
pepis-clinic-and-massage,Pepi`s Clinic & Massage,Pepi`s Clinic & Massage,,,boras,Borås,Borås,Borås,Södra Kyrkogatan 27B,503 34,"Södra Kyrkogatan 27B, 503 34 Borås",57.72,12.94,073-525 42 XX,,https://www.bokadirekt.se/places/pepis-clinic-massage-i-boras-56181,bokadirekt,massage,false,false,true,false,massage|kinesiologi,0,,0,0,2,750,Penka – massageterapeut med kinesiologisk approach. Ser kroppen som ett sammanhängande system.,false,,,,,,,,,,,,,,2026-08-24,High
rehab-direkt,Rehab direkt,Rehab direkt,556786-8095,Ja,boras,Borås,Borås,Borås,Kindsgatan 1 (Trandareds VC),504 50,"Kindsgatan 1 (Trandareds VC), 504 50 Borås",57.715,12.95,,https://rehabdirekt.se/,,,fysioterapi,false,false,false,true,fysioterapi|idrottsmedicin,0,,0,0,1,200,Rehabmottagning centralt i Borås med leg. fysioterapeuter. Regionsavtal – frikort och högkostnadsskydd gäller. Filial även i Borås Ishall.,false,,,,,,,,,,,,,,2026-08-24,High
rehab-och-fysexperten-i-sjuhrad-ab,Rehab- och Fysexperten i Sjuhärad AB,Rehab- och Fysexperten i Sjuhärad AB,,,boras,Borås,Borås,Borås,Armbågavägen 6,506 30,"Armbågavägen 6, 506 30 Borås",57.73,12.95,073-356 84 20,http://www.rehabdirekt.se/,,,fysioterapi,false,false,false,true,fysioterapi,0,,0,0,1,200,Erik Svenningsson – leg. fysioterapeut med 16 års erfarenhet. Regionsavtal. Belägen i Borås Ishall.,false,,,,,,,,,,,,,,2026-08-24,High
riddarhlsan-ab,Riddarhälsan AB,Riddarhälsan AB,,,boras,Borås,Borås,Borås,Katrinebergsgatan 34,504 51,"Katrinebergsgatan 34, 504 51 Borås",57.71,12.95,033-430 30,,,,kiropraktor|fysioterapi,false,true,false,true,kiropraktik|fysioterapi,0,,0,0,2,750,Klinik med kiropraktik och fysioterapi.,false,,,,,,,,,,,,,,2026-08-24,High
ryggakuten-bors,RyggAkuten Borås,RyggAkuten Borås,,,boras,Borås,Borås,Borås,Västerbrogatan 1,503 30,"Västerbrogatan 1, 503 30 Borås",57.72,12.935,033-228 100,https://ryggakuten.com/,,,naprapat|kiropraktor,true,true,false,false,naprapati|kiropraktik,0,,0,0,2,750,"Del av RyggAkuten-kedjan (Göteborg, Borås, Malmö). Naprapat Clas Sköld med över 25 års erfarenhet, bl.a. från alpina skidlandslaget. Korta väntetider.",false,,,,,,,,,,,,,,2026-08-24,High
stefans-kiropraktik,Stefans Kiropraktik,Stefans Kiropraktik,,,boras,Borås,Borås,Borås,Stora Vägen 31,513 33,"Stora Vägen 31, 513 33 Borås",57.82,12.98,070-642 40 XX,,,,kiropraktor,false,true,false,false,kiropraktik,0,,0,0,2,750,Stefan – leg. kiropraktor i Fristad (Borås kommun).,false,,,,,,,,,,,,,,2026-08-24,High
sukho-thaimassage,Sukho thaimassage,Sukho thaimassage,,,boras,Borås,Borås,Borås,Skaraborgsvägen 80,506 30,"Skaraborgsvägen 80, 506 30 Borås",57.73,12.95,,,https://www.bokadirekt.se/places/sukho-thaimassage-130691,bokadirekt,massage,false,false,true,false,thaimassage|akupressur,0,,0,0,2,750,Supanida Saengklan – över 26 års erfarenhet av thaimassage. Belägen i Knalleland med gratis parkering.,false,,,,,,,,,,,,,,2026-08-24,High
villastadens-zonterapi,Villastadens Zonterapi,Villastadens Zonterapi,,,boras,Borås,Borås,Borås,Övre Kvarngatan 39 A,504 53,"Övre Kvarngatan 39 A, 504 53 Borås",57.72,12.95,070-978 72 XX,,https://www.bokadirekt.se/places/villastadens-zonterapi-i-boras-7574,bokadirekt,massage,false,false,true,false,zonterapi|öronakupressur,0,,0,0,2,750,"Ulrika Proohf – zonterapeut, yogalärare och öronakupressör. Medlem i Kroppsterapeuternas Yrkesförbund.",false,,,,,,,,,,,,,,2026-08-24,High
active-rehab-goteborg,Active Rehab Göteborg,Active Rehab Göteborg,,,goteborg,Göteborg,Göteborg,Centrum,Kungsgatan 15,411 19 Göteborg,"Kungsgatan 15, 411 19 Göteborg",57.705,11.97,031-91 96 00,https://active.nu/kliniker/goteborg/,,,fysioterapeut,false,false,false,true,Fysioterapi|Arbetsterapi|Neuro|Barnrehab|Kvinnohälsa,0,,4.8,41,2,750,Vårdval Rehab. Frikort gäller.,false,,,,,,,,,,,,,,2026-08-22,High - verifierad
aktiv-fysio-alf-b-aktiv-fysio-ab,Aktiv Fysio (Alf B Aktiv Fysio AB),Aktiv Fysio (Alf B Aktiv Fysio AB),556621-4978,Ja,goteborg,Mölndal,Mölndal,Mölndal,Brogatan 23,431 30 Mölndal,"Brogatan 23, 431 30 Mölndal",57.655,12.013,031-87 29 01,https://www.aktivfysio.com/,,,fysioterapeut,false,false,false,true,Fysioterapi|Idrottsmedicin|OMT|McKenzie,0,,4.8,83,2,750,Vårdval Rehab. Frikort gäller. F-skatt: Ja. Status: Aktiv.,false,,,,,,,,,,,,,,2026-08-22,High - verifierad
aktiv-halsa,Aktiv Hälsa,Aktiv Hälsa,,,goteborg,Göteborg,Göteborg,Inom Vallgraven,Otterhällegatan 2,411 18,"Otterhällegatan 2, 411 18 Inom Vallgraven",57.7051,11.9614,+46 72 220 90 98,https://aktivhalsagbg.com/,https://aktivhalsagbg.com/,,naprapat,true,false,false,false,,2,"Jonatan Elmfors (Naprapat); Nikola Ivanovic (Leg. naprapat)",5,25,2,,"Naprapatklinik vid Lilla Torget med flera legitimerade naprapater, samarbete med ortoped och idrottspsykolog.",false,,,,,,,,,,,,,,2026-07-02,High - verifierad
akuta-ryggjouren,Akuta Ryggjouren,Akuta Ryggjouren,,,goteborg,Göteborg,Göteborg,Vasastan,Föreningsgatan 1A,411 27,"Föreningsgatan 1A, 411 27 Vasastan",57.6944,11.9616,+46 31 82 85 60,https://www.ryggjouren.se/,https://www.bokadirekt.se/places/akuta-ryggjouren-veronica-skanberg-130231,,naprapat,true,false,false,false,,0,,4.5,6,2,,"Akutinriktad naprapatmottagning i Vasastan sedan tidigt 1990-tal, drivs av legitimerad naprapat med examen 2001.",false,,,,,,,,,,,,,,2026-07-02,High - verifierad
arena-med-naprapat-goteborg,Arena MED - Naprapat Göteborg,Arena MED Göteborg AB,559396-6848,Ja,goteborg,Göteborg,Göteborg,Lorensberg,Kungsportsavenyen 3,411 36,"Kungsportsavenyen 3, 411 36 Lorensberg",57.7013,11.9731,+46 31 18 80 11,https://www.arenamed.se,https://www.bokadirekt.se/places/arena-med-50462,,naprapat,true,false,false,false,,1,Anders Gullberg (Leg. naprapat),5,190,3,,"Naprapatklinik på Avenyn grundad av Anders Gullberg, legitimerad naprapat, med tidsbokning via Bokadirekt.",true,,,,,,,,,,,,,,2026-07-02,High - allabolag/bolagsregister verified 2026-08-07
bodycheck-ab-naprapat-goteborg,Bodycheck AB - Naprapat Göteborg,Bodycheck AB,559165-5997,Ja,goteborg,Göteborg,Göteborg,Vasastan,Erik Dahlbergsgatan 14,411 26,"Erik Dahlbergsgatan 14, 411 26 Vasastan",57.6988,11.9683,+46 770 17 50 51,https://idrottsskadeexperten.se/boka-naprapat-i-goteborg/,https://idrottsskadeexperten.se/boka-tid/,,naprapat,true,false,false,false,,0,,4.9,18,2,,"Idrottsskadeklinik med naprapat Nicklas Wiltman, legitimerad 2008, inriktad mot idrottsskador, stötvåg och dry needling.",false,,,,,,,,,,,,,,2026-07-02,High - allabolag/bolagsregister verified 2026-08-07
bona-curatio,Bona Curatio,Bona Curatio,556973-8395,Ja,goteborg,Göteborg,Göteborg,Lorensberg,Virginsgatan 12,416 54,"Virginsgatan 12, 416 54 Lorensberg",57.7161,12.0225,073-039 16 75,https://www.bonacuratio.se,https://www.bokadirekt.se/places/bona-curatio-13768,bokadirekt,massage,false,false,true,false,klassisk massage|terapeutisk massage,0,,0,0,2,750,"Högklassig massageklinik (5.0/5) i Härlanda/Munkebäck, certifierad friskvård och massage.",false,,,,,,,,,,,,,,2026-08-23,High
byberg-fysioterapi-om-fysiorehab,Byberg Fysioterapi / OM Fysiorehab,Byberg Fysioterapi / OM Fysiorehab,556743-6307,Ja,goteborg,Mölnlycke,Härryda,Mölnlycke,Hönekullavägen 17,435 44 Mölnlycke,"Hönekullavägen 17, 435 44 Mölnlycke",57.655,12.12,070-303 27 15,http://www.omfysiorehab.com,https://boka.antwork.se/522,annan,fysioterapeut,false,false,false,true,OMT|McKenzie|Akupunktur|Idrottsmedicin,0,,4.8,52,2,750,Ulf Byberg. Frikort gäller. F-skatt: Ja. Status: Aktiv.,false,,,,,,,,,,,,,,2026-08-22,High - verifierad
care-of-spine-naprapatklinik,Care of Spine - Naprapatklinik,Care of Spine - Naprapatklinik,,,goteborg,Göteborg,Göteborg,Linné,Västergatan 4B,411 23,"Västergatan 4B, 411 23 Linné",57.6951,11.9622,,https://careofspine.se,https://careofspine.se/boka-tid/,,naprapat,true,false,false,false,,0,,5,14,2,,"Naprapatklinik i Linné, legitimerad naprapat sedan 2019, egen bokningskalender direkt via hemsidan.",false,,,,,,,,,,,,,,2026-07-02,High - verifierad
city-kliniken-naprapat-goteborg,City-Kliniken - Naprapat Göteborg,City-Kliniken i Gbg AB,559208-4957,Ja,goteborg,Göteborg,Göteborg,Inom Vallgraven,Östra Hamngatan 52,411 09,"Östra Hamngatan 52, 411 09 Inom Vallgraven",57.7048,11.9695,031-13 00 59,https://city-kliniken.com,https://napcitygoteborg.bestille.no/OnCust2/,,naprapat|massage,true,false,true,false,,4,"Thomas Gjörling (Leg. naprapat); Micael Johansson (Leg. naprapat); Christian Strömberg (Leg. naprapat); Jonatan Karlsson (Leg. naprapat)",5,135,2,,"Naprapatklinik i city sedan 1994 med flera legitimerade naprapater; erbjuder även massage och rehabiliteringsträning.",true,,,,,,,,,,,,,,2026-07-02,High - allabolag verified 2026-08-07
ekelund-fysioterapi,Ekelund Fysioterapi,Ekelund Fysioterapi,,,goteborg,Göteborg,Göteborg,Centrum,Valhallagatan 3,412 51 Göteborg,"Valhallagatan 3, 412 51 Göteborg",57.7,11.98,072-025 42 00,https://www.ekelundfysioterapi.se,https://www.bokadirekt.se/places/ekelund-fysioterapi-22304,bokadirekt,fysioterapeut,false,false,false,true,Rygg|Nacke|Axel|Idrottsskador,0,,4.8,84,2,750,Hans-Erik Ekelund. Rating 4.8.,false,,,,,,,,,,,,,,2026-08-22,High - verifierad
eriksbergs-halsoklinik,Eriksbergs Hälsoklinik,Eriksbergs Hälsoklinik,,,goteborg,Göteborg,Göteborg,Eriksberg,Sjöporten 4,417 64,"Sjöporten 4, 417 64 Eriksberg",57.7012,11.9156,+46 73 528 61 08,https://e-kliniken.se/pages/naprapatbehandlingar,https://www.bokadirekt.se/places/eriksbergs-halsoklinik-12294,,naprapat,true,false,true,false,,4,"Magnus Axelsson (Leg. naprapat); Leif Karlsson (Dipl. medicinsk massageterapeut); Alise Nejman (Dipl. massageterapeut); Carina Strand (Osteopat)",4.7,107,,,"Multidisciplinär hälsoklinik i Eriksberg där en legitimerad naprapat erbjuder behandling av rygg, nacke och leder bland flera terapiformer.",true,,,,,,,,,,,,,,2026-07-02,High - verifierad
eva-rytterlund-leg-naprapat,Eva Rytterlund Leg. Naprapat,Eva Rytterlund Leg. Naprapat,,,goteborg,Göteborg,Göteborg,Lorensberg,Wadmansgatan 9,412 53,"Wadmansgatan 9, 412 53 Lorensberg",57.6995,11.9819,+46 706 26 91 35,https://evarytterlund.se/,https://ww1.clinicbuddy.com/onlinebooking/EvaRytterlund-2666,,naprapat,true,false,false,false,,1,Eva Rytterlund (Leg. Naprapat),5,18,2,,"Egen mottagning sedan 2015, drivs av naprapat med examen 2001 och mångårig erfarenhet, tidigare medgrundare av Ullevikliniken.",false,,,,,,,,,,,,,,2026-07-02,High - verifierad
familjelakarna-i-molnlycke-rehab,Familjeläkarna i Mölnlycke Rehab,Familjeläkarna i Mölnlycke Rehab,,,goteborg,Mölnlycke,Härryda,Mölnlycke,Hönekullavägen 13,435 44 Mölnlycke,"Hönekullavägen 13, 435 44 Mölnlycke",57.656,12.118,031-28 10 19,https://www.familjelakarnamolnlycke.se/rehab/,,,fysioterapeut,false,false,false,true,Fysioterapi|Arbetsterapi,0,,4.8,88,2,750,Vårdval Rehab. Frikort gäller.,false,,,,,,,,,,,,,,2026-08-22,High - verifierad
fungra-goteborg-ab,FUNGÉRA Göteborg AB,FUNGÉRA Göteborg AB,556632-6095,Ja,goteborg,Göteborg,Göteborg,Centrum,Gullbergs Strandgata 6,411 04 Göteborg,"Gullbergs Strandgata 6, 411 04 Göteborg",57.712,11.97,031-61 40 80,https://www.fungera.info/,,,fysioterapeut,false,false,false,true,Fysioterapi|Arbetsterapi|Rehab,0,,4.8,57,2,750,Central rehabklinik. Frikort gäller. F-skatt: Ja. Status: Aktiv.,false,,,,,,,,,,,,,,2026-08-22,High - verifierad
fysio-nova-i-goteborg-ab,Fysio Nova i Göteborg AB,Fysio Nova i Göteborg AB,556593-8601,Ja,goteborg,Göteborg,Göteborg,Centrum,Byfogdegatan 4,415 05 Göteborg,"Byfogdegatan 4, 415 05 Göteborg",57.72,12.01,031-16 39 00,https://fysionovaab.se/,,,fysioterapeut,false,false,false,true,OMT|McKenzie|Idrottsmedicin,0,,4.8,29,2,750,Frikort gäller. F-skatt: Ja. Status: Aktiv.,false,,,,,,,,,,,,,,2026-08-22,High - verifierad
fysiohuset,Fysiohuset,Fysiohuset,559074-9168,Ja,goteborg,Göteborg,Göteborg,Lorensberg,Gibraltargatan 3,412 58,"Gibraltargatan 3, 412 58 Lorensberg",57.6912,11.978,031-22 55 20,https://fysiohuset.se,https://fysiohuset.se,egen,fysioterapi,false,false,false,true,fysioterapi|rehabilitering|idrottsmedicin,0,,0,0,1,200,Legitimerade fysioterapeuter anslutna till Västra Götalandsregionen (VGR). Frikort gäller.,false,,,,,,,,,,,,,,2026-08-23,High
fysiohuset-goteborg-ab,Fysiohuset Göteborg AB,Fysiohuset Göteborg AB,559378-7111,Ja,goteborg,Göteborg,Göteborg,Centrum,Gibraltargatan 3,412 58 Göteborg,"Gibraltargatan 3, 412 58 Göteborg",57.695,11.975,031-22 55 20,https://fysiohuset.se/,https://boka.antwork.se/975,annan,fysioterapeut,false,false,false,true,McKenzie|Akupunktur|Kvinnohälsa,0,,4.8,86,2,750,Frikort gäller. F-skatt: Ja. Status: Aktiv.,false,,,,,,,,,,,,,,2026-08-22,High - verifierad
goteborgs-kiropraktorklinik,Göteborgs Kiropraktorklinik,Göteborgs Kiropraktorklinik AB,559521-1318,Ja,goteborg,Göteborg,Göteborg,Gårda,Åvägen 17C,412 51,"Åvägen 17C, 412 51 Göteborg",,,070-763 09 00,https://www.bokadirekt.se/places/goteborgs-kiropraktorklinik-129034,,,"kiropraktik,rehab",false,true,false,false,,1,Jonathan Koljef (Leg. kiropraktor),4.6,262,,,,false,,,,,,,,,,,,,,2026-08-07,High - allabolag + Bokadirekt verified 2026-08-07
goteborgs-massage-rehab-almedal,Göteborgs Massage & Rehab – Almedal,Göteborgs Massage & Rehab AB,559031-7128,Ja,goteborg,Göteborg,Göteborg,Almedal,Mölndalsvägen 23,412 63,"Mölndalsvägen 23, 412 63 Göteborg",,,031-20 12 76,https://goteborgsmassage.se,https://www.bokadirekt.se/places/goteborgs-massage-rehab-almedal-61504,,"massage,idrottsmassage,osteopati",false,false,true,false,,3,"Alejandro Ortega; Daiga Steinfelde; Anette Rundh (Medicinsk massage)",4.9,253,,,,false,,,,,,,,,,,,,,2026-08-07,High - allabolag + Bokadirekt verified 2026-08-07
goteborgs-massage-rehab-linnestaden,Göteborgs Massage & Rehab – Linnéstaden,Göteborgs Massage & Rehab AB,559031-7128,Ja,goteborg,Göteborg,Göteborg,Linnéstaden,Tredje Långgatan 10,413 03,"Tredje Långgatan 10, 413 03 Göteborg",,,031-20 12 76,https://goteborgsmassage.se,https://www.bokadirekt.se/places/goteborgs-massage-rehab-linnestaden-7325,,"massage,idrottsmassage,osteopati",false,false,true,false,,3,"Alejandro Ortega (Massage- och idrottsterapeut); Daiga Steinfelde; Anette Rundh (Medicinsk massage)",4.8,6290,,,,false,,,,,,,,,,,,,,2026-08-07,High - allabolag + Bokadirekt verified 2026-08-07
goteborgs-massage-rehab-vasastaden,Göteborgs Massage & Rehab – Vasastaden,Göteborgs Massage & Rehab AB,559031-7128,Ja,goteborg,Göteborg,Göteborg,Vasastan,Viktoriagatan 24,411 25,"Viktoriagatan 24, 411 25 Göteborg",,,031-20 12 76,https://goteborgsmassage.se,https://www.bokadirekt.se/places/goteborgs-massage-rehab-vasastaden-7228,,"massage,idrottsmassage,osteopati",false,false,true,false,,4,"Zsolt Dörner; Mai Hofström; Magnus Landström; Daiga Steinfelde",4.8,4119,,,,false,,,,,,,,,,,,,,2026-08-07,High - allabolag + Bokadirekt verified 2026-08-07
goteborgs-naprapat-och-idrottsskadeklinik-ab,Göteborgs Naprapat & Idrottsskadeklinik AB,Göteborgs Naprapat & Idrottsskadeklinik AB,556885-1272,Ja,goteborg,Göteborg,Göteborg,Heden,Parkgatan 17,411 38,"Parkgatan 17, 411 38 Heden",57.7005,11.9693,,https://napraidrott.se,https://www.bokadirekt.se/places/goteborgs-naprapat-idrottsskadeklinik,,naprapat,true,false,false,false,,3,"Magnus Olsson (Leg. naprapat); Richard; Oskar Nyholm (Leg. naprapat)",4.6,30,2,,"Naprapatklinik med idrottsskadeinriktning, medlem i Svenska Naprapatförbundet, erbjuder rabatterat pris för studenter.",false,,,,,,,,,,,,,,2026-07-02,High - allabolag/bolagsregister verified 2026-08-07
gottoleva-massage-linne,Gottoleva,Gottoleva,,,goteborg,Göteborg,Göteborg,Linné,Olivedalsgatan 1,413 10,"Olivedalsgatan 1, 413 10 Göteborg",,,072-549 11 37,https://gottoleva.se,https://www.bokadirekt.se/places/gottoleva-38235,,"medicinsk massage,terapeutisk massage,laser",false,false,true,false,,2,"Leane Ahlbom (Dipl. massageterapeut); Zopa Gyatso (Dipl. tibetansk massör)",4.9,1086,,,,false,,,,,,,,,,,,,,2026-08-07,High - Bokadirekt + website verified 2026-08-07
halsa-i-kubik-ab,Hälsa i Kubik AB,Hälsa i Kubik AB,556950-1165,Ja,goteborg,Mölndal,Mölndal,Mölndal,Åbäcksgatan 6 A,431 67 Mölndal,"Åbäcksgatan 6 A, 431 67 Mölndal",57.6558,11.995,031-16 97 40,https://halsaikubik.se/,,,fysioterapeut,false,false,false,true,Fysioterapi|Arbetsterapi|Artrosskola,0,,4.8,66,2,750,Vårdval Rehab + träningscenter. Frikort gäller. F-skatt: Ja. Status: Aktiv.,false,,,,,,,,,,,,,,2026-08-22,High - verifierad
i-rorelse-fysioterapi-i-goteborg-ab,I Rörelse fysioterapi i Göteborg AB,I Rörelse fysioterapi i Göteborg AB,559371-5948,Ja,goteborg,Göteborg,Göteborg,Centrum,Carlandersparken 1,405 45 Göteborg,"Carlandersparken 1, 405 45 Göteborg",57.69,11.98,031-81 17 50,https://www.irorelse.se/,,,fysioterapeut,false,false,false,true,Bäckenbotten|Kvinnohälsa,0,,4.8,55,2,750,Frikort gäller. F-skatt: Ja. Status: Aktiv.,false,,,,,,,,,,,,,,2026-08-22,High - verifierad
imt-idrott-massage-terapeuten,I.M.T – Idrotts Massage Terapeuten,I.M.T – Idrotts Massage Terapeuten,,,goteborg,Göteborg,Göteborg,Örgryte,Danska vägen 84b,416 59,"Danska vägen 84b, 416 59 Göteborg (c/o Kornbakks kiropraktik)",,,070-535 69 93,https://www.imtgbg.com,,,"idrottsmassage,medicinsk massage,dry needling",false,false,true,false,,1,"Stefan Glenndin (Avancerad idrottsmassör, massageterapeut)",0,0,,,,false,,,,,,,,,,,,,,2026-08-07,Medium - website verified 2026-08-07
idrottsnaprapaten-ab,Idrottsnaprapaten AB,Idrottsnaprapaten AB,,,goteborg,Göteborg,Göteborg,Linné,Västergatan 4B,411 23,"Västergatan 4B, 411 23 Linné",57.6951,11.9622,,https://idrottsnaprapaten.se,https://idrottsnaprapaten.se/boka-tid,,naprapat|kiropraktor,true,true,false,false,,0,,5,22,2,,"Klinik med två legitimerade naprapater och en legitimerad kiropraktor, inriktad mot idrottsrelaterade besvär i Linné.",false,,,,,,,,,,,,,,2026-07-02,High - verifierad
ifk-kliniken-rehab,IFK-kliniken Rehab,IFK-kliniken Rehab,556349-7097,Ja,goteborg,Göteborg,Göteborg,Centrum,Töpelsgatan 7,416 55 Göteborg,"Töpelsgatan 7, 416 55 Göteborg",57.7,12,031-707 88 80,https://www.ifkkliniken.com/,,,fysioterapeut,false,false,false,true,Idrottsmedicin|Ortopediska skador,0,,4.8,75,2,750,Inriktning idrotts- och motionsrelaterade besvär. Frikort gäller. F-skatt: Ja. Status: Aktiv.,false,,,,,,,,,,,,,,2026-08-22,High - verifierad
inmotus-naprapatklinik,InMotus Naprapatklinik,InMotus Naprapatklinik,,,goteborg,Kungälv,Kungälv,Kungälv,Dumpergatan 4A,442 40,"Dumpergatan 4A, 442 40 Kungälv",57.8764,11.939,,https://inmotus.se/,https://inmotus.se/boka-tid/,,naprapat,true,false,false,false,,0,,5,29,2,,"Naprapatklinik i Kungälv som drivs av legitimerade naprapaten Jesper Andersen, med individanpassad behandling.",false,,,,,,,,,,,,,,2026-07-02,High - verifierad
kiropraktorcentrum-goteborg,KiropraktorCentrum Göteborg,KiropraktorCentrum Göteborg AB,556725-5335,Ja,goteborg,Göteborg,Göteborg,Centrum,Surbrunnsgatan 6,411 19,"Surbrunnsgatan 6, 411 19 Göteborg",,,031-711 66 00,https://www.kiropraktorcentrum.com,,,kiropraktik,false,true,false,false,,2,"Jonas Carlsson (Leg. kiropraktor); Lisa Ann Carlsson (Leg. kiropraktor)",0,0,,,,false,,,,,,,,,,,,,,2026-08-07,Medium - allabolag verified 2026-08-07
kiropraktorklinik-patrik-erdegard,Kiropraktorklinik Patrik Erdegard,Kiropraktorklinik Patrik Erdegard,,,goteborg,Göteborg,Göteborg,Hisingen,Herkulesgatan 3D,417 01,"Herkulesgatan 3D, 417 01 Göteborg",,,0704-07 63 04,https://patrikerdegard.se,https://www.bokadirekt.se/places/kiropraktorklinik-patrik-erdegard-128910,,kiropraktik,false,true,false,false,,1,Patrik Erdegard (Leg. kiropraktor),4.7,125,,,,false,,,,,,,,,,,,,,2026-08-07,High - Bokadirekt verified 2026-08-07
kornbakk-kiropraktik,Kornbakk Kiropraktik,Kornbakk Kiropraktik,556543-3454,Ja,goteborg,Göteborg,Göteborg,Lorensberg,Danska vägen 84B,416 59,"Danska vägen 84B, 416 59 Lorensberg",57.7121,11.9995,031-25 11 15,http://www.kornbakk.se,http://www.kornbakk.se,egen,kiropraktor,false,true,false,false,kiropraktik,0,,0,0,2,750,Etablerad kiropraktorklinik i Örgryte bunden till legitimerade kiropraktorer.,false,,,,,,,,,,,,,,2026-08-23,High
kortedala-rehab-center,Kortedala Rehab Center,Kortedala Rehab Center,,,goteborg,Göteborg,Göteborg,Centrum,Decembergata 21,415 15 Göteborg,"Decembergata 21, 415 15 Göteborg",57.75,12.03,031-48 40 80,https://kortedalarehab.se,,,fysioterapeut,false,false,false,true,Rehab|Fysioterapi,0,,4.8,66,2,750,Privat rehabcenter.,false,,,,,,,,,,,,,,2026-08-22,High - verifierad
kungskliniken,Kungskliniken,Kungskliniken,,,goteborg,Kungsbacka,Kungsbacka,Kungsbacka,Kungsparksvägen 83,434 39,"Kungsparksvägen 83, 434 39 Kungsbacka",57.515,12.0736,+46 733241373,https://kungskliniken.com/,https://kungskliniken.com/boka/,,naprapat|massage,true,false,true,false,,0,,4.9,68,,,"Tvärprofessionell hälsoklinik i Kungsbacka med naprapati, fysioterapi och massage i Hede handelscentrum.",false,,,,,,,,,,,,,,2026-07-02,High - verifierad
kvarterskliniken-rehab-avenyn,Kvarterskliniken Rehab Avenyn,Kvarterskliniken Rehab Avenyn,556948-4330,Ja,goteborg,Göteborg,Göteborg,Lorensberg,Kungsportsavenyn 33,411 36,"Kungsportsavenyn 33, 411 36 Lorensberg",57.698,11.9785,031-797 52 50,https://kvarterskliniken.se,https://kvarterskliniken.se,egen,fysioterapi,false,false,false,true,fysioterapi|rehabilitering|idrottsskador,0,,0,0,1,200,Rehabmottagning centralt på Avenyn med leg. fysioterapeuter och arbetsterapeuter. VGR-avtal.,false,,,,,,,,,,,,,,2026-08-23,High
limbra-goteborg-nordstan,Limbra Göteborg Nordstan,Limbra Göteborg Nordstan,,,goteborg,Göteborg,Göteborg,Nordstan,Östra Hamngatan 17,411 10,"Östra Hamngatan 17, 411 10 Nordstan",57.7084,11.9668,+46 10 768 10 30,https://limbra.se/kliniker/goteborg-nordstan/,https://limbra.se/kliniker/goteborg-nordstan/,,naprapat,true,false,false,false,,0,,4.5,5,,,"Multiterapeutklinik i Regus kontorshotell nära Nordstan med leg. naprapater, fysioterapeuter och kiropraktorer, del av Limbra-kedjan.",false,,,,,,,,,,,,,,2026-07-02,High - verifierad
limbra-goteborg-vasastan,Limbra Göteborg Vasastan,Limbra Göteborg Vasastan,,,goteborg,Göteborg,Göteborg,Vasastan,Aschebergsgatan 25,411 33,"Aschebergsgatan 25, 411 33 Vasastan",57.696,11.9711,,https://limbra.se/kliniker/goteborg-vasastan/,https://limbra.se/kliniker/goteborg-vasastan/,,naprapat,true,false,false,false,,0,,4.7,23,3,,Tvärvetenskaplig klinik i Limbra-kedjan (f.d. Naprapatlandslaget) med legitimerade naprapater och kiropraktor på plats.,false,,,,,,,,,,,,,,2026-07-02,High - verifierad
lina-roizman-medicinsk-massage-majorna,Lina Roizman – Medicinsk Massage Majorna,Lina Roizman – Medicinsk Massage Majorna,,,goteborg,Göteborg,Göteborg,Majorna,Allmänna vägen 13,414 60,"Allmänna vägen 13, 414 60 Göteborg",,,070-494 91 00,,https://www.bokadirekt.se/places/lina-roizman-48339,,"medicinsk massage,lymfmassage,gravidmassage",false,false,true,false,,1,"Lina Roizman (Dipl. medicinsk massageterapeut, lymfmassör)",5,455,,,,false,,,,,,,,,,,,,,2026-08-07,High - Bokadirekt verified 2026-08-07
linus-och-marie-nilsson-leg-naprapater-ab,Linus & Marie Nilsson Leg. Naprapater AB,"Linus & Marie Nilsson, leg Naprapater AB",556819-0093,Ja,goteborg,Göteborg,Göteborg,Askim,Stora Åvägen 21,436 34,"Stora Åvägen 21, 436 34 Askim",57.6411,11.9576,+46 31 68 59 00,https://www.linusmarienaprapat.se/,,,naprapat,true,false,false,false,,0,,4.5,8,2,,"Enskild klinik i Sisjön/Askim med två legitimerade naprapater, verksamma sedan 1999, över 25 års samlad erfarenhet.",false,,,,,,,,,,,,,,2026-07-02,High - allabolag/bolagsregister verified 2026-08-07
massageterapeuten-goteborg,Massageterapeuten Göteborg,Massageterapeuten Göteborg AB,559405-9627,Ja,goteborg,Göteborg,Göteborg,Majorna,Stigbergsliden 5,414 63,"Stigbergsliden 5, 414 63 Göteborg",,,0793-21 28 84,https://www.massageterapeuten-gbg.se,,,"medicinsk massage,idrottsmassage,klassisk massage",false,false,true,false,,1,Daniel Näsman (Cert. massageterapeut),4.8,920,,,,false,,,,,,,,,,,,,,2026-08-07,High - website + Bokadirekt verified 2026-08-07
masthugget-rehab-notkarnan,Masthugget Rehab (Nötkärnan),Masthugget Rehab (Nötkärnan),,,goteborg,Göteborg,Göteborg,Centrum,Andra Långgatan 46,413 27 Göteborg,"Andra Långgatan 46, 413 27 Göteborg",57.698,11.94,031-381 45 00,https://masthuggetrehab.se/,,,fysioterapeut,false,false,false,true,McKenzie|OMT|Akupunktur|Arbetsterapi,0,,4.8,29,2,750,Privat inom Nötkärnan. Frikort gäller.,false,,,,,,,,,,,,,,2026-08-22,High - verifierad
molndalsnaprapaten,Mölndalsnaprapaten,Mölndalsnaprapaten,,,goteborg,Mölndal,Mölndal,Mölndal centrum,Norra Ågatan 26C,431 35,"Norra Ågatan 26C, 431 35 Mölndal centrum",57.6658,12.0143,+46 79 341 42 07,https://molndalsnaprapaten.se/,,,naprapat|massage,true,false,true,false,,1,Anders Bergh (Leg. Naprapat),4.5,2,2,,"Solomottagning i Mölndal centrum drivs av Anders Bergh, legitimerad naprapat sedan 1998, med fokus på leder och muskler.",false,,,,,,,,,,,,,,2026-07-02,High - verifierad
naprapat-i-vast,Naprapat i Väst,Naprapat i Väst,,,goteborg,Mölnlycke,Härryda,Mölnlycke,Metallvägen 5,435 33,"Metallvägen 5, 435 33 Mölnlycke",57.6702,12.0973,,https://naprapativast.se/,https://naprapativast.se/boka,,naprapat,true,false,false,false,,1,Sandra Cederberg (Leg. Naprapat),5,21,,,"Naprapatklinik i Mölnlycke (Härryda kommun) som drivs av Sandra Cederberg, legitimerad naprapat med bred erfarenhet.",false,,,,,,,,,,,,,,2026-07-02,High - verifierad
naprapat-karin-bromer,Naprapat Karin Bromér,Naprapat Karin Bromér,,,goteborg,Kungsbacka,Kungsbacka,Kungsbacka,Bengtsgårdsgatan 9,434 36,"Bengtsgårdsgatan 9, 434 36 Kungsbacka",57.5015,12.0682,+46 737278450,https://www.naprapatkarinbromer.se/,https://www.naprapatkarinbromer.se/boka-tid-kungsbacka-billdal,,naprapat,true,false,false,false,,0,,5,12,2,,"Legitimerad naprapat i centrala Kungsbacka, del av mottagning som även finns i Nol och Billdal.",false,,,,,,,,,,,,,,2026-07-02,High - verifierad
naprapat-karin-bromer-nol,Naprapat Karin Bromér,Naprapat Karin Bromér,,,goteborg,Ale,Ale,Nol,Industrivägen 4,449 44,"Industrivägen 4, 449 44 Nol",57.9189,12.0671,+46 737278450,https://www.naprapatkarinbromer.se/,https://www.naprapatkarinbromer.se/boka-tid-nol,,naprapat,true,false,false,false,,0,,5,39,2,,"Naprapatmottagning i Nol, Ale kommun, med legitimerad naprapat verksam sedan 2009 i regionen.",false,,,,,,,,,,,,,,2026-07-02,High - verifierad
naprapathalsan-patrik-soderqvist-ab,Naprapathälsan Patrik Söderqvist AB,Naprapathälsan Patrik Söderqvist AB,556581-0594,Ja,goteborg,Lerum,Lerum,Lerum,Frödingsvägen 4,443 31,"Frödingsvägen 4, 443 31 Lerum",57.7709,12.2624,+46 302184600,https://www.ifmkliniken.se/ifm-kliniken-i-goteborg/,https://www.bokadirekt.se/places/ifm-kliniken-goteborg-794,,naprapat,true,false,false,false,,0,,4.5,9,2,,"Naprapatbehandling i Lerum hos legitimerad naprapat med lång erfarenhet av rygg-, nack- och ledbesvär.",false,,,,,,,,,,,,,,2026-07-02,High - allabolag/bolagsregister verified 2026-08-07
naprapatkliniken-vast-ab,Naprapatkliniken Väst AB,Naprapatkliniken Väst AB,556572-9430,Ja,goteborg,Göteborg,Göteborg,Askim,Ekonomivägen 6,436 33,"Ekonomivägen 6, 436 33 Askim",57.6404,11.9469,+46 31 68 35 70,https://www.naprapatklinikenvast.se/,https://www.naprapatklinikenvast.se/boka/,,naprapat|massage,true,false,true,false,,1,Henrik Miltén (Leg. naprapat),4.7,68,,,Tvärprofessionell klinik i Askim sedan 1999 med flera legitimerade naprapater samt fysioterapeut och massageterapeuter.,true,,,,,,,,,,,,,,2026-07-02,High - allabolag/bolagsregister verified 2026-08-07
nic-yoga-kroppsterapi-medicinsk-massage,NIC Yoga & Kroppsterapi – Medicinsk Massage,NIC Yoga & Kroppsterapi – Medicinsk Massage,,,goteborg,Göteborg,Göteborg,Kålltorp,Prästgårdsängen 15,412 71,"Prästgårdsängen 15, 412 71 Göteborg",,,070-889 17 00,https://www.nicyoga.se,https://www.bokadirekt.se/places/nic-yoga-kroppsterapi-fasciabehandlingar-massageterapi-33068,,"medicinsk massage,fasciabehandling,idrottsmassage",false,false,true,false,,1,Ninnie Ingela Cornéer (Dipl. medicinsk massageterapeut),4.9,286,,,,false,,,,,,,,,,,,,,2026-08-07,High - Bokadirekt verified 2026-08-07
omi-massage-gteborg,OMI Massage Göteborg,OMI Massage Göteborg,559537-9677,Ja,goteborg,Göteborg,Göteborg,Lorensberg,Södra Vägen 57,412 54,"Södra Vägen 57, 412 54 Lorensberg",57.6955,11.9822,,https://www.bokadirekt.se/places/omi-massage-g%C3%B6teborg-57640,https://www.bokadirekt.se/places/omi-massage-g%C3%B6teborg-57640,bokadirekt,massage,false,false,true,false,klassisk massage|behandlande massage,0,,0,0,2,750,Topprankad massageklinik (5.0/5) centralt på Södra Vägen med certifierad terapeut.,false,,,,,,,,,,,,,,2026-08-23,High
ortorehab,OrtoRehab,OrtoRehab,556530-1321,Ja,goteborg,Göteborg,Göteborg,Centrum,Doktor Saléns gata 12,413 22 Göteborg,"Doktor Saléns gata 12, 413 22 Göteborg",57.685,11.96,031-41 01 71,http://www.ortorehab.se/,https://www.bokadirekt.se/places/ortorehab-5178,bokadirekt,fysioterapeut,false,false,false,true,OMI|Idrottsmedicin|Skoinlägg|Stötvåg,0,,4.7,91,2,750,Frikort gäller. F-skatt: Ja. Status: Aktiv. Rating 4.7.,false,,,,,,,,,,,,,,2026-08-22,High - verifierad
regina-fysio-ab,Regina Fysio AB,Regina Fysio AB,559470-2259,Ja,goteborg,Göteborg,Göteborg,Centrum,Lilla Kärralundsgatan 15 B,416 56 Göteborg,"Lilla Kärralundsgatan 15 B, 416 56 Göteborg",57.72,12.02,,,,,fysioterapeut,false,false,false,true,Fysioterapi,0,,4.8,73,2,750,F-skatt: Ja. Status: Aktiv.,false,,,,,,,,,,,,,,2026-08-22,High - verifierad
rygg-och-ledkliniken-kungalv,Rygg och Ledkliniken - Kungälv,Rygg och Ledkliniken - Kungälv,,,goteborg,Kungälv,Kungälv,Kungälv,Uddevallavägen 1,442 30,"Uddevallavägen 1, 442 30 Kungälv",57.8717,11.9798,+46 303 233 033,https://www.ryggochled.se/kungalv/,https://www.ryggochled.se/kungalv/,,naprapat,true,false,false,false,,3,"Petra Reis (Leg. naprapat); Anton Holmberg (Leg. naprapat); Marika Hallin Lie (Leg. naprapat)",4.9,64,,,"Naprapatklinik i centrala Kungälv, granne med stadshuset, med legitimerade naprapater sedan starten 2009.",false,,,,,,,,,,,,,,2026-07-02,High - verifierad
rygg-och-ledkliniken-i-goteborg,Rygg och Ledkliniken i Göteborg,Rygg Och Ledkliniken i Väst AB,556642-7893,Ja,goteborg,Göteborg,Göteborg,Lorensberg,Viktor Rydbergsgatan 10,411 32,"Viktor Rydbergsgatan 10, 411 32 Lorensberg",57.6955,11.9773,+46 31 403033,https://www.ryggochled.se/goteborg/,https://www.ryggochled.se/goteborg/,,naprapat,true,false,false,false,,3,"David Tveit (Leg. naprapat); Malin Lindelöf (Leg. naprapat); Marika Hallin Lie (Leg. naprapat)",5,45,,,"Naprapatklinik centralt vid Viktor Rydbergsgatan, bemannad av legitimerade naprapater för privatpersoner och idrottare.",false,,,,,,,,,,,,,,2026-07-02,High - allabolag verified 2026-08-07
rygg-och-ledkliniken-i-kungsbacka,Rygg och Ledkliniken i Kungsbacka,Rygg och Ledkliniken i Kungsbacka,,,goteborg,Kungsbacka,Kungsbacka,Kungsbacka,Kungsparksvägen 61,434 39,"Kungsparksvägen 61, 434 39 Kungsbacka",57.5133,12.0722,+46 300730073,https://www.ryggochled.se/kungsbacka/,,,naprapat,true,false,false,false,,2,"Lars-Ivar Lie (Leg. naprapat); David Tveit (Leg. naprapat)",4.7,50,,,"Naprapatklinik i Kungsbacka sedan 2005, mitt emot Hede Fashion Outlet, drivs av två legitimerade naprapater.",false,,,,,,,,,,,,,,2026-07-02,High - verifierad
ryggakuten-centrum,RyggAkuten Centrum,RyggAkuten Centrum,,,goteborg,Göteborg,Göteborg,Inom Vallgraven,Norra Hamngatan 18,411 06,"Norra Hamngatan 18, 411 06 Inom Vallgraven",57.7074,11.9684,+46 31 152085,https://ryggakuten.com/,https://ryggakuten.com/bokning/,,naprapat,true,true,false,false,,4,"Erika Larsson (Leg. naprapat); Anny Källum Olusamni (Leg. naprapat); Magnus Axelsson (Leg. naprapat); Emil Andersson (Leg. naprapat)",4.8,81,,,"Naprapat- och kiropraktorklinik i Brunnsparken sedan 1992, med legitimerad naprapat Erika Larsson i teamet.",true,,,,,,,,,,,,,,2026-07-02,High - verifierad
ryggakuten-hisingen,RyggAkuten Hisingen,RyggAkuten Hisingen,,,goteborg,Göteborg,Göteborg,Lundby,Hisingsgatan 28,417 03,"Hisingsgatan 28, 417 03 Lundby",57.7191,11.9448,+46 31 234172,https://ryggakuten.com/naprapat-hisingen/,https://ryggakuten.com/bokning/,,naprapat|kiropraktor,true,true,false,false,,2,"Joakim Karlsson (Leg. kiropraktor); Emil A. (Leg. naprapat)",4.7,64,,,Naprapatmottagning på Hisingen med legitimerad naprapat Emil Andersson och kiropraktor Joakim Karlsson.,false,,,,,,,,,,,,,,2026-07-02,High - verifierad
ryggakuten-sisjon,RyggAkuten Sisjön,RyggAkuten Sisjön,,,goteborg,Göteborg,Göteborg,Sisjön,Datavägen 14B,436 32,"Datavägen 14B, 436 32 Sisjön",57.6395,11.957,+46 31 845200,https://ryggakuten.com/naprapat-sisjon/,https://ryggakuten.com/bokning/,,naprapat|kiropraktor,true,true,false,false,,3,"Martin Klcovansky Rossing (Leg. kiropraktor); Martina Gunnarsson (Leg. naprapat); Emil Amberntsson (Leg. naprapat)",4.8,28,,,Naprapatklinik i Sisjön med legitimerade naprapater Martina Gunnarsson och Emil Amberntsson sedan flera år.,false,,,,,,,,,,,,,,2026-07-02,High - verifierad
ryggplus-naprapatklinik,Ryggplus Naprapatklinik,Ryggplus Naprapatklinik,,,goteborg,Göteborg,Göteborg,Långedrag,Långedragsvägen 48,426 71,"Långedragsvägen 48, 426 71 Långedrag",57.6784,11.894,+46 703 10 44 33,https://www.ryggplus.se/,https://www.ryggplus.se/boka-tid/,,naprapat,true,false,false,false,,0,,5,10,,,"Enmansklinik i Västra Frölunda driven av legitimerad naprapat med examen från Naprapathögskolan, verksam sedan 1999.",false,,,,,,,,,,,,,,2026-07-02,High - verifierad
sjukgymnast-goteborg-ab-ulf-aberg,Sjukgymnast Göteborg AB (Ulf Åberg),Sjukgymnast Göteborg AB (Ulf Åberg),556991-1505,Ja,goteborg,Göteborg,Göteborg,Centrum,Marklandsgatan 35,414 77 Göteborg,"Marklandsgatan 35, 414 77 Göteborg",57.68,11.94,031-82 95 00,https://www.sjukgymnastgoteborg.se/,,,fysioterapeut,false,false,false,true,Stötvåg|Basal kroppskännedom|Akupunktur,1,Ulf Åberg (Leg. Fysioterapeut / Sjukgymnast),4.8,75,2,750,Ulf Åberg (leg. sedan 1984). Frikort gäller. F-skatt: Ja. Status: Aktiv.,false,,,,,,,,,,,,,,2026-08-22,High - verifierad
smartcentralen-naprapat-goteborg,Smärtcentralen - Naprapat Göteborg,Smärtcentralen - Naprapat Göteborg,,,goteborg,Göteborg,Göteborg,Eriksberg,Sjöporten 4,417 64,"Sjöporten 4, 417 64 Eriksberg",57.7015,11.9151,+46 73 528 61 08,https://smartcentralen.se,https://www.bokadirekt.se/places/eriksbergs-halsoklinik-12294,,naprapat,true,false,false,false,,0,,5,37,2,,"Naprapatklinik på Hisingen/Eriksberg, delar lokal med Eriksbergs Hälsoklinik; legitimerad naprapat Magnus Axelsson.",false,,,,,,,,,,,,,,2026-07-02,High - verifierad
sportrehab-rpt-sportrehab-ab,Sportrehab (RPT Sportrehab AB),Sportrehab (RPT Sportrehab AB),556263-3015,Ja,goteborg,Göteborg,Göteborg,Centrum,Stampgatan 14,411 01 Göteborg,"Stampgatan 14, 411 01 Göteborg",57.708,11.975,031-15 15 36,https://sportrehab.se/,,,fysioterapeut,false,false,false,true,Idrottsmedicin|Handterapi|Rehab,0,,4.8,85,2,750,Flera mottagningar. Frikort gäller. F-skatt: Ja. Status: Aktiv.,false,,,,,,,,,,,,,,2026-08-22,High - verifierad
sportsmed-rehab,SportsMed Rehab,SportsMed Rehab,556750-8071,Ja,goteborg,Göteborg,Göteborg,Centrum,Carlandersplatsen 1,412 55 Göteborg,"Carlandersplatsen 1, 412 55 Göteborg",57.69,11.98,031-81 81 66,https://sportsmed.se/,,,fysioterapeut,false,false,false,true,Idrottsmedicin|Ortopedisk rehab|McKenzie|OMI,0,,4.8,29,2,750,Privat specialistklinik + rehab. F-skatt: Ja. Status: Aktiv.,false,,,,,,,,,,,,,,2026-08-22,High - verifierad
suphan-medicinsk-massage,Suphan Medicinsk Massage,Suphan Medicinsk Massage,,,goteborg,Göteborg,Göteborg,Vasastan,Aschebergsgatan 21,411 27,"Aschebergsgatan 21, 411 27 Göteborg",,,,,https://www.bokadirekt.se/places/suphan-medicinsk-massage-20140,,"medicinsk massage,idrottsmassage",false,false,true,false,,1,Suphan (Medicinsk massageterapeut),4.8,753,,,,false,,,,,,,,,,,,,,2026-08-07,High - Bokadirekt verified 2026-08-07
team-halsa-i-goteborg-ab,TEAM Hälsa i Göteborg AB,TEAM Hälsa i Göteborg AB,556269-8083,Ja,goteborg,Mölndal,Mölndal,Mölndal,Göteborgsvägen 97,431 37 Mölndal,"Göteborgsvägen 97, 431 37 Mölndal",57.66,12,031-723 28 00,https://www.team-halsa.se/,,,fysioterapeut,false,false,false,true,Fysioterapi|Manuell terapi|OMI|Företagshälsovård,0,,4.8,58,2,750,Privat + företagshälsovård. F-skatt: Ja. Status: Aktiv.,false,,,,,,,,,,,,,,2026-08-22,High - verifierad
team-halso-och-friskvard-i-goteborg-ab,TEAM hälso & friskvård i Göteborg AB,Team Hälsa i Göteborg AB,556269-8083,Ja,goteborg,Mölndal,Mölndal,Mölndal,Göteborgsvägen 97,431 37,"Göteborgsvägen 97, 431 37 Mölndal",57.6708,12.0101,+46 31 723 28 00,https://team-halsa.se/,,,naprapat|massage,true,false,true,false,,0,,4.3,123,2,,Etablerad tränings- och hälsoklinik i Mölndal sedan 1988 med legitimerade naprapater i det manuella teamet.,false,,,,,,,,,,,,,,2026-07-02,High - allabolag verified 2026-08-07
torslanda-rehabcenter-ab,Torslanda RehabCenter AB,Torslanda RehabCenter AB,559059-6358,Ja,goteborg,Torslanda,Göteborg,Torslanda,Postflyget 4,423 37 Torslanda,"Postflyget 4, 423 37 Torslanda",57.72,11.77,031-788 67 77,,,,fysioterapeut,false,false,false,true,Fysioterapi|Rehab,0,,4.8,30,2,750,F-skatt: Ja. Status: Aktiv.,false,,,,,,,,,,,,,,2026-08-22,High - verifierad
touched-by-ebba-postural,Touched By Ebba & Postural,Touched By Ebba & Postural,,,goteborg,Göteborg,Göteborg,Munkebäck,Lilla Munkebäcksgatan 5,416 72,"Lilla Munkebäcksgatan 5, 416 72 Göteborg",,,073-554 73 00,https://www.touchedbyebba.com,https://www.bokadirekt.se/places/touched-by-ebba-postural-34720,,"medicinsk massage,lymfmassage,bindvävsmassage",false,false,true,false,,1,Ebba Tuominen (Cert. medicinsk massageterapeut),4.9,107,,,,false,,,,,,,,,,,,,,2026-08-07,High - Bokadirekt verified 2026-08-07
ullevikliniken,UlleviKliniken,UlleviKliniken,,,goteborg,Göteborg,Göteborg,Ullevi,Eva Rodhes Gata 8,411 11,"Eva Rodhes Gata 8, 411 11 Ullevi",57.7083,11.9795,,https://ullevikliniken.se/naprapat/,https://ullevikliniken.se/naprapat/,,naprapat|massage,true,false,true,false,,3,"Jenny Nilsson (Medicinsk massageterapeut); Björn Oom (Osteopat); Kajsa Jebsen",4.8,58,,,"Naprapatmottagning nära Centralstationen och Ullevi med legitimerad naprapat Sylvia Lorentsson, verksam på plats sedan 2003.",false,,,,,,,,,,,,,,2026-07-02,High - verifierad
wedberg-sjukgymnastik-rehab-ab,Wedberg Sjukgymnastik & Rehab AB,Wedberg Sjukgymnastik & Rehab AB,556830-0791,Ja,goteborg,Göteborg,Göteborg,Centrum,Karin Boyes Gata 7,411 11 Göteborg,"Karin Boyes Gata 7, 411 11 Göteborg",57.7,11.96,070-750 25 44,,,,fysioterapeut,false,false,false,true,Fysioterapi|Rehab,0,,4.8,66,2,750,F-skatt: Ja. Status: Aktiv.,false,,,,,,,,,,,,,,2026-08-22,High - verifierad
westergren-fysio-ab,Westergren Fysio AB,Westergren Fysio AB,559341-4088,Ja,goteborg,Göteborg,Göteborg,Centrum,Fjällbo Ängsväg 11,415 74 Göteborg,"Fjällbo Ängsväg 11, 415 74 Göteborg",57.74,12.05,,,,,fysioterapeut,false,false,false,true,Fysioterapi,0,,4.8,38,2,750,F-skatt: Ja. Status: Aktiv.,false,,,,,,,,,,,,,,2026-08-22,High - verifierad
af-ekenstam-massage-och-hlsa,af Ekenstam Massage och Hälsa,af Ekenstam Massage och Hälsa,,,helsingborg,Helsingborg,Helsingborg,Helsingborg,Ängelholmsvägen 27,254 53,"Ängelholmsvägen 27, 254 53 Helsingborg",56.05,12.71,,,https://www.bokadirekt.se/places/af-ekenstam-massage-och-halsa-132814,bokadirekt,massage,false,false,true,false,medicinsk massage|behandlande massage,0,,0,0,2,750,Daniel – massageterapeut med över 35 års erfarenhet. Specialiserad på behandlande och medicinsk massageterapi. Belägen i anslutning till FNF Functional Fitness. Ansluten till ePassi och Benify. Rating 4.9.,false,,,,,,,,,,,,,,2026-08-24,High
aktiv-kiropraktik,Aktiv Kiropraktik,Aktiv Kiropraktik,556531-0637,Ja,helsingborg,Helsingborg,Helsingborg,Helsingborg,Kungshultsvägen 75,254 50,"Kungshultsvägen 75, 254 50 Helsingborg",56.06,12.72,070-515 48 28,,,,kiropraktor,false,true,false,false,kiropraktik,0,,0,0,2,750,"Kai Zetterström – leg. kiropraktor (D.C.). Behandlar nackvärk, ländryggssmärtor, whiplash, huvudvärk, ischias och ledbesvär. Finns även i Åstorp. F-skatt: Ja.",false,,,,,,,,,,,,,,2026-08-24,High
anahatta-soul-spa,ANAHATTA SOUL SPA,ANAHATTA SOUL SPA,,,helsingborg,Helsingborg,Helsingborg,Helsingborg,Södra Strandgatan 7,252 21,"Södra Strandgatan 7, 252 21 Helsingborg",56.046,12.695,,,,,massage,false,false,true,false,massage|spa|infraröd bastu,0,,0,0,2,750,Spa- och massagemottagning med infraröd bastu. Mycket högt betyg (5.0 från 700+ recensioner). Tar emot friskvård.,false,,,,,,,,,,,,,,2026-08-24,High
backe-kiropraktik-ab,Backe Kiropraktik AB,Backe Kiropraktik AB,,,helsingborg,Helsingborg,Helsingborg,Helsingborg,Drottninggatan 62,252 21,"Drottninggatan 62, 252 21 Helsingborg",56.046,12.695,,,https://www.bokadirekt.se/places/backe-kiropraktik,bokadirekt,kiropraktor,false,true,false,false,kiropraktik,0,,0,0,2,750,Populär kiropraktorklinik centralt i Helsingborg med mycket högt betyg (4.9 från över 3100 recensioner). Erbjuder effektiv smärtlindring vid rygg- och nackbesvär.,false,,,,,,,,,,,,,,2026-08-24,High
balans-and-harmoni,Balans & Harmoni,Balans & Harmoni,,,helsingborg,Helsingborg,Helsingborg,Helsingborg,Ängelholmsvägen 27,254 53,"Ängelholmsvägen 27, 254 53 Helsingborg",56.05,12.71,073-531 00 XX,,https://www.bokadirekt.se/places/balans-harmoni-33010,bokadirekt,kiropraktor|massage,false,true,true,false,kiropraktik|massage|kinesiologi,0,,0,0,2,750,"Michael Genberg m.fl. Erbjuder applied/manuell kinesiologi, kiropraktik och idrottsmassage. Belägen i anslutning till FNF. Rating 4.9.",false,,,,,,,,,,,,,,2026-08-24,High
be-bees-mind-thai-spa,BE BEE'S MIND THAI SPA,BE BEE'S MIND THAI SPA,,,helsingborg,Helsingborg,Helsingborg,Helsingborg,Hövitsmansgatan 6B,252 22,"Hövitsmansgatan 6B, 252 22 Helsingborg",56.047,12.7,,,,,massage,false,false,true,false,thaimassage|spa,0,,0,0,2,750,"Populär thaimassage- och spa-klinik. Högt betyg (4.8 från 1100+ recensioner). Tar emot Epassi, Edenred och friskvård.",false,,,,,,,,,,,,,,2026-08-24,High
caroline-engstrand-leg-naprapat,Caroline Engstrand - Leg. Naprapat,Caroline Engstrand - Leg. Naprapat,,,helsingborg,Helsingborg,Helsingborg,Helsingborg,Landskronavägen 7A,252 32,"Landskronavägen 7A, 252 32 Helsingborg",56.04,12.72,073-832 96 66,,https://www.bokadirekt.se/places/leg-naprapat-caroline-engstrand-36836,bokadirekt,naprapat,true,false,false,false,naprapati,0,,0,0,2,750,Leg. naprapat Caroline Engstrand. Behandlar smärta och stelhet i muskler och leder. Enskild firma.,false,,,,,,,,,,,,,,2026-08-24,High
clinicus-kiropraktorklinik,Clinicus Kiropraktorklinik,Clinicus Kiropraktorklinik,,,helsingborg,Helsingborg,Helsingborg,Helsingborg,Kapplöpningsgatan 14,252 30,"Kapplöpningsgatan 14, 252 30 Helsingborg",56.05,12.7,042-50 70 3,https://clinicus.nu,,,kiropraktor|fysioterapi|naprapat,true,true,false,true,kiropraktik|fysioterapi|naprapati|sportkiropraktik,0,,0,0,2,750,"Elin Vesterskov – leg. kiropraktor med internationell utbildning och lång erfarenhet som sportkiropraktor (Rögle, tennis, triathlon m.m.). Kliniken erbjuder även fysioterapi och naprapati. Helgöppet och flexibla tider.",false,,,,,,,,,,,,,,2026-08-24,High
curo-rehab,Curo Rehab,Curo Rehab,,,helsingborg,Helsingborg,Helsingborg,Helsingborg,"Simhallsbadet, Gustav Adolfs torg",252 25,"Simhallsbadet, Gustav Adolfs torg, 252 25 Helsingborg",56.046,12.7,,https://curorehab.se/,,,fysioterapi,false,false,false,true,fysioterapi|mckenzie|omt|idrottsmedicin,0,,0,0,1,200,"Leg. fysioterapeuter med specialkompetens inom nack- och ryggproblem. Vidareutbildning i McKenziemetoden, akupunktur, OMT och idrottsmedicin. Belägen på Simhallsbadet med bra samarbete med Actic. Du kan komma direkt utan remiss.",false,,,,,,,,,,,,,,2026-08-24,High
din-naprapat-helsingborg-ab,Din Naprapat Helsingborg AB,Din Naprapat Helsingborg AB,559265-2688,Ja,helsingborg,Helsingborg,Helsingborg,Helsingborg,Ängelholmsvägen 27 (c/o FNF Functional Fitness),254 53,"Ängelholmsvägen 27 (c/o FNF Functional Fitness), 254 53 Helsingborg",56.0608,12.7064,072-375 65 68,https://www.dinnaprapat.nu,,,naprapat,true,false,false,false,naprapati,0,,0,0,2,750,"Malin Johansson och David Wahlgren – leg. naprapater. Fokus på besvär i rygg, nacke, muskler och leder. Mottagning i anslutning till FNF Functional Fitness. F-skatt: Ja.",false,,,,,,,,,,,,,,2026-08-24,High
edelman-kiropraktik,Edelman Kiropraktik,Edelman Kiropraktik,,,helsingborg,Helsingborg,Helsingborg,Helsingborg,Stortorget 11,252 20,"Stortorget 11, 252 20 Helsingborg",56.0465,12.694,070-130 20 XX,https://www.edelman.nu,https://www.bokadirekt.se/places/edelman-kiropraktik-134204,bokadirekt,kiropraktor,false,true,false,false,kiropraktik,0,,0,0,2,750,"Carl Edelman – leg. kiropraktor med 30 års erfarenhet och examen från Anglo-European College of Chiropractic. Nyrenoverade lokaler ovanför Fahlmans Konditori. Behandlar rygg-, nacksmärta, huvudvärk, migrän, ischias och belastningsbesvär. EMG-undersökning ingår.",false,,,,,,,,,,,,,,2026-08-24,High
emma-sthl-leg-naprapat,Emma Ståhl - Leg. Naprapat,Emma Ståhl - Leg. Naprapat,,,helsingborg,Helsingborg,Helsingborg,Helsingborg,"Långgatan 34, Råå",252 70,"Långgatan 34, Råå, 252 70 Helsingborg",56,12.75,,,,,naprapat,true,false,false,false,naprapati,0,,0,0,2,750,Leg. naprapat i Råå (Helsingborg). Högt betyg (4.9 från 450+ recensioner). Behandlar smärta och stelhet i muskler och leder.,false,,,,,,,,,,,,,,2026-08-24,High
fysiokliniken-city-helen-strandqvist,Fysiokliniken City Helen Strandqvist,Fysiokliniken City Helen Strandqvist,,,helsingborg,Helsingborg,Helsingborg,Helsingborg,Södra Storgatan 23,252 23,"Södra Storgatan 23, 252 23 Helsingborg",56.046,12.695,042-450 85 50,http://www.fysioklinikencity.se,,,fysioterapi,false,false,false,true,fysioterapi|artrosskola|akupunktur|stötvåg,0,,0,0,1,200,"Sex erfarna leg. fysioterapeuter. Specialkompetens inom rygg, nacke, leder och idrottsskador. Erbjuder artrosskola, akupunktur och stötvågsbehandling. Regionsavtal – frikort gäller.",false,,,,,,,,,,,,,,2026-08-24,High
helsingborgs-fysio-ab,Helsingborgs Fysio AB,Helsingborgs Fysio AB,556631-3465,Ja,helsingborg,Helsingborg,Helsingborg,Helsingborg,Bergaliden 11,252 23,"Bergaliden 11, 252 23 Helsingborg",56.048,12.705,042-21 05 XX,,,,fysioterapi,false,false,false,true,fysioterapi,0,,0,0,2,750,Etablerad fysioterapiklinik. Leg. fysioterapeuter som arbetar med rehabilitering och behandling av muskel- och ledbesvär. F-skatt: Ja.,false,,,,,,,,,,,,,,2026-08-24,High
kroppsteamet-i-helsingborg,KroppsTeamet i Helsingborg,KroppsTeamet i Helsingborg,,,helsingborg,Helsingborg,Helsingborg,Helsingborg,Magnoliagatan 3,256 68,"Magnoliagatan 3, 256 68 Helsingborg",56.03,12.72,042-18 25 XX,https://www.kroppsteamet.com,https://www.bokadirekt.se/places/kroppsteamet-i-helsingborg-377,bokadirekt,massage,false,false,true,false,massage|bowen|spa,0,,0,0,2,750,"Mona Santesson m.fl. Mycket populär klinik med högt betyg (4.9 från 1400+ recensioner). Erbjuder massage, bowenbehandling och SPA-behandlingar.",false,,,,,,,,,,,,,,2026-08-24,High
kvinnorehab-kliniken-frida-roos,Kvinnorehab Kliniken Frida Roos,Kvinnorehab Kliniken Frida Roos,,,helsingborg,Helsingborg,Helsingborg,Helsingborg,Drottninggatan 13,252 21,"Drottninggatan 13, 252 21 Helsingborg",56.0465,12.695,042-500 37,http://www.kvinnorehabkliniken.se,,,fysioterapi,false,false,false,true,fysioterapi|kvinnors hälsa|bäckenbotten,0,,0,0,1,200,"Specialiserad klinik för kvinnors hälsa. Fysioterapeuter som hjälper med bäckenbottenbesvär, graviditetsrelaterad smärta, efterförlossningsrehab och muskuloskeletala besvär kopplade till gynekologi/urologi. Regionsavtal.",false,,,,,,,,,,,,,,2026-08-24,High
limbra-helsingborg,Limbra Helsingborg,Limbra Helsingborg,556999-3271,Ja,helsingborg,Helsingborg,Helsingborg,Helsingborg,Garnisonsgatan 23,254 66,"Garnisonsgatan 23, 254 66 Helsingborg",56.0465,12.6945,010-768 10 30,https://limbra.se/kliniker/helsingborg/,,,kiropraktor|naprapat,true,true,false,false,kiropraktik|naprapati,0,,0,0,2,750,"Limbra (tidigare Eureka/Naprapatlandslaget) i Helsingborg. Erfarna kiropraktorer och naprapater som hjälper dig med smärta, stelhet och besvär från muskler, leder och rygg. Individanpassad behandling för både vuxna och barn. Centralt läge.",false,,,,,,,,,,,,,,2026-08-24,High
massage-guldkant,Massage Guldkant,Massage Guldkant,,,helsingborg,Helsingborg,Helsingborg,Helsingborg,Bergaliden 11,252 23,"Bergaliden 11, 252 23 Helsingborg",56.048,12.705,,,https://www.bokadirekt.se/places/massage-guldkant-foretagsmassage-58349,bokadirekt,massage,false,false,true,false,massage|företagsmassage,1,Sara Lindbeck (Massör),0,0,2,750,Sara Lindbeck – massör med fokus på att hitta grundorsaken till besvären. Mycket högt betyg (4.9 från 600+ recensioner). Erbjuder både privat- och företagsmassage.,false,,,,,,,,,,,,,,2026-08-24,High
munkhammar-medicinsk-massage,Munkhammar Medicinsk Massage,Munkhammar Medicinsk Massage,,,helsingborg,Helsingborg,Helsingborg,Helsingborg,Föreningsgatan 25A,254 38,"Föreningsgatan 25A, 254 38 Helsingborg",56.05,12.71,070-202 57 XX,,https://www.bokadirekt.se/places/munkhammar-medicinsk-massage-53212,bokadirekt,massage,false,false,true,false,medicinsk massage,1,Johan Munkhammar (Cert. Medicinsk Massageterapeut),0,0,2,750,Johan Munkhammar – certifierad medicinsk massageterapeut (Bergqvists 2022). Fokus på att behandla och förebygga besvär. Ansluten till Epassi och Benify. Rating 4.9.,false,,,,,,,,,,,,,,2026-08-24,High
myofysio-helsingborg,myoFysio Helsingborg,myoFysio Helsingborg,559048-9604,Ja,helsingborg,Helsingborg,Helsingborg,Helsingborg,Landskronavägen 23,252 32,"Landskronavägen 23, 252 32 Helsingborg",56.04,12.72,070-015 31 08,http://www.myofysio.se,,,fysioterapi,false,false,false,true,fysioterapi|rehab|parkinson,0,,0,0,2,750,"Sara Andersson m.fl. Fysioterapi och rehabilitering vid skador, långvarig smärta, yrsel och balansproblem. Erbjuder även grupprehabilitering för patienter med Parkinsons sjukdom.",false,,,,,,,,,,,,,,2026-08-24,High
naprapathlsan-helsingborg-ab,Naprapathälsan Helsingborg AB,Naprapathälsan Helsingborg AB,556758-8255,Ja,helsingborg,Helsingborg,Helsingborg,Helsingborg,Tågagatan 7,252 22,"Tågagatan 7, 252 22 Helsingborg",56.046,12.7,042-13 50 50,,,,naprapat|massage,true,false,true,false,naprapati|massage,0,,0,0,2,750,Central klinik med leg. naprapater och certifierade massörer. Erbjuder både klinikbehandling och företagsbesök. F-skatt: Ja. Aktivt bolag med 4 anställda.,false,,,,,,,,,,,,,,2026-08-24,High
nordic-refit-helsingborg,Nordic Refit Helsingborg,Nordic Refit Helsingborg,559138-6619,Ja,helsingborg,Helsingborg,Helsingborg,Helsingborg,Södra Tvärgången 3 (Studio Aktiverum),254 52,"Södra Tvärgången 3 (Studio Aktiverum), 254 52 Helsingborg",56.05,12.71,042-32 80 60,https://nordicrefit.se/,,,naprapat,true,false,false,false,naprapati|stötvåg|laser,0,,0,0,2,750,Naprapaterna Robin Ekwurtzel och Markus Nilsson. Kliniken kombinerar behandling med träning för långsiktigt resultat. Tidigare Helsingborgs Ryggklinik (sedan 1984). Högt betyg (4.8). F-skatt: Ja.,false,,,,,,,,,,,,,,2026-08-24,High
olympia-hlsoklinik,Olympia Hälsoklinik,Olympia Hälsoklinik,,,helsingborg,Helsingborg,Helsingborg,Helsingborg,Hövitsmansgatan 15,252 22,"Hövitsmansgatan 15, 252 22 Helsingborg",56.047,12.7,,,,,kiropraktor,false,true,false,false,kiropraktik,0,,0,0,2,750,Legitimerad kiropraktor Maria Jacobsson. Högt betyg (4.9 från 2600+ recensioner). Fokus på helhetsbehandling av muskler och leder.,false,,,,,,,,,,,,,,2026-08-24,High
orchid-terapi-thai-massage,ORCHID TERAPI THAI MASSAGE,ORCHID TERAPI THAI MASSAGE,,,helsingborg,Helsingborg,Helsingborg,Helsingborg,Karl X Gustavs gata 30,254 30,"Karl X Gustavs gata 30, 254 30 Helsingborg",56.046,12.7,072-022 34 XX,,https://www.bokadirekt.se/places/orchid-terapi-thai-massage-50061,bokadirekt,massage,false,false,true,false,thaimassage,0,,0,0,2,750,Professionell thaimassage. Generösa öppettider (även kvällar). Tar emot ePassi. Rating 4.7.,false,,,,,,,,,,,,,,2026-08-24,High
resundskliniken,Öresundskliniken,Öresundskliniken,,,helsingborg,Helsingborg,Helsingborg,Helsingborg,Karl X Gustavs gata 67A,254 40,"Karl X Gustavs gata 67A, 254 40 Helsingborg",56.05,12.7,042-80 25 0,https://www.oresundskliniken.se/,https://www.bokadirekt.se/places/oresundskliniken-45125,bokadirekt,kiropraktor|massage,false,true,true,false,kiropraktik|stötvåg|medicinsk massage,0,,0,0,2,750,"Andreas Knutsson – leg. kiropraktor. Kliniken erbjuder kiropraktik, stötvågsbehandling och medicinsk massage. Belägen på Tågaborg. Högt betyg (4.7 från 1500+ recensioner).",false,,,,,,,,,,,,,,2026-08-24,High
parichat-massage-and-beauty,Parichat Massage & Beauty,Parichat Massage & Beauty,,,helsingborg,Helsingborg,Helsingborg,Helsingborg,Fågelsångsgatan 29,252 20,"Fågelsångsgatan 29, 252 20 Helsingborg",56.0465,12.694,,,https://www.bokadirekt.se/places/parichat-massage-beauty-i-helsingborg-edenred-epassi-benifex-friskvard-58266,bokadirekt,massage,false,false,true,false,thaimassage|oljemassage|hot stone,0,,0,0,2,750,"Erfarna terapeuter som erbjuder thaimassage, djupgående massage och hot stone. Tar emot Epassi, Benify och Edenred. Rating 4.9 från 580+ recensioner.",false,,,,,,,,,,,,,,2026-08-24,High
physiocare,PhysioCare,PhysioCare,,,helsingborg,Helsingborg,Helsingborg,Helsingborg,Hortensiagatan 8 (Nordic Wellness),256 68,"Hortensiagatan 8 (Nordic Wellness), 256 68 Helsingborg",56.03,12.72,072-403 66 34,https://physiocare.se/,,,fysioterapi,false,false,false,true,fysioterapi,0,,0,0,1,200,Individanpassad fysioterapi med fokus på att behandla orsaken och förebygga återkommande besvär. Regionsavtal – frikort och högkostnadsskydd gäller. Belägen inne på Nordic Wellness.,false,,,,,,,,,,,,,,2026-08-24,High
ryggwerket-wstfelt,Ryggwerket Wästfelt,Ryggwerket Wästfelt,,,helsingborg,Helsingborg,Helsingborg,Helsingborg,S:t Peders gata 15,252 26,"S:t Peders gata 15, 252 26 Helsingborg",56.046,12.7,,,,,naprapat|massage,true,false,true,false,naprapati|massage,0,,0,0,2,750,Klinik med fokus på problem i hela kroppen. Högt betyg (4.9). Erbjuder naprapati och massageterapi.,false,,,,,,,,,,,,,,2026-08-24,High
ryggwerks-ryggakuten-helsingborg-nilohr,RyggWerks (RyggAkuten Helsingborg - Nilohr),RyggWerks (RyggAkuten Helsingborg - Nilohr),556615-1378,Ja,helsingborg,Helsingborg,Helsingborg,Helsingborg,Berga Allé 1,254 52,"Berga Allé 1, 254 52 Helsingborg",56.055,12.72,042-16 40 20,https://ryggakutenhbg.se/,,,naprapat,true,false,false,false,naprapati,0,,0,0,2,750,Etablerad naprapatklinik med flera leg. naprapater. Fokus på rygg- och ledbesvär genom en kombination av manuell behandling och träning. Aktivt bolag med F-skatt.,false,,,,,,,,,,,,,,2026-08-24,High
sund-balans,Sund Balans,Sund Balans,,,helsingborg,Helsingborg,Helsingborg,Helsingborg,Carl Öhrns gata 2I,254 43,"Carl Öhrns gata 2I, 254 43 Helsingborg",56.05,12.71,070-594 01 12,,https://www.bokadirekt.se/places/sund-balans-14946,bokadirekt,massage,false,false,true,false,bindvävsmassage|lymfdränage|tuina,0,,0,0,2,750,"Manuela Ripa Ulm – specialiserad på fasciabehandling, manuell lymfdränage, TuiNa och Reiki. Individanpassade behandlingar för läkning och balans. Rating 4.9.",false,,,,,,,,,,,,,,2026-08-24,High
thaimassage-helsingborg,Thaimassage Helsingborg,Thaimassage Helsingborg,,,helsingborg,Helsingborg,Helsingborg,Helsingborg,Drottninggatan 75,254 33,"Drottninggatan 75, 254 33 Helsingborg",56.046,12.7,,,https://www.bokadirekt.se/places/thaimassage-helsingborg-15131,bokadirekt,massage,false,false,true,false,thaimassage|oljemassage|hot stone,0,,0,0,2,750,"Traditionell thaimassage och oljemassage. Högt betyg (4.7 från 670+ recensioner). Erbjuder även gravidmassage, hot stone och sportmassage.",false,,,,,,,,,,,,,,2026-08-24,High
agilokliniken-jnkping,Agilokliniken Jönköping,Agilokliniken Jönköping,,,jonkoping,Jönköping,Jönköping,Jönköping,Västra Storgatan 19B,553 16,"Västra Storgatan 19B, 553 16 Jönköping",57.7825,14.165,,https://agilokliniken.se/kliniker/jonkoping/,,,naprapat|fysioterapi,true,false,false,true,naprapati|fysioterapi|stötvåg,0,,0,0,2,750,"Centralt belägen klinik mittemot Resecenter (i Osteostrongs lokaler). Leg. naprapater och fysioterapeut. Specialkompetens inom stötvågsbehandling, laser och axel-/knäsmärta.",false,,,,,,,,,,,,,,2026-08-24,High
balansen-fysio,Balansen Fysio,Balansen Fysio,,,jonkoping,Jönköping,Jönköping,Jönköping,Östra Storgatan 34,553 21,"Östra Storgatan 34, 553 21 Jönköping",57.782,14.17,070-890 49 99,https://www.balansenfysio.se,,,fysioterapi,false,false,false,true,fysioterapi,0,,0,0,1,200,Ulrika Hallåker – leg. fysioterapeut. Privat vårdgivare med regionsavtal.,false,,,,,,,,,,,,,,2026-08-24,High
frostemark-rehab-and-idrottsmedicin,Frostemark Rehab & Idrottsmedicin,Frostemark Rehab & Idrottsmedicin,,,jonkoping,Jönköping,Jönköping,Jönköping,Huskvarnavägen 58,554 54,"Huskvarnavägen 58, 554 54 Jönköping",57.79,14.2,0709-22 87 66,https://www.speedcenter.se,,,fysioterapi,false,false,false,true,fysioterapi|idrottsmedicin,0,,0,0,1,200,Andreas Frostemark – leg. fysioterapeut med inriktning idrottsmedicin. Belägen vid Speedcenter.,false,,,,,,,,,,,,,,2026-08-24,High
hlsoresursen,Hälsoresursen,Hälsoresursen,,,jonkoping,Jönköping,Jönköping,Jönköping,Narvavägen 31,554 48,"Narvavägen 31, 554 48 Jönköping",57.785,14.18,073-708 22 XX,,https://www.bokadirekt.se/places/halsoresursen-24181,bokadirekt,massage,false,false,true,false,klassisk massage|lymfmassage|andningsterapi,0,,0,0,2,750,Emma Fråhn – certifierad massör (Branschrådet Svensk Massage) och auktoriserad andningsterapeut (Lotorpsmetoden). Rating 4.9 från 500+ recensioner.,false,,,,,,,,,,,,,,2026-08-24,High
harmoni-massage-and-hlsa,Harmoni-massage & hälsa,Harmoni-massage & hälsa,,,jonkoping,Jönköping,Jönköping,Jönköping,Huskvarnavägen 40,554 54,"Huskvarnavägen 40, 554 54 Jönköping",57.79,14.2,073-643 10 XX,,https://www.bokadirekt.se/places/harmoni-massagehalsa-44062,bokadirekt,massage,false,false,true,false,massage|naturterapi,0,,0,0,2,750,Anna Hagelin Gustavsson – massageterapeut och naturterapeut. Rating 4.9 från 500+ recensioner.,false,,,,,,,,,,,,,,2026-08-24,High
harmony-wellness-massage-and-kroppsbalans,Harmony Wellness - Massage & Kroppsbalans,Harmony Wellness - Massage & Kroppsbalans,,,jonkoping,Jönköping,Jönköping,Jönköping,Västra Storgatan 7,553 15,"Västra Storgatan 7, 553 15 Jönköping",57.782,14.165,,,https://www.bokadirekt.se/places/harmony-wellness-massage-kroppsbalans-45252,bokadirekt,massage,false,false,true,false,massage,0,,0,0,2,750,"Gloria Enriquez – professionell massage med fokus på stelhet, smärta och rörlighet. Rating 4.8.",false,,,,,,,,,,,,,,2026-08-24,High
healing-bodywork-massage-jnkping,Healing Bodywork Massage Jönköping,Healing Bodywork Massage Jönköping,,,jonkoping,Jönköping,Jönköping,Jönköping,Klostergatan 6b,553 17,"Klostergatan 6b, 553 17 Jönköping",57.782,14.165,073-379 60 XX,,https://www.bokadirekt.se/places/healing-bodywork-massage-jonkoping-134163,bokadirekt,massage,false,false,true,false,massage,0,,0,0,2,750,"Theary – massageterapeut med över 10 års erfarenhet, även spa-bakgrund. Generösa öppettider. Rating 4.9.",false,,,,,,,,,,,,,,2026-08-24,High
hela-du,Hela Du,Hela Du,,,jonkoping,Jönköping,Jönköping,Jönköping,Granatgatan 3,554 53,"Granatgatan 3, 554 53 Jönköping",57.79,14.19,073-618 82 XX,,https://www.bokadirekt.se/places/hela-du-51104,bokadirekt,massage,false,false,true,false,massage|kinesiologi|koppning,0,,0,0,2,750,Camilla – kinesiolog och massageterapeut. Rating 4.9.,false,,,,,,,,,,,,,,2026-08-24,High
kiropraktik-re-ab-jnkping,Kiropraktik Åre AB (Jönköping),Kiropraktik Åre AB (Jönköping),559012-7634,Ja,jonkoping,Jönköping,Jönköping,Jönköping,Batterigatan 11 (c/o Art Clinic),553 05,"Batterigatan 11 (c/o Art Clinic), 553 05 Jönköping",57.78,14.16,036-12 60 60,https://www.kiropraktikare.se,,,kiropraktor,false,true,false,false,kiropraktik,0,,0,0,2,750,Kiropraktorklinik med leg. kiropraktorer (bl.a. Anna Thulin). Aktivt bolag med F-skatt. Belägen vid Art Clinic.,false,,,,,,,,,,,,,,2026-08-24,High
kiropraktorerna-i-jnkping-ab,Kiropraktorerna i Jönköping AB,Kiropraktorerna i Jönköping AB,556626-6085,Ja,jonkoping,Jönköping,Jönköping,Jönköping,Östra Storgatan 8,553 21,"Östra Storgatan 8, 553 21 Jönköping",57.782,14.17,036-16 59 90,,,,kiropraktor,false,true,false,false,kiropraktik,0,,0,0,2,750,Etablerad kiropraktorklinik seit 1979. Leg. kiropraktorer Thomas Wren och Steen Feldinger med internationell 5-årig utbildning. Centralt läge. F-skatt: Ja.,false,,,,,,,,,,,,,,2026-08-24,High
kroppsterapi-i-centrum,Kroppsterapi i centrum,Kroppsterapi i centrum,,,jonkoping,Jönköping,Jönköping,Jönköping,Myntgatan 13,553 32,"Myntgatan 13, 553 32 Jönköping",57.78,14.16,,https://www.kroppsterapiicentrum.se,https://www.bokadirekt.se/places/kroppsterapi-i-centrum-38975,bokadirekt,massage,false,false,true,false,massage|osteopati|lymfmassage|kraniosakral,0,,0,0,2,750,"Flera egenföretagande terapeuter under samma tak (osteopati, massage, lymf, gravidmassage m.m.). Mycket högt betyg (4.9 från 1400+ recensioner).",false,,,,,,,,,,,,,,2026-08-24,High
limbra-naprapatlandslaget-jnkping,Limbra / Naprapatlandslaget Jönköping,Limbra / Naprapatlandslaget Jönköping,556999-3271,Ja,jonkoping,Jönköping,Jönköping,Jönköping,Bygatan 10,553 40,"Bygatan 10, 553 40 Jönköping",57.782,14.161,010-768 10 30,https://www.naprapatlandslaget.se/klinik/jonkoping/,,,naprapat|fysioterapi,true,false,false,true,naprapati|fysioterapi,0,,0,0,2,750,"Limbra (Naprapatlandslaget) i Munksjöstaden. Team med naprapater (Jacob Navrén, Ellen Toivio, Patrick Sigward) och fysioterapeuter (Villiam Johansson, Arvid Strand). Modern klinik med fokus på manuell behandling, rehabilitering och träning.",false,,,,,,,,,,,,,,2026-08-24,High
lpg-massage-studio,LPG Massage Studio,LPG Massage Studio,,,jonkoping,Jönköping,Jönköping,Jönköping,Barnarpsgatan 19 (Novokliniken),553 16,"Barnarpsgatan 19 (Novokliniken), 553 16 Jönköping",57.782,14.165,,,https://www.bokadirekt.se/places/lpg-massage-studio-50735,bokadirekt,massage,false,false,true,false,lpg-massage,0,,0,0,2,750,Stina & Noomi – diplomerade LPG-massörer (LPG Technovital). Behandlingar för kropp och ansikte. Tar emot Epassi. Rating 4.9.,false,,,,,,,,,,,,,,2026-08-24,High
massage-corner-sverige-ab,Massage Corner Sverige AB,Massage Corner Sverige AB,,,jonkoping,Jönköping,Jönköping,Jönköping,Skolgatan 13A,553 16,"Skolgatan 13A, 553 16 Jönköping",57.782,14.165,073-175 95 XX,,https://www.bokadirekt.se/places/massage-corner-sverige-ab-36697,bokadirekt,massage,false,false,true,false,medicinsk massage|klassisk massage|lymfmassage,1,Olga Gustafson (Dipl. Massör),0,0,2,750,"Olga Gustafson – diplomerad massör. Erbjuder medicinsk, klassisk och lymfmassage. Rating 4.8.",false,,,,,,,,,,,,,,2026-08-24,High
massageverkstan-i-jnkping-ab,Massageverkstan i Jönköping AB,Massageverkstan i Jönköping AB,,,jonkoping,Jönköping,Jönköping,Jönköping,Trädgårdsgatan 12,553 16,"Trädgårdsgatan 12, 553 16 Jönköping",57.782,14.165,070-993 48 XX,,https://www.bokadirekt.se/places/massageverkstan-i-jonkoping-ab-34433,bokadirekt,massage,false,false,true,false,massage|bindvävsmassage,0,,0,0,2,750,Ingmar Apéll och Tobias Ahlstedt. Mycket populär klinik med högt betyg (4.9 från 1800+ recensioner). Fokus på hårda och värkande muskler samt stress.,false,,,,,,,,,,,,,,2026-08-24,High
mattias-andersson-naprapat-medicrehab,Mattias Andersson Naprapat (MedicRehab),Mattias Andersson Naprapat (MedicRehab),,,jonkoping,Jönköping,Jönköping,Jönköping,Huskvarnavägen 78,554 54,"Huskvarnavägen 78, 554 54 Jönköping",57.79,14.2,0702-73 14 01,https://medicrehab.se/mattias-andersson/,,,naprapat,true,false,false,false,naprapati|dry needling,0,,0,0,2,750,"Mattias Andersson – leg. naprapat (examen 2025) med bakgrund som personlig tränare. Fokus på helhet, dry needling och idrottsmedicin. Del av medicinska teamet för Hovslätts IK.",false,,,,,,,,,,,,,,2026-08-24,High
medicrehab-jnkping,MedicRehab Jönköping,MedicRehab Jönköping,,,jonkoping,Jönköping,Jönköping,Jönköping,Huskvarnavägen 78,554 54,"Huskvarnavägen 78, 554 54 Jönköping",57.79,14.2,036-299 12 12,https://medicrehab.se/,,,fysioterapi|naprapat,true,false,false,true,fysioterapi|naprapati|ultraljud|massage,0,,0,0,2,750,"Större klinik med flera leg. fysioterapeuter och naprapater (Per Stenström, Thomas Allgurin, Anna Ek, Mattias Andersson m.fl.). Erbjuder både regionsavtal och privat taxa. Diagnostiskt ultraljud och EGYM-träning.",false,,,,,,,,,,,,,,2026-08-24,High
naprapat-andreas-gustafsson,Naprapat Andreas Gustafsson,Naprapat Andreas Gustafsson,,,jonkoping,Jönköping,Jönköping,Jönköping,"Gillesgatan 13, Huskvarna",561 30,"Gillesgatan 13, Huskvarna, 561 30 Jönköping",57.79,14.27,070-364 41 81,http://www.antegust.com/naprapat,,,naprapat,true,false,false,false,naprapati|rehab,0,,0,0,2,750,Andreas Gustafsson – leg. naprapat. Arbetar enligt biopsykosocial modell med fokus på att få patienten i rörelse snabbt. Delar klinik med Helena Lundquist.,false,,,,,,,,,,,,,,2026-08-24,High
naprapat-andreas-leijon-ab,Naprapat Andreas Leijon AB,Naprapat Andreas Leijon AB,556743-9905,Ja,jonkoping,Jönköping,Jönköping,Jönköping,Huskvarnavägen 78 (MedicRehab),554 54,"Huskvarnavägen 78 (MedicRehab), 554 54 Jönköping",57.79,14.2,073-987 40 14,,,,naprapat,true,false,false,false,naprapati|stötvåg|laser,0,,0,0,2,750,"Andreas Leijon – leg. naprapat sedan 2003. Arbetar med manipulation, mjukdelsbehandling, stötvåg och laser. Erfarenhet från idrottslag och Svenska Fotbollsförbundet. F-skatt: Ja.",false,,,,,,,,,,,,,,2026-08-24,High
naprapatkliniken-helena-lundquist-ab,Naprapatkliniken Helena Lundquist AB,Naprapatkliniken Helena Lundquist AB,556996-5865,Ja,jonkoping,Jönköping,Jönköping,Jönköping,"Gillesgatan 13, Huskvarna",561 30,"Gillesgatan 13, Huskvarna, 561 30 Jönköping",57.79,14.27,036-14 18 18,,,,naprapat,true,false,false,false,naprapati,0,,0,0,2,750,Helena Lundquist – leg. naprapat. Klinik i Huskvarna (Jönköpings kommun). F-skatt: Ja.,false,,,,,,,,,,,,,,2026-08-24,High
naprapro-ab,NAPRApro AB,NAPRApro AB,556682-5245,Ja,jonkoping,Jönköping,Jönköping,Jönköping,Huskvarnavägen 78,554 54,"Huskvarnavägen 78, 554 54 Jönköping",57.79,14.2,,,,,naprapat,true,false,false,false,naprapati,0,,0,0,2,750,Naprapatklinik på Huskvarnavägen. Aktivt bolag.,false,,,,,,,,,,,,,,2026-08-24,High
omni-fysio-ab,Omni Fysio AB,Omni Fysio AB,556745-3047,Ja,jonkoping,Jönköping,Jönköping,Jönköping,Västra Storgatan 6,553 15,"Västra Storgatan 6, 553 15 Jönköping",57.782,14.165,036-12 20 10,https://www.omnifysio.com,,,fysioterapi,false,false,false,true,fysioterapi|idrottsmedicin|stötvåg,0,,0,0,1,200,"Per Skarrie, Johan Krook och Anders Johansson – leg. fysioterapeuter. Specialiserade inom ortopedi och idrottsmedicin. Regionsavtal. F-skatt: Ja.",false,,,,,,,,,,,,,,2026-08-24,High
physioformance,Physioformance,Physioformance,559364-0849,Ja,jonkoping,Jönköping,Jönköping,Jönköping,Mässvägen 6,554 54,"Mässvägen 6, 554 54 Jönköping",57.79,14.2,0730-41 44 83,,,,fysioterapi,false,false,false,true,fysioterapi,0,,0,0,1,200,Eleonore Rapp och Christoffer Holmgren – leg. fysioterapeuter. Regionsavtal. F-skatt: Ja.,false,,,,,,,,,,,,,,2026-08-24,High
plusrehab-din-naprapat-jnkping,Plusrehab / Din Naprapat Jönköping,Plusrehab / Din Naprapat Jönköping,,,jonkoping,Jönköping,Jönköping,Jönköping,Huskvarnavägen 58 (c/o Speedcenter),554 54,"Huskvarnavägen 58 (c/o Speedcenter), 554 54 Jönköping",57.79,14.2,,https://plusrehab.se/,,,naprapat,true,false,false,false,naprapati|diagnostisk ultraljud|stötvåg|dry needling,0,,0,0,2,750,"Patrick Häggström – leg. naprapat med fokus på individuellt anpassad vård, diagnostisk ultraljud och rehabilitering. Samarbete med Speedcenter i Rosenlund.",false,,,,,,,,,,,,,,2026-08-24,High
proffshnder-massage-jnkping,Proffshänder Massage Jönköping,Proffshänder Massage Jönköping,,,jonkoping,Jönköping,Jönköping,Jönköping,Skolgatan 13A,553 16,"Skolgatan 13A, 553 16 Jönköping",57.782,14.165,,,https://www.bokadirekt.se/places/proffshander-massage-jonkoping-10233,bokadirekt,massage,false,false,true,false,klassisk massage|lymfmassage,0,,0,0,2,750,Valeria Eriksson – certifierad massageterapeut sedan 2008 (Bergqvist). Medlem i Kroppsterapeuternas Yrkesförbund. Rating 4.9 från 1200+ recensioner.,false,,,,,,,,,,,,,,2026-08-24,High
randb-classic-massage,R&B Classic Massage,R&B Classic Massage,,,jonkoping,Jönköping,Jönköping,Jönköping,Lovisagatan 27A,554 72,"Lovisagatan 27A, 554 72 Jönköping",57.78,14.19,070-911 69 XX,,https://www.bokadirekt.se/places/rb-classic-massage-130837,bokadirekt,massage,false,false,true,false,massage|fotvård,0,,0,0,2,750,Robert och Bee – utbildade massörer. Fokus på bättre mående. Rating 4.9.,false,,,,,,,,,,,,,,2026-08-24,High
rangstig-naprapati-and-rehab-ab,Rangstig Naprapati & Rehab AB,Rangstig Naprapati & Rehab AB,556914-1558,Ja,jonkoping,Jönköping,Jönköping,Jönköping,"Gillesgatan 13, Huskvarna",561 30,"Gillesgatan 13, Huskvarna, 561 30 Jönköping",57.79,14.27,070-740 03 31,,,,naprapat,true,false,false,false,naprapati|rehab,0,,0,0,2,750,Naprapatklinik i Huskvarna (Jönköpings kommun). Aktivt bolag.,false,,,,,,,,,,,,,,2026-08-24,High
rygg-och-idrottskliniken-jnkping,Rygg- och Idrottskliniken Jönköping,Rygg- och Idrottskliniken Jönköping,559031-7839,Ja,jonkoping,Jönköping,Jönköping,Jönköping,Kungsängsvägen 7,554 56,"Kungsängsvägen 7, 554 56 Jönköping",57.785,14.18,036-440 70 70,https://www.ri-kliniken.se,,,fysioterapi|kiropraktor|naprapat,true,true,false,true,fysioterapi|manuell medicin|stötvåg|akupunktur,0,,0,0,1,200,"Amir-Sam Adamsson – klinik med manuell medicin (kiropraktik, naprapati, osteopati), stötvåg, kinesiotejpning och rehabträning. Regionsavtal och frikort gäller. F-skatt: Ja.",false,,,,,,,,,,,,,,2026-08-24,High
sophie-massage-and-healing,Sophie - Massage & Healing,Sophie - Massage & Healing,,,jonkoping,Jönköping,Jönköping,Jönköping,Hermansvägen 118,554 53,"Hermansvägen 118, 554 53 Jönköping",57.79,14.19,073-652 92 XX,,https://www.bokadirekt.se/places/sophie-massage-healing-31380,bokadirekt,massage,false,false,true,false,massage|healing,0,,0,0,2,750,Certifierad massageterapeut via Kroppsterapeuterna. Även Maori Healing och spaterapeut. Rating 4.9 från 340+ recensioner.,false,,,,,,,,,,,,,,2026-08-24,High
zenpai-massage,Zenpai Massage,Zenpai Massage,,,jonkoping,Jönköping,Jönköping,Jönköping,Kungsgatan 3A,553 31,"Kungsgatan 3A, 553 31 Jönköping",57.782,14.17,,,https://www.bokadirekt.se/places/zenpai-massage-57501,bokadirekt,massage,false,false,true,false,massage,0,,0,0,2,750,Massagemottagning centralt i Jönköping. Rating 4.9 från 180+ recensioner.,false,,,,,,,,,,,,,,2026-08-24,High
beautiful-body-massage-maawell,Beautiful Body Massage / Maawell,Beautiful Body Massage / Maawell,,,linkoping,Linköping,Linköping,Linköping,Hertig Karlsgatan 2,582 21,"Hertig Karlsgatan 2, 582 21 Linköping",58.412,15.62,,https://beautiful-body.se,https://www.bokadirekt.se/places/beautiful-body-massage-maawell-34087,bokadirekt,massage,false,false,true,false,medicinsk massage|gravidmassage,0,,0,0,2,750,"Josefin – certifierad medicinsk massageterapeut och personlig tränare. Kliniken arbetar med ekologiska produkter och erbjuder både behandlande och avslappnande massage, inklusive gravidmassage. Ansluten till Epassi och Benefits. Rating 4.7.",false,,,,,,,,,,,,,,2026-08-24,High
benitas-massage-and-hlsa,Benita´s Massage & Hälsa,Benita´s Massage & Hälsa,,,linkoping,Linköping,Linköping,Linköping,Konsistoriegatan 10C,582 34,"Konsistoriegatan 10C, 582 34 Linköping",58.41,15.63,076-327 43 XX,https://www.benitasmassage.se,https://www.bokadirekt.se/places/benitas-massage-halsa-58615,bokadirekt,massage,false,false,true,false,djupgående massage|hot stone|gravidmassage,0,,0,0,2,750,"Benita – certifierad massageterapeut, licensierad personlig tränare och diplomerad kost- och näringsrådgivare. Erbjuder djupgående, avslappnande, hot stone- och gravidmassage. Starkt fokus på att förebygga och behandla problem i rörelseapparaten. Mycket högt betyg (4.9 från nästan 400 recensioner).",false,,,,,,,,,,,,,,2026-08-24,High
calma-massage,Calma Massage,Calma Massage,,,linkoping,Linköping,Linköping,Linköping,Snickaregatan 50,582 26,"Snickaregatan 50, 582 26 Linköping",58.415,15.63,,,https://www.bokadirekt.se/places/calma-massage-3717,bokadirekt,massage,false,false,true,false,klassisk massage|hot stone|laser,0,,0,0,2,750,"Alexandra och Johan – erfarna massageterapeuter med gesällbrev. Erbjuder klassisk svensk massage, behandling med varma stenar och laserterapi. Professionell och lugn miljö. Extremt högt betyg (4.7 från över 2100 recensioner) gör kliniken till ett av de mest populära valen i Linköping.",false,,,,,,,,,,,,,,2026-08-24,High
campushallen-ebbepark,Campushallen Ebbepark,Campushallen Ebbepark,,,linkoping,Linköping,Linköping,Linköping,Ebbegatan 11,582 13,"Ebbegatan 11, 582 13 Linköping",58.4,15.6,013-100 872,https://www.campushallen.se,https://boka.antwork.se/148,egen,fysioterapi,false,false,false,true,fysioterapi|idrottsmedicin,0,,0,0,1,200,"Fysioterapi i direkt anslutning till träningsanläggningen Campushallen. Henrik Moström, Mats Haglund m.fl. hjälper dig med både akuta skador och mer långvariga besvär. Regionsavtal. Perfekt för dig som vill kombinera behandling med träning.",false,,,,,,,,,,,,,,2026-08-24,High
curarehab-linkping,CuraRehab Linköping,CuraRehab Linköping,559428-6931,Ja,linkoping,Linköping,Linköping,Linköping,Drottninggatan 43 N,582 27,"Drottninggatan 43 N, 582 27 Linköping",58.411,15.622,070-766 66 76,https://curarehab.se/,,,naprapat|fysioterapi|massage,true,false,true,true,naprapati|fysioterapi|massage|rehab,0,,0,0,2,750,"Modern klinik med två mottagningar – City (Drottninggatan) och Mjärdevi (Teknikringen 7). Här arbetar legitimerade naprapater och fysioterapeuter tillsammans för att hjälpa dig mot en smärtfri och aktiv vardag. Specialisering på axlar, rygg, nacke och rehabilitering efter skador. Individanpassad behandling med fokus på både akuta och långvariga besvär. F-skatt: Ja.",false,,,,,,,,,,,,,,2026-08-24,High
din-fysio,Din Fysio,Din Fysio,,,linkoping,Linköping,Linköping,Linköping,Johanneborgsparken 1 (Valla Berså),582 49,"Johanneborgsparken 1 (Valla Berså), 582 49 Linköping",58.4,15.61,013-10 44 30,https://www.dinfysio.se/,,,fysioterapi,false,false,false,true,fysioterapi|omt|idrottsmedicin|ultraljud,0,,0,0,1,200,"Björn Cratz och Helena Lundgren Cratz driver Din Fysio i Valla Berså. Specialistutbildade inom Ortopedisk Manuell Terapi (OMT), muskuloskeletal ultraljudsdiagnostik och idrottsmedicin. Regionsavtal – vanlig patientavgift och frikort gäller. Personlig och kompetent fysioterapi i lugn miljö.",false,,,,,,,,,,,,,,2026-08-24,High
edenholm-sjukgymnastik-ab,Edenholm Sjukgymnastik AB,Edenholm Sjukgymnastik AB,556819-2792,Ja,linkoping,Linköping,Linköping,Linköping,Hammarstigen 2,582 22,"Hammarstigen 2, 582 22 Linköping",58.412,15.622,,,,,fysioterapi,false,false,false,true,fysioterapi,0,,0,0,2,750,Peter Edenholm – leg. fysioterapeut med lång erfarenhet. Arbetar även vid Landerydskliniken. Fokus på rehabilitering och återställande av funktion efter skador och besvär i muskler och leder.,false,,,,,,,,,,,,,,2026-08-24,High
hammarlyck-rehab-aktiebolag,Hammarlyck Rehab Aktiebolag,Hammarlyck Rehab Aktiebolag,556771-3499,Ja,linkoping,Linköping,Linköping,Linköping,Munkhagsgatan 98 E,587 25,"Munkhagsgatan 98 E, 587 25 Linköping",58.3963,15.6665,070-932 15 25,https://hammarlyck.se,,,fysioterapi,false,false,false,true,rehab|fysioterapi|företagshälsovård,0,,0,0,2,750,"Hammarlyck Rehab arbetar med rehabilitering och friskvård, särskilt för äldre och personer med funktionsvariation. Kliniken erbjuder individuellt anpassad rehabilitering, träning och hjälpmedelsförskrivning. Har bland annat avtal med Linköpings kommun kring LSS-verksamhet. F-skatt: Ja.",false,,,,,,,,,,,,,,2026-08-24,High
hgre-funktion-c-bergqvist-sjukgymnastik-and-rehab,Högre Funktion (C Bergqvist Sjukgymnastik & Rehab),Högre Funktion (C Bergqvist Sjukgymnastik & Rehab),556509-3381,Ja,linkoping,Linköping,Linköping,Linköping,Engelbrektsgatan 6,582 21,"Engelbrektsgatan 6, 582 21 Linköping",58.4159,15.6199,070-544 26 94,https://www.hogrefunktion.se/,,,fysioterapi,false,false,false,true,fysioterapi|neurologisk rehab,0,,0,0,1,200,"Conny Bergqvist – leg. fysioterapeut med över 30 års erfarenhet. Specialiserad på både ortopedisk och neurologisk rehabilitering (stroke, MS, Parkinson, CP m.m.). Regionsavtal och frikort gäller. Fokus på intensiv träning och ökad självständighet i vardagen.",false,,,,,,,,,,,,,,2026-08-24,High
institutet-fr-sjukgymnastik-och-beteendemedicin,Institutet för sjukgymnastik och beteendemedicin,Institutet för sjukgymnastik och beteendemedicin,,,linkoping,Linköping,Linköping,Linköping,Ådalagatan 10,582 26,"Ådalagatan 10, 582 26 Linköping",58.415,15.63,013-12 04 61,https://www.sjukgymnastlinkoping.se,,,fysioterapi,false,false,false,true,fysioterapi|beteendemedicin,0,,0,0,1,200,"Maria Bohman – leg. fysioterapeut med lång erfarenhet. Kliniken kombinerar klassisk fysioterapi med beteendemedicinsk inriktning och är särskilt stark på rygg, nacke, långvarig smärta, spänningar och stress. Regionsavtal och frikort gäller. Liten och personlig mottagning.",false,,,,,,,,,,,,,,2026-08-24,High
johanna-sandstrak-massage-and-friskvrd,Johanna Sandstrak massage & friskvård,Johanna Sandstrak massage & friskvård,,,linkoping,Linköping,Linköping,Linköping,Stövarevägen 3,587 29,"Stövarevägen 3, 587 29 Linköping",58.39,15.65,072-214 19 XX,,https://www.bokadirekt.se/places/johanna-sandstrak-massage-friskvard-57246,bokadirekt,massage,false,false,true,false,klassisk svensk massage,0,,0,0,2,750,"Johanna Sandstrak – certifierad massageterapeut med idrottsmedicinsk inriktning. Mottagningen ligger i en nyrenoverad lokal med lantlig känsla, högt i tak och lugn atmosfär. Tar emot kvinnor i alla åldrar samt barn och ungdomar upp till 20 år. Rating 5.0.",false,,,,,,,,,,,,,,2026-08-24,High
jonas-lwendahl-massage-och-friskvrd,Jonas Löwendahl massage och friskvård,Jonas Löwendahl massage och friskvård,,,linkoping,Linköping,Linköping,Linköping,Platensgatan 27,582 20,"Platensgatan 27, 582 20 Linköping",58.415,15.625,072-446 89 XX,,https://www.bokadirekt.se/places/jonas-lowendahl-massage-och-friskvard-54245,bokadirekt,massage,false,false,true,false,massage|laser,0,,0,0,2,750,Jonas Löwendahl – certifierad massör och laserterapeut. Mottagningen ligger nära Linköpings resecentrum och är lätt att nå. Erbjuder klassisk svensk massage i kombination med medicinsk laser. Ansluten till flera friskvårdsleverantörer. Rating 4.6.,false,,,,,,,,,,,,,,2026-08-24,High
jw-kliniken,JW Kliniken,JW Kliniken,,,linkoping,Linköping,Linköping,Linköping,Apotekaregatan 13E,582 22,"Apotekaregatan 13E, 582 22 Linköping",58.412,15.622,,,,,kiropraktor,false,true,false,false,kiropraktik,0,,0,0,2,750,"Kiropraktorklinik centralt i Linköping. Erbjuder kiropraktisk behandling for dig med rygg-, nack- och ledbesvär. Rating 4.5 på Bokadirekt.",false,,,,,,,,,,,,,,2026-08-24,High
kiropraktor-michael-eklund-ab,Kiropraktor Michael Eklund AB,Kiropraktor Michael Eklund AB,556762-1221,Ja,linkoping,Linköping,Linköping,Linköping,Repslagaregatan 32 A,582 22,"Repslagaregatan 32 A, 582 22 Linköping",58.412,15.622,,,,,kiropraktor,false,true,false,false,kiropraktik,0,,0,0,2,750,"Michael Eklund – leg. kiropraktor med egen mottagning centralt i Linköping. Erbjuder kiropraktisk behandling för rygg, nacke och ledbesvär. Lugn och professionell miljö.",false,,,,,,,,,,,,,,2026-08-24,High
kiropraktorakuten-i-linkping-ab,Kiropraktorakuten i Linköping AB,Kiropraktorakuten i Linköping AB,556717-5749,Ja,linkoping,Linköping,Linköping,Linköping,Hospitalstorget 2A,582 27,"Hospitalstorget 2A, 582 27 Linköping",58.4092,15.6221,013-10 43 00,https://kiropraktorakuten.com/,https://www.bokadirekt.se/places/kiropraktorakuten-i-linkoping-ab-17355,bokadirekt,kiropraktor,false,true,false,false,kiropraktik,0,,0,0,2,750,Etablerad kiropraktorklinik med över 30 års erfarenhet. Legitimerad kiropraktor med internationell universitetsutbildning erbjuder både akuttider och planerad behandling. Kliniken kombinerar traditionella kiropraktiska tekniker med modern undersökningsutrustning. Belägen i lugna men centrala kvarter på Hospitalstorget. Rating 4.5. F-skatt: Ja.,false,,,,,,,,,,,,,,2026-08-24,High
kiropraktorakuten-linkoping,Kiropraktorakuten Linköping,Kiropraktorakuten i Linköping AB,556717-5749,Ja,linkoping,Linköping,Linköping,Centrum,Hospitalstorget 2A,582 27,"Hospitalstorget 2A, 582 27 Linköping",58.40917,15.62205,013-10 43 00,https://kiropraktorakuten.com/,https://www.bokadirekt.se/places/kiropraktorakuten-i-linkoping-ab-17355,bokadirekt,kiropraktor,false,true,false,false,idrottskiropraktik|neurologisk scanning,1,Peter Mellqvist (Leg. Kiropraktor),4.5,320,,680,"Etablerad kiropraktorklinik med över 30 års erfarenhet. Fokus på ryggrad, leder och nervsystem. Använder INSiGHT-scanning, Diversified och SOT. Akuttider tillgängliga.",false,"Mån-tors 08-17, fre 08-15",08:00-17:00,08:00-17:00,08:00-17:00,08:00-17:00,08:00-15:00,,,,,,,https://kiropraktorakuten.com/|https://www.bokadirekt.se/places/kiropraktorakuten-i-linkoping-ab-17355|https://www.allabolag.se/foretag/kiropraktorakuten-i-link%C3%B6ping-ab/link%C3%B6ping/h%C3%A4lsotj%C3%A4nster/2K2JWATI63IHB,2026-08-14,High - website + bokadirekt + bolagsregister
kiropraktorhuset-linkoping,Kiropraktorhuset Linköping,Kiropraktorhuset i Östergötland AB,556623-1659,Ja,linkoping,Linköping,Linköping,Centrum,Kungsgatan 26A,582 18,"Kungsgatan 26A, 582 18 Linköping",58.41,15.6225,013-27 02 80,https://www.kiropraktorhuset.se/,,,kiropraktor,false,true,false,false,,0,,0,0,,,Kiropraktorklinik i Linköping med flera mottagningar i Östergötland (även Norrköping och Mjölby). Del av Kiropraktorhuset-nätverket.,false,,,,,,,,,,,,,https://www.kiropraktorhuset.se/|https://hitta.se/verksamhet/kiropraktorhuset-fianuvyd,2026-08-14,High - website + bolagsregister
kiropraxis-linkoping,Kiropraxis,KIROPRAKTORZONEN Öst AB,556875-4344,Ja,linkoping,Linköping,Linköping,Centrum,Storgatan 66,582 28,"Storgatan 66, 582 28 Linköping",58.4115,15.6255,013-482 04 40,https://kiropraxis.se/,,,kiropraktor,false,true,false,false,extremiteter|hållning|postural neurologi,1,"Thomas Lindberg (Leg. Kiropraktor, CCEP)",4.7,214,,,"Kiropraktormottagning driven av Thomas Lindberg (AECC). Fokus på ryggrad, hållning och långsiktig rygghälsa. Certifierad i extremitetsbehandling (CCEP).",false,,,,,,,,,,,,,https://kiropraxis.se/|https://www.reco.se/kiropraxis,2026-08-14,"Medium-High - website + reco, begränsad bolagsdata"
landerydskliniken,Landerydskliniken,Landerydskliniken,559224-9576,Ja,linkoping,Linköping,Linköping,Linköping,Bogestad Gård,585 93,"Bogestad Gård, 585 93 Linköping",58.38,15.65,013-601 06,https://www.landerydskliniken.se,https://www.bokadirekt.se/places/landerydskliniken-33526,bokadirekt,fysioterapi|massage,false,false,true,true,fysioterapi|idrottsmedicin|massage|tpi golf,0,,0,0,1,200,"Mia Ryding Ederö och Peter Edenholm m.fl. – leg. fysioterapeuter med regionsavtal. Kliniken ligger på Bogestad Gård i lugn lantlig miljö nära Landeryds golfbana. Erbjuder fysioterapi, massage och personlig träning med stark idrottsmedicinsk inriktning. Frikort gäller. Rating 4.7.",false,,,,,,,,,,,,,,2026-08-24,High
lednra-kroppsvrd-co-friskhuset,Lednära Kroppsvård c/o Friskhuset,Lednära Kroppsvård c/o Friskhuset,,,linkoping,Linköping,Linköping,Linköping,Engelbrektsgatan 31,582 21,"Engelbrektsgatan 31, 582 21 Linköping",58.412,15.62,,,,,massage,false,false,true,false,osteopati|massage,0,,0,0,2,750,"Osteopati och kroppsvård med särskilt fokus på rygg, bäcken och nacke. Passar dig som inte fått tillräcklig hjälp av andra behandlingsformer. Rating 4.8.",false,,,,,,,,,,,,,,2026-08-24,High
limbra-linkoping,Limbra Linköping,Naprapatlandslaget Med AB,556999-3271,Ja,linkoping,Linköping,Linköping,Centrum,Drottninggatan 19,582 25,"Drottninggatan 19, 582 25 Linköping",58.4108,15.6215,010-768 10 30,https://limbra.se/kliniker/linkoping/,https://limbra.se/cb/?activityGroups=1&klinik=130&grupp=56,egen,naprapat|massage,true,false,true,false,idrottsskador|dry needling|akupunktur,4,"Emelie Edesgård (Leg. Naprapat); Malin Johansson (Leg. Naprapat); Fredrik Reifner (Leg. Naprapat); Eric Ahl (Leg. Fysioterapeut)",4.8,119,,920,"Limbra (tidigare Naprapatlandslaget) centralt på Drottninggatan 19. Naprapater och fysioterapeuter. Ledmanipulation, mobilisering, massage, dry needling, akupunktur och rehab. Behandlar rygg, nacke, axlar, knän och idrottsskador.",false,Mån-fre 07:30-18,07:30-18:00,07:30-18:00,07:30-18:00,07:30-18:00,07:30-18:00,,,,,kort|swish|friskvårdsbidrag,,https://limbra.se/kliniker/linkoping/|https://www.naprapatlandslaget.se/klinik/linkoping/,2026-08-14,High - website + consistent directory
limbra-linkping-naprapatlandslaget,Limbra Linköping (Naprapatlandslaget),Limbra Linköping (Naprapatlandslaget),556999-3271,Ja,linkoping,Linköping,Linköping,Linköping,Drottninggatan 19,582 25,"Drottninggatan 19, 582 25 Linköping",58.4108,15.6214,010-768 10 30,https://limbra.se/kliniker/linkoping/,,,naprapat|fysioterapi,true,false,false,true,naprapati|fysioterapi|idrottsskador,0,,0,0,2,750,"Centralt belägen klinik mitt i Linköping med erfarna naprapater och fysioterapeuter. Här får du hjälp med akuta och långvariga besvär som ryggskott, nackspärr, huvudvärk, tennisarmbåge, hälsporre och idrottsskador. Kliniken ligger på gatuplan med ingång från gallerian Gränden och är lätt att nå med både buss och bil. Öppet mån–fre 07.30–18. Boka enkelt via servicecenter eller online.",false,,,,,,,,,,,,,,2026-08-24,High
linkping-hlsocenter,Linköping Hälsocenter,Linköping Hälsocenter,559484-7971,Ja,linkoping,Linköping,Linköping,Linköping,Klostergatan 24,582 23,"Klostergatan 24, 582 23 Linköping",58.41,15.62,013-344 16 50,https://halsocenter.com,,,fysioterapi,false,false,false,true,fysioterapi|rehab|idrottsmedicin,0,,0,0,1,200,En av södra Sveriges större rehabiliterings- och idrottsmedicinska kliniker. Här arbetar flera legitimerade fysioterapeuter med regionsavtal tillsammans med ortoped. Kliniken har gym och rehab i samma hus och tar emot både vanliga besvär och mer komplexa skador. Frikort gäller. Centralt läge på Klostergatan. F-skatt: Ja.,false,,,,,,,,,,,,,,2026-08-24,High
linkping-health-care,Linköping Health Care,Linköping Health Care,556759-4873,Ja,linkoping,Linköping,Linköping,Linköping,Torkelbergsgatan 14 B,582 25,"Torkelbergsgatan 14 B, 582 25 Linköping",58.41,15.62,013-460 50 00,http://linkopinghealthcare.se,,,fysioterapi,false,false,false,true,fysioterapi|idrottsmedicin|omt,0,,0,0,2,750,"Privat rehabiliterings- och idrottsmedicinsk klinik med fysioterapeuter som har vidareutbildning inom ortopedisk manuell terapi (OMT) och idrottsmedicin. Tar emot både privata patienter och försäkringspatienter. Ingen regionsavtal – du betalar fullt pris. Hög kompetens inom knä, axel och idrottsskador.",false,,,,,,,,,,,,,,2026-08-24,High
mariannes-massage-and-hlsa,Mariannes Massage & Hälsa,Mariannes Massage & Hälsa,,,linkoping,Linköping,Linköping,Linköping,Hökaregatan 1,582 46,"Hökaregatan 1, 582 46 Linköping",58.405,15.625,070-681 60 XX,,https://www.bokadirekt.se/places/mariannes-massage-halsa-20254,bokadirekt,massage,false,false,true,false,massage|lymfmassage|koppning|medicinsk laser,0,,0,0,2,750,"Marianne Granevald – certifierad massageterapeut sedan 2014. Erbjuder behandlande massage med fokus på problematik i rörelseapparaten. Har vidareutbildning inom lymfsystemet, käkleden, koppning, kinesiologitejpning och medicinsk laser. Belägen i charmig miljö i Gamla Linköping. Rating 4.9.",false,,,,,,,,,,,,,,2026-08-24,High
mats-haglund-fysioterapi-campushallen-ebbepark,Mats Haglund Fysioterapi / Campushallen Ebbepark,Mats Haglund Fysioterapi / Campushallen Ebbepark,556841-1630,Ja,linkoping,Linköping,Linköping,Linköping,Ebbegatan 11 (Campushallen Ebbepark),582 13,"Ebbegatan 11 (Campushallen Ebbepark), 582 13 Linköping",58.4,15.6,013-100 872,https://www.campushallen.se/fysioterapi--rehab,https://boka.antwork.se/148,egen,fysioterapi,false,false,false,true,fysioterapi|omt|idrottsmedicin|ultraljud,0,,0,0,1,200,"Mats Haglund – leg. fysioterapeut med OMT steg 2, CSPT (Certified Sports Physiotherapist) och specialistkompetens inom fysisk aktivitet och idrottsmedicin. Verksam på Campushallen Ebbepark tillsammans med several kollegor. Regionsavtal. Stark kompetens inom idrottsskador och överbelastningsskador hos ungdomar.",false,,,,,,,,,,,,,,2026-08-24,High
meekam-spa-and-massage,Meekam Spa & Massage,Meekam Spa & Massage,,,linkoping,Linköping,Linköping,Linköping,Banérgatan 4A,582 32,"Banérgatan 4A, 582 32 Linköping",58.41,15.635,079-354 95 XX,https://meekam-spa.com,https://www.bokadirekt.se/places/meekam-spa-massage-56701,bokadirekt,massage,false,false,true,false,massage,0,,0,0,2,750,Spa- och massagemottagning med generösa öppettider – även kvällar och helger. Här får du en avslappnande och professionell behandling i behaglig miljö. Rating 4.7.,false,,,,,,,,,,,,,,2026-08-24,High
naprapat-service-i-linkping-ab,Naprapat Service i Linköping AB,Naprapat Service i Linköping AB,556829-7468,Ja,linkoping,Linköping,Linköping,Linköping,Teknikringen 7,583 30,"Teknikringen 7, 583 30 Linköping",58.3938,15.5611,013-21 12 13,,,,naprapat,true,false,false,false,naprapati,0,,0,0,2,750,"En av Linköpings mest erfarna naprapatkliniker med över 35 års samlad kompetens. Här arbetar bland andra Cecilia Backström och Rauno Suokko. Kliniken hjälper dig med besvär i rygg, nacke, leder och muskler genom manuell medicin. Belägen i Mjärdevi med bra parkering och närhet till E4. F-skatt: Ja.",false,,,,,,,,,,,,,,2026-08-24,High
praxis-naprapati-kiropraktik-och-friskvrd,"Praxis Naprapati, Kiropraktik och Friskvård","Praxis Naprapati, Kiropraktik och Friskvård",559024-0767,Ja,linkoping,Linköping,Linköping,Linköping,Kungsgatan 41,582 18,"Kungsgatan 41, 582 18 Linköping",58.4105,15.621,013-13 01 15,https://praxis.se/,https://www.bokadirekt.se/places/praxis-naprapati-kiropraktik-och-friskvard-4935,bokadirekt,naprapat|kiropraktor|massage,true,true,true,false,naprapati|kiropraktik|massage,0,,0,0,2,750,"Etablerad klinik sedan 2003 där naprapat, kiropraktor och massör arbetar under samma tak. Praxis erbjuder individanpassad behandling med fokus på att ge dig trygg och professionell hjälp mot rygg-, nack- och ledbesvär. Högt betyg (4.8 från över 700 recensioner). Centralt läge och lång erfarenhet gör kliniken till ett tryggt val for både akuta och långvariga problem.",false,,,,,,,,,,,,,,2026-08-24,High
praxis-linkoping,"Praxis Naprapati, Kiropraktik och Friskvård",Praxis Naprapati och Friskvård AB,559024-0767,Ja,linkoping,Linköping,Linköping,Centrum,Kungsgatan 41,582 18,"Kungsgatan 41, 582 18 Linköping",58.4102,15.6219,013-13 01 15,https://praxis.se/,https://www.bokadirekt.se/places/praxis-naprapati-kiropraktik-och-friskvard-4935,bokadirekt,naprapat|kiropraktor|massage,true,true,true,false,,4,"Malin Gustavsson (Leg. Naprapat); Sarah Knutsson (Leg. Kiropraktor); Tina Andersson (Cert. Massageterapeut); Mia Eklund (Leg. Naprapat)",4.8,728,,,"Praxis sedan 2003 i centrala Linköping. Naprapat, kiropraktor och massageterapeut. Helhetssyn på rygg, nacke, leder och muskler. Individanpassad behandling och förebyggande råd.",false,"Mån-fre 08-17, lör 08-13",08:00-17:00,08:00-17:00,08:00-17:00,08:00-17:00,08:00-17:00,08:00-13:00,,2003,,,,https://praxis.se/|https://www.bokadirekt.se/places/praxis-naprapati-kiropraktik-och-friskvard-4935|https://www.hitta.se/f%C3%B6retagsinformation/praxis+naprapati+och+friskv%C3%A5rd+ab/5590240767,2026-08-14,High - website + bokadirekt + bolagsregister
re-massage-ab,RE Massage AB,RE Massage AB,,,linkoping,Linköping,Linköping,Linköping,Brigadgatan 19,587 58,"Brigadgatan 19, 587 58 Linköping",58.4,15.64,070-303 73 XX,,https://www.bokadirekt.se/places/re-massage-ab-58754,bokadirekt,massage,false,false,true,false,klassisk massage|medicinsk laser,1,Robert Elgstrand (Cert. Massör),0,0,2,750,Robert Elgstrand – certifierad massör som arbetar med individanpassad behandling. Kombinerar klassisk massage med medicinsk laser för att ge dig bästa möjliga resultat. Tydlig kommunikation och fokus på att lösa dina specifika besvär. Rating 4.6.,false,,,,,,,,,,,,,,2026-08-24,High
stjrnkliniken-linkping,Stjärnkliniken Linköping,Stjärnkliniken Linköping,,,linkoping,Linköping,Linköping,Linköping,Repslagaregatan 19,582 22,"Repslagaregatan 19, 582 22 Linköping",58.412,15.622,013-13 95 XX,https://www.stjarnkliniken.com/linkoping/naprapat/,,,naprapat,true,false,false,false,naprapati,0,,0,0,2,750,"Naprapatklinik centralt i Linköping som hjälper dig med smärta och stelhet i muskler och leder. Behandlingen anpassas efter dina behov och kan innehålla ledjusteringar, massage, stretching och hemövningar. Bra val vid både akuta och långvariga besvär.",false,,,,,,,,,,,,,,2026-08-24,High
thaichat-massage,Thaichat massage,Thaichat massage,,,linkoping,Linköping,Linköping,Linköping,Solängsvägen 5,589 41,"Solängsvägen 5, 589 41 Linköping",58.38,15.62,073-552 27 XX,https://thaichatmassage.se,https://www.bokadirekt.se/places/thaichat-massage-62104,bokadirekt,massage,false,false,true,false,thaimassage|deep tissue|hot stone,0,,0,0,2,750,"Katy – diplomerad och certifierad massör med lång erfarenhet från både Thailand och Kina. Erbjuder traditionell thaimassage, deep tissue, oljemassage och hot stone. Fri parkering vid salongen. Rating 4.8.",false,,,,,,,,,,,,,,2026-08-24,High
timeas-massage,Timeas Massage,Timeas Massage,,,linkoping,Linköping,Linköping,Linköping,Linnégatan 17A,582 25,"Linnégatan 17A, 582 25 Linköping",58.41,15.625,,,https://www.bokadirekt.se/places/timeas-massage-54517,bokadirekt,massage,false,false,true,false,massage|lymfdränage|hot stone|koppning,0,,0,0,2,750,"Timea – certifierad massageterapeut och lymfterapeut med mer än 9 års erfarenhet. Erbjuder klassisk massage, manuell lymfdränage, hot stone, kinesisk koppning och ansiktsmassage. Ansluten till Benefits och Epassi. Mycket högt betyg (5.0 från över 300 recensioner).",false,,,,,,,,,,,,,,2026-08-24,High
apex-rehab-limhamn,Apex Rehab Limhamn,Trigger Point AB (Apex Rehab),559277-8319,Ja,malmo,Malmö,Malmö,Limhamn,Linnégatan 45,216 14,"Linnégatan 45, 216 14 Limhamn",,,040-643 20 80,https://apex-rehab.se/,https://triggerpoint.bestille.no/OnCust2/#!/,bestille,naprapat|kiropraktor|massage,true,true,true,false,,2,"Ida Sillman Hall (Leg. naprapat); Johan Isevik (Kiropraktor)",0,0,,,"Primärvårdsrehab i Limhamn med naprapat, kiropraktor och fysioterapeut. Fokus idrottsskador, rygg, nacke. Gym på plats.",false,Vardagar ca 08–17,,,,,,,,2021,,Friskvård,,https://apex-rehab.se/|https://www.facebook.com/ApexRehabLimhamn,2026-08-07,High - website + Facebook + bolagsdata Trigger Point AB
bellevue-naprapatklinik,Bellevue Naprapatklinik (Palmer Friskvård),Bellevue Naprapatklinik (Palmer Friskvård),,,malmo,Malmö,Malmö,Bellevue / Fridhem,Beritta Gurrisgatan 13,217 74,"Beritta Gurrisgatan 13, 217 74 Malmö",,,070-686 02 XX,https://bellevuenaprapatklinik.se/,https://ww1.clinicbuddy.com/onlinebooking/-274,clinicbuddy,naprapat|massage,true,false,true,false,,1,Pia Kjerside (Leg. naprapat),0,0,,780,"Leg. naprapat Pia Kjerside. Behandling av ryggskott, ischias, nackspärr, musarm. Del av Palmer Friskvård.",false,"Mån–tors 08:30–17:00, fre 08:30–14:00",08:30–17:00,08:30–17:00,08:30–17:00,08:30–17:00,08:30–14:00,,,,,Försäkring (Euroaccident m.fl.),,https://bellevuenaprapatklinik.se/|https://www.bokadirekt.se/places/bellevue-naprapatklinik-50920,2026-08-07,High - website + bokadirekt
citykiropraktikern,Citykiropraktikern,Citykiropraktikern i Malmö & Lund AB,556906-5252,Ja,malmo,Malmö,Malmö,Rådmansvången / Centrum,Föreningsgatan 26,211 52,"Föreningsgatan 26, våning 2, 211 52 Malmö",,,0722-33 35 14,https://citykiropraktikern.se/,,egen,kiropraktor,false,true,false,false,ryggskott|nackspärr|ischias|disk,1,Magnus Eklund (Leg. kiropraktor),4.7,613,,750,"Leg. kiropraktor sedan 1998 i Malmö. Tidigare Capio Citykliniken. Fokus rygg, nacke, leder, ischias. Akuttider tillgängliga.",false,Mån–fre 09:00–18:00 (bokadirekt visar 07:00–18:00 + lör 10–12),09:00–18:00,09:00–18:00,09:00–18:00,09:00–18:00,09:00–18:00,,,1998,,,,https://citykiropraktikern.se/|https://www.bokadirekt.se/places/citykiropraktorn-23478|https://www.allabolag.se/foretag/citykiropraktikern-i-malm%C3%B6-lund-ab/lund/h%C3%A4lsotj%C3%A4nster/2K3OE90I63IHB,2026-08-07,High - website + allabolag
fm-massage-malmo,FM Massage Malmö,Fm Massage AB,559280-0915,Ja,malmo,Malmö,Malmö,Johanneslust / Kirseberg,Johanneslustgatan 12,212 28,"Johanneslustgatan 12, 212 28 Malmö",,,076-600 70 67,https://www.fmmassage.se,https://www.bokadirekt.se/places/fm-massage-malmo-37370,bokadirekt,massage,false,false,true,false,,1,Fredrik Malmgren (Friskvårdsmassör),4.8,963,,,Friskvårds- och idrottsmassage med fokus på ömmande/överansträngda muskler samt skadehantering. Engelsktalande.,false,"Mån 10–18:30, tis 09–17, ons 10–18:30, tors 08:30–17, fre 08–16",10:00–18:30,09:00–17:00,10:00–18:30,08:30–17:00,08:00–16:00,,,2020,,Friskvård|Student,,https://www.bokadirekt.se/places/fm-massage-malmo-37370|https://www.fmmassage.se|https://www.hitta.se/f%C3%B6retagsinformation/fm+massage+ab/5592800915,2026-08-07,High - bokadirekt 4.8/963 + bolagsdata
fysio-center,Fysio Center,Fysio Center,969708-3633,Ja,malmo,Malmö,Malmö,Centrum,Djäknegatan 2,211 35,"Djäknegatan 2, 211 35 Centrum",55.6065,13.0048,040-30 17 16,https://fysiocenter.nu,https://fysiocenter.nu,egen,fysioterapi,false,false,false,true,fysioterapi|rehabilitering,0,,0,0,1,200,Legitimerad fysioterapimottagning på Djäknegatan i Malmö med Region Skånes avtal.,false,,,,,,,,,,,,,,2026-08-23,High
fysiomedicinska-kliniken-malmo,Fysiomedicinska kliniken (NaprapatMalmö),FysioMedicinska Kliniken i Malmö Handelsbolag,969713-8148,Ja,malmo,Malmö,Malmö,Kronborg / Västra Innerstaden,Kronborgsvägen 8,217 42,"Kronborgsvägen 8, 217 42 Malmö",,,040-30 23 22 / 040-30 23 23,https://fysiomed.se/,,egen,naprapat|massage|osteopati,true,false,true,false,rygg|nacke|ischias|idrottsskador|MDT|laser|akupunktur,5,"Henrik Solmenius (Leg. naprapat); Daniel Schyler (Leg. naprapat & Leg. sjukgymnast); Charlotte Engberg (Osteopat D.O.); Råger Hansson (Ortopedisk massageterapeut); Daria Dahlin (Medicinsk massageterapeut)",0,0,,,"Sedan 2005 specialistmottagning för leder, muskler och nervsystem. Team med leg. naprapater, osteopat, sjukgymnast och massageterapeuter. Dagliga akuttider. Samarbetar med de flesta privatförsäkringar.",false,,,,,,,,,2005,,Privat sjukförsäkring|Kort|Swish,,https://fysiomed.se/|https://naprapatmalmo.com/,2026-08-07,High - website + bolagsdata (handelsbolag 969713-8148 / Schyler FysioMed AB 556944-7864)
hand-om-halsa,Hand om Hälsa din naprapat,Hand om Hälsa din naprapat i Sverige AB,559250-5357,Ja,malmo,Malmö,Malmö,Västra Hamnen / Dockan,Västra Varvsgatan 11 b,211 11,"Västra Varvsgatan 11 b, 211 11 Malmö",,,070-698 45 76,https://www.handomhalsa.se/,,egen,naprapat|massage,true,false,true,false,manuell ortopedisk medicin,1,Susanne Larsson (Leg. naprapat),4.9,340,,,"Naprapatklinik med fokus på manuell ortopedisk medicin, screening, massage och träning.",false,,,,,,,,,2020,,,,https://www.handomhalsa.se/|https://www.allabolag.se/foretag/hand-om-h%C3%A4lsa-din-naprapat-i-sverige-ab/malm%C3%B6/h%C3%A4lsotj%C3%A4nster/2KHMSR1I63IHB,2026-08-07,High - allabolag confirmed
helanova-medicinsk-massage,Helanova Medicinsk Massage,Helanova Medicinsk Massage,,,malmo,Malmö,Malmö,Centrum / SUS,Jan Waldenströms gata 35,214 28,"CRC, Jan Waldenströms gata 35, Malmö",,,,https://www.helanova.nu/,,egen,massage,false,false,true,false,,5,"Erika Persson; Sofie Malm; Barbara Lörincz; Anna Turesson; Miranda Gjerstad (Medicinska massageterapeuter)",0,0,,,"Team av medicinska massageterapeuter vid Clinical Research Centre. Fascia, triggerpunkter, deep tissue, klassisk massage.",false,,,,,,,,,,,,,https://www.helanova.nu/,2026-08-07,High - website
imc-idrottsmedicinskt-center,IMC Idrottsmedicinskt Center,IMC Idrottsmedicinskt Center,,,malmo,Malmö,Malmö,Limhamn / Västra,Trollenäsgatan 2,217 73,"Trollenäsgatan 2, 217 73 Malmö",,,072-238 81 XX,https://johanklingstam.se,https://www.bokadirekt.se/places/imc-idrottsmedicinskt-center-johan-klingstam-3973,bokadirekt,massage,false,false,true,false,,4,"Johan Klingstam; Patrik; Mattias; Ardian (Cert. medicinska massageterapeuter)",4.9,900,,,"Cert. medicinska massageterapeuter med idrottsprofil. Manuell medicin, idrottsskador, PT. Lång erfarenhet.",false,Mån–fre ca 07–18,,,,,,,,1998,,Friskvård,,https://www.bokadirekt.se/places/imc-idrottsmedicinskt-center-johan-klingstam-3973|https://www.bokadirekt.se/places/imc-patrik-mattias-ardian-58069,2026-08-07,High - bokadirekt 4.9 / 900+
kiropraktik-och-rehab,Kiropraktik och Rehab,Kiropraktik och Rehab,,,malmo,Malmö,Malmö,Limhamn / Västra,Köpenhamnsvägen 43,217 71,"Köpenhamnsvägen 43, 217 71 Malmö",,,070-578 21 64,https://kiropraktikrehab.se/,https://www.bokadirekt.se/places/kiropraktik-och-rehab-17889,bokadirekt,kiropraktor|massage,false,true,true,false,idrottsskador|rehab|nålbehandling,1,Thom Dahlberg (Leg. kiropraktor),4.8,117,,,"Leg. kiropraktor (AECC England). Kiropraktik, nålbehandling, rehab, medicinsk massage. Fokus idrottsskador.",false,"Mån–ons ca 07:30–17, tors 10–17, fre 12–17, lör–sön 08–13",07:30–16:30,07:30–17:00,07:30–16:30,10:00–17:00,12:00–17:00,08:00–13:00,08:00–13:00,,,,,https://www.bokadirekt.se/places/kiropraktik-och-rehab-17889|https://kiropraktikrehab.se/,2026-08-07,High - bokadirekt
kiropraktorkliniken-laurin,Kiropraktorkliniken Laurin,Henrik Laurin Kiropraktiker Aktiebolag,556414-0191,Ja,malmo,Malmö,Malmö,Limhamn,Geijersgatan 8,216 18,"Geijersgatan 8, 216 18 Limhamn",,,040-30 03 14,https://kiropraktorlaurin.nu/,,egen,kiropraktor|massage|fysioterapi,false,true,true,true,,1,Clas Henrik Laurin (Kiropraktor) m.fl.,0,0,,650,"Multi-klinik i Limhamn med kiropraktorer, fysioterapeuter, medicinsk massage och gym. Sedan 1990-talet.",false,"Mån–tors 07–20, fre 07–18, lör–sön 09–15 (varierar per behandlare)",,,,,,,,1990,,Region Skåne (fysio)|Privat,,https://kiropraktorlaurin.nu/|https://www.eniro.se/kiropraktorkliniken+laurin+limhamn/14902278/firma,2026-08-07,High - website + bolagsdata 556414-0191
klassisk-massage-malmo,Klassisk Massage Malmö (Fredrik Sandh),Klassisk Massage Malmö (Fredrik Sandh),,,malmo,Malmö,Malmö,Centrum / Spångatan,Spångatan 20 A,211 53,"Spångatan 20 A (Terapi- och Friskvårdscentrum), 211 53 Malmö",,,073-934 98 XX,https://www.klassiskmassagemalmo.se,https://www.bokadirekt.se/places/klassisk-massage-malmo-9231,bokadirekt,massage,false,false,true,false,,1,Fredrik Sandh (Dipl. massageterapeut),4.8,1270,,,"Diplomerad massageterapeut sedan 2006. Svensk klassisk massage, triggerpunktsbehandling och idrottsmassage. Medlem i Kroppsterapeuternas Yrkesförbund.",false,"Mån 12–20, tis 10–18, ons 12–20, tors–fre 10–18",12:00–20:00,10:00–18:00,12:00–20:00,10:00–18:00,10:00–18:00,,,2006,,Friskvård,,https://www.bokadirekt.se/places/klassisk-massage-malmo-9231|https://www.klassiskmassagemalmo.se,2026-08-07,High - bokadirekt 4.8/1270
kroppia,Kroppia (Kiropraktor och Massage),Kroppia (Kiropraktor och Massage),,,malmo,Malmö,Malmö,Centrum / Rådmansvången,Föreningsgatan 26,211 52,"Föreningsgatan 26 (Växthuset våning 2), 211 52 Malmö",,,070-696 75 54,https://www.kroppia.se/,https://www.bokadirekt.se/places/kiropraktor-och-massage-kroppia-1280,bokadirekt,kiropraktor|massage,false,true,true,false,,1,Martin Lundberg (Leg. kiropraktor & medicinsk massageterapeut),4.8,1266,,,"Leg. kiropraktor Martin Lundberg kombinerar kiropraktik med djupgående massage. Fokus rygg, ischias, nacke, huvudvärk.",false,"Tis, ons, fre ca 13:30–18:30 (varierar)",,13:30–18:30,13:30–18:30,,13:30–18:30,,,,,Benify|Edenred|ePassi|Wellnet|Kort|Swish,,https://www.kroppia.se/|https://www.bokadirekt.se/places/kiropraktor-och-massage-kroppia-1280,2026-08-07,High - website + bokadirekt 4.8/1266
kulan-idrottsskadecentrum,Kulan Idrottsskadecentrum,Kulan Idrottsskadecentrum,,,malmo,Malmö,Malmö,Centrum,Eric Perssons väg 5,217 62,"Eric Perssons väg 5, 217 62 Centrum",55.5841,12.9868,040-685 74 10,https://kulanic.se,https://kulanic.se,egen,fysioterapi,false,false,false,true,fysioterapi|idrottsmedicin|rehabilitering,0,,0,0,1,200,"Idrottsmedicinsk klinik vid Stadionområdet, ansluten till Region Skånes Hälsoval.",false,,,,,,,,,,,,,,2026-08-23,High
malmo-city-naprapatiska,Malmö City Naprapatiska,Malmö City Naprapatiska,,,malmo,Malmö,Malmö,Centrum / ABC-husen,Vendelsvägen 3,217 63,"Vendelsvägen 3, 217 63 Malmö (ny adress från 1 aug 2026)",,,0704-332441,https://malmonaprapatiska.se/,https://skanorsnaprapatiska.kaddio.com/booking/cal,kaddio,naprapat,true,false,false,false,funktion|självläkning,2,"Anton (Leg. naprapat); Jonathan (Leg. naprapat)",0,0,,750,Leg. naprapater. Fokus på funktion och självläkning. Samarbete med röntgen (Evidia Hyllie). Även klinik i Skanör.,false,,,,,,,,,,,Kort|Swish|ePassi|Försäkring,,https://malmonaprapatiska.se/|https://skanorsnaprapatiska.se/,2026-08-07,High - website confirmed new address
malm-idrottsklinik,Malmö Idrottsklinik,Malmö Idrottsklinik,559120-5140,Ja,malmo,Malmö,Malmö,Centrum,Kalendegatan 20,211 35,"Kalendegatan 20, 211 35 Centrum",55.6062,13.0035,076-428 95 16,https://malmoidrottsklinik.se,https://malmoidrottsklinik.se,egen,fysioterapi,false,false,false,true,fysioterapi|idrottsmedicin|rehabilitering,0,,0,0,1,200,Legitimerade fysioterapeuter anslutna till Region Skåne med idrottsmedicinsk profil.,false,,,,,,,,,,,,,,2026-08-23,High
malmo-kiropraktorklinik,Malmö Kiropraktorklinik & Funktionell Kiropraktik,Malmö Kiropraktorklinik AB,556665-7366,Nej,malmo,Malmö,Malmö,Centrum,Regementsgatan 14,211 45,"Regementsgatan 14, 211 45 Malmö",,,040-611 22 23,https://malmokiropraktorklinik.se/,https://www.bokadirekt.se/places/malmo-kiropraktorklinik-funktionell-kiropraktik-44900,bokadirekt,kiropraktor|massage,false,true,true,false,funktionell kiropraktik|Gonstead|akupunktur,3,"Jan Zinkernagel (Kiropraktor); Per Rehn (Kiropraktor & akupunktör); Hampus Wedeberg (Funktionell kiropraktor)",4.8,1541,,,Flera kiropraktorer + massörer. Fokus nervsystem och ryggrad. Orsak-orienterad behandling med grundlig undersökning.,true,Mån–fre 08:00–18:00,08:00–18:00,08:00–18:00,08:00–18:00,08:00–18:00,08:00–18:00,,,2004,,,,https://malmokiropraktorklinik.se/|https://www.bokadirekt.se/places/malmo-kiropraktorklinik-funktionell-kiropraktik-44900|https://www.merinfo.se/foretag/Malm%C3%B6-Kiropraktorklinik-AB-5566657366/2k28sba-hi81,2026-08-07,High - bokadirekt + bolagsregister
malmo-medical-massage,Malmö Medical Massage,Malmö Medical Massage,,,malmo,Malmö,Malmö,Centrum,Norra Skolgatan 19,211 52,"Norra Skolgatan 19, 211 52 Malmö",,,073-876 16 XX,,https://www.bokadirekt.se/places/malmo-medical-massage-19399,bokadirekt,massage,false,false,true,false,,1,Colt Sweeten (Medicinsk massageterapeut),4.7,786,,,"Colt Sweeten – medicinsk/ortopedisk massage, idrottsmassage, deep tissue, IASTM, triggerpunkter. Bakgrund idrottsvetenskap.",false,Alla dagar 09–22,09:00–22:00,09:00–22:00,09:00–22:00,09:00–22:00,09:00–22:00,09:00–22:00,09:00–22:00,,,,,https://www.bokadirekt.se/places/malmo-medical-massage-19399,2026-08-07,High - bokadirekt 4.7/786
marten-mulder-naprapatklinik,Mårten Mulder Naprapatklinik,Mårten Mulder Naprapatklinik AB,556975-7148,Ja,malmo,Malmö,Malmö,Centrum,Storgatan 5,211 41,"Storgatan 5, 211 41 Malmö",,,040-608 60 00 / 076-323 77 87,,,,naprapat,true,false,false,false,,1,Mårten Mulder (Leg. naprapat),0,0,,,Legitimerad naprapat sedan 1994. Personlig och flexibel behandling mot värk och stelhet med råd för prevention.,false,,,,,,,,,1994,,,,https://www.hitta.se/verksamhet/marten-mulder-naprapatklinik-ab-jjkkggbhi|https://www.merinfo.se/foretag/M%C3%A5rten-Mulder-Naprapatklinik-AB-5569757148/2k4384c-1dbww,2026-08-07,"Medium-High - bolagsdata + directory, limited website"
massagerummet-malmo,Massagerummet,Massagerummet,,,malmo,Malmö,Malmö,Centrum,Stora Trädgårdsgatan 3D,211 28,"Stora Trädgårdsgatan 3D, 211 28 Malmö",,,073-511 26 XX,,https://www.bokadirekt.se/places/massagerummet-18173,bokadirekt,massage,false,false,true,false,,2,"Pauline Bürgermeister (Massageterapeut); Rachid Toufik (Massageterapeut)",5,195,,,Certifierade massörer med vidareutbildning i ortopedisk- och idrottsmedicin (IMC). Startade 2014.,false,"Tis, tors, fre 10–20",,10:00–20:00,,10:00–20:00,10:00–20:00,,,2014,,,,https://www.bokadirekt.se/places/massagerummet-18173,2026-08-07,High - bokadirekt 5.0/195
medickliniken-malmo,Medickliniken,Medickliniken,,,malmo,Malmö,Malmö,Centrum,Helmfeltsgatan 4,211 48,"Helmfeltsgatan 4, 211 48 Malmö",,,,https://www.medickliniken.se/,,egen,massage,false,false,true,false,,0,,0,0,,,"Massage med ortoped- och idrottsmedicinsk inriktning. Över 20 års erfarenhet. Behandlar idrottsskador, arbetsskador, ländrygg, nackspärr.",false,"Mån–tors 09–18, fre 09–15",09:00–18:00,09:00–18:00,09:00–18:00,09:00–18:00,09:00–15:00,,,,,,,https://www.medickliniken.se/,2026-08-07,High - website
naprapatcentrum-malmo,Naprapatcentrum Malmö,Naprapatcentrum Malmö,,,malmo,Malmö,Malmö,Centrum / Caroli,Stora Kvarngatan 32,211 29,"Stora Kvarngatan 32 (hos ByAmi), 211 29 Malmö",,,076-311 71 60 (sms),https://naprapatcentrum.com/,https://naprapatcentrum.com/onlinebokning,egen,naprapat|massage,true,false,true,false,stötvåg|dry needling|koppning|idrottsmassage,1,Kristoffer (naprapat),4.7,24,,695,"Naprapat, stötvåg, idrottsmassage, dry needling och koppning. Privat klinik. Fokus på rygg, nacke, ischias, hälsporre.",false,,,,,,,,,,,Swish|Kort|ePassi,,https://naprapatcentrum.com/|https://www.bokadirekt.se/places/naprapatcentrum-malmo-132133,2026-08-07,High - website + bokadirekt
rct-kliniken,RCT-Kliniken (RootCause Treatments),RCT-Kliniken (RootCause Treatments),,,malmo,Malmö,Malmö,Centrum,Regementsgatan 14,211 45,"Regementsgatan 14, 211 45 Malmö",,,073-340 77 XX,,https://www.bokadirekt.se/places/rct-kliniken-rootcause-treatments-medicinsk-massage-kroppsterapi-rehab-friskvard-halsa-50464,bokadirekt,massage,false,false,true,false,,1,Rodrigo C. Torres (Medicinsk massageterapeut),4.9,57,,,"Medicinsk terapeutisk massage, idrottsmassage, kroppsterapi. Rodrigo C. Torres.",false,"Mån–fre 09–16:30, sön 10–16",09:00–16:30,09:00–16:00,09:00–16:00,09:00–16:00,09:00–16:30,,10:00–16:00,,,,,https://www.bokadirekt.se/places/rct-kliniken-rootcause-treatments-medicinsk-massage-kroppsterapi-rehab-friskvard-halsa-50464,2026-08-07,High - bokadirekt 4.9
redhawkskliniken-hyllie,Redhawkskliniken Hyllie,Redhawkskliniken Hyllie,,,malmo,Malmö,Malmö,Hyllie,Hyllie Boulevard 22,215 32,"Hyllie Boulevard 22 (Malmö Arena-området), 215 32 Malmö",,,076-79 72 700,https://redhawkskliniken.com/,https://kaddio.com/c/redhawkskliniken,kaddio,naprapat|osteopati|massage|fysioterapi,true,false,true,true,,2,"Jonathan Bengtsson (Osteopat B.Sc & Muskuloskeletal sonograf); Ludvig Omdal Persson (Leg. fysioterapeut MSK Sonographer) + naprapat",0,0,,,"Idrottsmedicinsk klinik i samma lokaler som Malmö Redhawks A-lag. Naprapat, osteopat, fysioterapeut och PT. Fokus idrottsskador, ultraljudsdiagnostik, rehab.",false,,,,,,,,,2023,,"Försäkring (Gjensidige, Folksam m.fl.)",,https://redhawkskliniken.com/|https://kaddio.com/c/redhawkskliniken|https://www.facebook.com/Redhawkskliniken,2026-08-07,High - website + Kaddio + Facebook
rmv-kiropraktik,RMV Kiropraktik,Rådmansvångens Kiropraktik AB,556889-0650,Ja,malmo,Malmö,Malmö,Centrum / Nyhamnen,Skeppsbron 5,211 20,"Skeppsbron 5, 211 20 Malmö",,,040-93 93 13,https://www.bokadirekt.se/places/rmv-kiropraktik-8892,https://www.bokadirekt.se/places/rmv-kiropraktik-8892,bokadirekt,kiropraktor,false,true,false,false,,1,JOanna Kolström (Leg. kiropraktor),4.9,696,,,"Leg. kiropraktor Johanna Kolström. Helhetssyn, grundlig undersökning och behandlingsplan. Fokus optimal hälsa.",true,"Mån 09:30–17:30, tis 09–16, tors 09–17, fre 09–15 (ons/helg stängt)",09:30–17:30,09:00–16:00,,09:00–17:00,09:00–15:00,,,2012,,,,https://www.bokadirekt.se/places/rmv-kiropraktik-8892|https://www.facebook.com/people/RMV-Kiropraktik/100063473266018/|https://www.hitta.se/verksamhet/leg-kiropraktor-johanna-kolstrom-fmtvdctb,2026-08-07,"High - phone confirmed via Facebook/hitta, bolagsdata Rådmansvångens Kiropraktik AB"
ryggakuten-malmo,RyggAkuten Malmö,Ryggakuten PN Konsult AB,556497-2502,Ja,malmo,Malmö,Malmö,Centrum,Baltzarsgatan 25,211 36,"Baltzarsgatan 25 4tr, 211 36 Malmö",,,040-30 55 50,https://ryggakuten.com/,https://ryggakuten.com/onlinebokning/,egen,naprapat|kiropraktor,true,true,false,false,akut ryggskott|nackspärr|idrottsskador,2,"Patrick Larsson (Leg. naprapat); Kicki Larsson (Leg. naprapat)",5,167,,,Naprapat & kiropraktor. Specialiserad på akuta rygg- och nackbesvär. Grundad 1992 av Patrick Larsson. Del av kedja med kliniker i Göteborg och Borås. Korta väntetider.,true,"Mån–tors 06:30–18:00, fre 06:30–16:00",06:30–18:00,06:30–18:00,06:30–18:00,06:30–18:00,06:30–16:00,,,1992,,,,https://ryggakuten.com/|https://www.allabolag.se/foretag/ryggakuten-pn-konsult-ab/malm%C3%B6/h%C3%A4lsotj%C3%A4nster/2K18O9II63IHB,2026-08-07,High - website + allabolag (556497-2502)
smood-city,Smood City,Smood City AB,556846-7533,Ja,malmo,Malmö,Malmö,Rådmansvången / Centrum,Föreningsgatan 26,211 52,"Föreningsgatan 26, 211 52 Malmö",,,040-30 15 90,https://www.smood.se/,,egen,naprapat|massage,true,false,true,false,naprapati|idrottsmassage,7,"Mathias Deltner (Leg. naprapat); Krister Sellman (Leg. naprapat); My Törnqvist (Leg. Naprapat); Elisabeth Häggman (Leg. Naprapat); Christopher Soós (Naprapat); Rebecca Laserna (Medicinsk massageterapeut); Amela Bajramovic (Leg. Naprapat)",4.9,300,,830,Malmös största naprapatverksamhet (fd Naprapatlandslaget Malmö). Tre kliniker. Snabb hjälp utan remiss. Vardagar 07:00–18:00.,true,Mån–fre 07:00–18:00 (helg akuttider),07:00–18:00,07:00–18:00,07:00–18:00,07:00–18:00,07:00–18:00,,,2011,,Friskvård|ePassi|Kort|Swish,,https://www.smood.se/|https://www.smood.se/index.php/klinik/city|https://www.allabolag.se/foretag/smood-city-ab/malm%C3%B6/h%C3%A4lsotj%C3%A4nster/2K3BL1PI63IHB,2026-08-07,High - website + allabolag
smood-hyllie,Smood Hyllie,Smood Hyllie AB,559140-0477,Ja,malmo,Malmö,Malmö,Hyllie,Hyllie Boulevard 21,215 23,"Hyllie Boulevard 21, 215 23 Malmö",,,040-62 00 750,https://www.smood.se/,,egen,naprapat|massage,true,false,true,false,,2,"Konstantin Zorbas (Leg. naprapat); Rebecca Burri (Leg. naprapat)",0,0,,830,Del av Smood. Nära Emporia.,false,,,,,,,,,,,Friskvård|ePassi|Kort|Swish,,https://www.smood.se/index.php/klinik/hyllie,2026-08-07,High - website + allabolag
smood-vastra-hamnen,Smood Västra Hamnen,Smood Västra Hamnen,,Ja,malmo,Malmö,Malmö,Västra Hamnen,Lovartsgatan 10,211 19,"Lovartsgatan 10, 211 19 Malmö",,,040-30 18 32,https://www.smood.se/,,egen,naprapat|massage,true,false,true,false,,2,"Olof Lancing (Leg. naprapat); Emma Liljeros (Leg. naprapat)",0,0,,830,Del av Smood. Vardagar 07:00–19:00.,false,Vardagar 07:00–19:00,07:00–19:00,07:00–19:00,07:00–19:00,07:00–19:00,07:00–19:00,,,,,Friskvård|ePassi|Kort|Swish,,https://www.smood.se/index.php/klinik/vastra-hamnen,2026-08-07,High
strajv-halsostudio-limhamn,Strajv Hälsostudio Limhamn,Strajv Hälsostudio Limhamn,,,malmo,Malmö,Malmö,Limhamn,Järnvägsgatan 24,216 14,"Järnvägsgatan 24, 216 14 Limhamn",,,070-998 96 XX,,https://www.bokadirekt.se/places/strajv-halsostudio-57321,bokadirekt,massage,false,false,true,false,,2,"Christoffer (Massageterapeut, PT); Linda (Cert. medicinsk massageterapeut & lic. PT)",4.9,85,,,"Medicinsk massageterapeut + PT. Dry needling, koppning. Bakgrund elitidrott. Även i Lund.",false,Mån–fre ca 07–16/17,07:00–14:00,07:00–17:00,07:00–16:30,07:00–16:00,07:00–15:30,,,,,,,https://www.bokadirekt.se/places/strajv-halsostudio-57321,2026-08-07,High - bokadirekt 4.9
the-clinic-hyllie,The Clinic Malmö Hyllie (Eden),The Clinic Malmö Hyllie (Eden),,,malmo,Malmö,Malmö,Hyllie,Hyllie Boulevard 53,215 32,"Hyllie Boulevard 53, 215 32 Malmö",,,040-615 20 90,https://theclinic.se/,,egen,naprapat|kiropraktor|massage,true,true,true,false,,0,,0,0,,,Del av The Clinic. Multidisciplinär vård.,false,,,,,,,,,2018,,,,https://theclinic.se/,2026-08-07,"Medium - address confirmed, limited specific detail"
the-clinic-kirseberg,The Clinic Malmö Kirseberg,The Clinic Malmö Kirseberg,,Ja,malmo,Malmö,Malmö,Kirseberg,Vattenverksvägen 47,212 43,"Vattenverksvägen 47, 212 43 Malmö",,,040-615 20 90,https://theclinic.se/,,egen,naprapat|kiropraktor|massage,true,true,true,false,,9,"Marius Helstad (Leg. kiropraktor); Eddie Lu (Leg. kiropraktor); Heléne Möller (Leg. kiropraktor); Peter Hallengren (Leg. naprapat); Malin Broman (Leg. naprapat); Martin Hammar (Cert. medicinsk massageterapeut); Felicia Melin (Cert. medicinsk massageterapeut); Anna Ståhl (Leg. fysioterapeut); Sofie Ohlsson (Leg. fysioterapeut)",4.9,692,,,"Multidisciplinär: kiropraktorer, naprapater, fysioterapeuter, medicinska massageterapeuter. Gratis parkering.",false,Vardagar 07:00–18:00 | Lördagar 10:00–14:00,07:00–18:00,07:00–18:00,07:00–18:00,07:00–18:00,07:00–18:00,10:00–14:00,,2018,,,Gratis parkering,https://theclinic.se/kliniker/malmo-kirseberg/|https://theclinic.se/,2026-08-07,High - website + Trustpilot
the-clinic-nyhamnen,The Clinic Malmö Nyhamnen,The Clinic Malmö Nyhamnen,,,malmo,Malmö,Malmö,Nyhamnen,Carlsgatan 14,211 20,"Carlsgatan 14, 211 20 Malmö (ingång Mercuriigatan 2)",,,040-615 20 90,https://theclinic.se/,,egen,naprapat|kiropraktor|massage,true,true,true,false,kiropraktik|naprapati|fysioterapi|stötvåg|ultraljud,7,"Soheil Ebrahimnia (Specialistläkare Ortopedi); Benjamin Olsson (Leg. kiropraktor); Niklas Hollerup (Leg. kiropraktor); Andreas Lendenfelt (Naprapat); David Björkman (Naprapat); Tim Frederiksen (Leg. fysioterapeut); Maja Elmir (Medicinsk massageterapeut)",0,0,,,"Multidisciplinär klinik: kiropraktorer, naprapater, fysioterapeuter, massageterapeuter, läkare. Nära Centralstation. Stötvåg, ultraljud, kortison. Grundad 2018.",true,Vardagar 07:00–18:00,07:00–18:00,07:00–18:00,07:00–18:00,07:00–18:00,07:00–18:00,,,2018,,,,https://theclinic.se/kliniker/malmo-nyhamnen/|https://theclinic.se/,2026-08-07,High - website
tre-kotor-naprapatmottagning,Tre Kotor Naprapatmottagning,Tre Kotor AB,559351-8060,Ja,malmo,Malmö,Malmö,Rörsjöstaden / Centrum,Celsiusgatan 31,212 14,"Celsiusgatan 31, 212 14 Malmö",,,040-97 66 33,https://trekotor.se/,,egen,naprapat|massage,true,false,true,false,,3,"Björn Jönsson (Leg. naprapat); Nicolai Thome (Leg. naprapat); Kristin Nimby (Leg. naprapat)",0,0,,800,"Flera leg. naprapater. Naprapatbehandling, stötvåg, dry needling, massage. Etablerade sedan 2001.",false,,,,,,,,,2001,,Swish|Kort|ePassi|Faktura,,https://trekotor.se/|https://www.allabolag.se/foretag/tre-kotor-ab/malm%C3%B6/h%C3%A4lsotj%C3%A4nster/2KI8I5OI63IHB,2026-08-07,High - website + bolagsdata 559351-8060
varkstan-malmo,Värkstan (Prestation & Hälsa),Värkstan Träning & Rehabilitering i Malmö AB,559246-4886,Ja,malmo,Malmö,Malmö,Västra Hamnen / WTC,Skeppsgatan 19,211 11,"World Trade Center, Skeppsgatan 19, 211 11 Malmö",,,070-779 15 01,https://www.varkstan.se/,,egen,massage|fysioterapi,false,false,true,true,,2,"Sebastian Leyton (Medicinsk massageterapeut, S&C coach); Gonzalo Uvelius (Leg. fysioterapeut OMT)",0,0,,440,"Medicinsk massageterapeut + fysioterapi. Massör för Malmö FF, Svenska Judoförbundet. Kroppsterapeuternas Yrkesförbund.",false,Mån–fre 08–17,08:00–17:00,08:00–17:00,08:00–17:00,08:00–17:00,08:00–17:00,,,2017,,Friskvård,,https://www.varkstan.se/|https://www.allabolag.se/foretag/v%C3%A4rkstan-tr%C3%A4ning-rehabilitering-i-malm%C3%B6-ab/malm%C3%B6/h%C3%A4lsotj%C3%A4nster/2KHLXIUI63IHB,2026-08-07,High - website + bolagsdata 559246-4886
wagner-kiropraktik,Wagner Kiropraktik & Hälsa,Wagner Kiropraktik Och Hälsa Malmö AB,559065-7846,Ja,malmo,Malmö,Malmö,Västra Hamnen / Dockan,Flaggskeppsgatan 8,211 14,"Flaggskeppsgatan 8, 211 14 Malmö",,,040-678 86 88,https://www.wagnerkiropraktik.se/,,egen,kiropraktor,false,true,false,false,Low Force|Activator|TMJ,0,,0,0,,,Leg. kiropraktorer (Sverige + Danmark). Klassisk och Low Force-teknik (Activator). Akuttider tillgängliga.,false,Mån–fre 09:00–18:00,09:00–18:00,09:00–18:00,09:00–18:00,09:00–18:00,09:00–18:00,,,2016,,,,https://www.wagnerkiropraktik.se/,2026-08-07,High - website + allabolag
anders-trsen,Anders Töråsen,Anders Töråsen,,,norrkoping,Norrköping,Norrköping,Norrköping,S:t Persgatan 19,602 33,"S:t Persgatan 19, 602 33 Norrköping",58.588,16.185,073-381 25 50,,,,fysioterapi,false,false,false,true,fysioterapi,0,,0,0,1,200,Privat fysioterapeut med regionsavtal vid World Class Health Care. Frikort gäller.,false,,,,,,,,,,,,,,2026-08-24,High
andrns-praktik,Andréns Praktik,Andréns Praktik,,,norrkoping,Norrköping,Norrköping,Norrköping,Linköpingsvägen 24,603 36,"Linköpingsvägen 24, 603 36 Norrköping",58.59,16.175,011-18 18 05,https://andrenspraktik.se/,,,kiropraktor|massage,false,true,true,false,kiropraktik|massage|osteopati,0,,0,0,2,750,"Erfaren kiroterapeut och massör i Läkarhuset Kneippen. Behandlar nackbesvär, huvudvärk, ryggskott, ischias, whiplash och idrottsskador. Personligt engagemang och lång erfarenhet.",false,,,,,,,,,,,,,,2026-08-24,High
christer-jonsson-ifk-medical-and-performance-centre,Christer Jonsson (IFK Medical & Performance Centre),Christer Jonsson (IFK Medical & Performance Centre),,,norrkoping,Norrköping,Norrköping,Norrköping,Södra Promenaden 32,603 53,"Södra Promenaden 32, 603 53 Norrköping",58.585,16.19,011-21 55 06,,,,fysioterapi,false,false,false,true,fysioterapi|idrottsmedicin,0,,0,0,1,200,Fysioterapeut kopplad till IFK Norrköping. Regionsavtal. Inriktning idrottsskador och prestation.,false,,,,,,,,,,,,,,2026-08-24,High
eric-hagelin-fysioterapi-ab,Eric Hagelin Fysioterapi AB,Eric Hagelin Fysioterapi AB,559091-4791,Ja,norrkoping,Norrköping,Norrköping,Norrköping,Gråbergsgatan 1,603 56,"Gråbergsgatan 1, 603 56 Norrköping",58.595,16.195,,,,,fysioterapi,false,false,false,true,fysioterapi,0,,0,0,2,750,Eric Hagelin – leg. fysioterapeut. F-skatt: Ja. Kopplad till Norrköping FysioCenter.,false,,,,,,,,,,,,,,2026-08-24,High
fysett-rehab-and-trningscenter-ab,FysEtt Rehab- & Träningscenter AB,FysEtt Rehab- & Träningscenter AB,556762-8036,Ja,norrkoping,Norrköping,Norrköping,Norrköping,Lundatorpsvägen 9,602 13,"Lundatorpsvägen 9, 602 13 Norrköping",58.59,16.18,011-18 20 01,https://fysett.se,,,fysioterapi,false,false,false,true,fysioterapi|rehab|gruppträning,0,,0,0,1,200,"Kombinerar fysioterapi, rehab och träningsanläggning. Regionsavtal (vanlig patientavgift + frikort gäller). Rullstolsanpassat gym. Lång erfarenhet av både akuta och långvariga besvär. F-skatt: Ja.",false,,,,,,,,,,,,,,2026-08-24,High
fysioterapi-himmelstalund,Fysioterapi Himmelstalund,Fysioterapi Himmelstalund,,,norrkoping,Norrköping,Norrköping,Norrköping,Finspångsvägen 63,602 13,"Finspångsvägen 63, 602 13 Norrköping",58.59,16.17,073-523 87 15,,,,fysioterapi,false,false,false,true,fysioterapi,0,,0,0,1,200,Amanda Lilljebjörn Yngve. Privat fysioterapeut med regionsavtal. Mottagning i Friskis & Svettis lokaler. Frikort gäller.,false,,,,,,,,,,,,,,2026-08-24,High
hlsoboxen,Hälsoboxen,Hälsoboxen,,,norrkoping,Norrköping,Norrköping,Norrköping,Vattengränden 2b,602 22,"Vattengränden 2b, 602 22 Norrköping",58.587,16.18,070-721 19 XX,https://www.aliciapetersdotter.se,https://www.bokadirekt.se/places/halsoboxen-43927,bokadirekt,massage,false,false,true,false,massage|personlig träning,0,,0,0,2,750,Alicia Petersdotter – massage och personlig träning. Djupgående och uppmjukande behandlingar. Rating 4.9.,false,,,,,,,,,,,,,,2026-08-24,High
kaya-sjukgymnastik-och-rehab-ab,Kaya Sjukgymnastik och Rehab AB,Kaya Sjukgymnastik och Rehab AB,556915-4817,Ja,norrkoping,Norrköping,Norrköping,Norrköping,Knäppingsborgsgatan 14,602 26,"Knäppingsborgsgatan 14, 602 26 Norrköping",58.587,16.183,,,,,fysioterapi,false,false,false,true,fysioterapi|rehab,0,,0,0,2,750,Fysioterapeutisk verksamhet och rehabilitering. F-skatt registrerad.,false,,,,,,,,,,,,,,2026-08-24,High
kellerkliniken,Kellerkliniken,Kellerkliniken,559049-7938,Ja,norrkoping,Norrköping,Norrköping,Norrköping,Nygatan 80B,602 34,"Nygatan 80B, 602 34 Norrköping",58.587,16.188,070-722 06 58,https://www.kellerkliniken.se/,,,massage,false,false,true,false,fasciaterapi|atlaskorrigering|massage,0,,0,0,2,750,Specialiserad på fasciaterapi och atlaskorrigering (AtlasPROfilax). Högt betyg (4.9). Begränsade öppettider i Norrköping (främst tisdagar).,false,,,,,,,,,,,,,,2026-08-24,High
kiropraktor-mattias-ekstrm,Kiropraktor Mattias Ekström,Kiropraktor Mattias Ekström,559037-3881,Ja,norrkoping,Norrköping,Norrköping,Norrköping,Lundatorpsvägen 9,602 13,"Lundatorpsvägen 9, 602 13 Norrköping",58.59,16.18,,https://kiropraktorme.se,https://www.bokadirekt.se/places/kiropraktor-mattias-ekstrom-norrkoping-22576,bokadirekt,kiropraktor,false,true,false,false,kiropraktik,0,,0,0,2,750,"Leg. kiropraktor med högt betyg (4.7 från 836 recensioner). Behandlar rygg, nacke och ledbesvär. F-skatt registrerad. Mottagning på Lundatorpsvägen.",false,,,,,,,,,,,,,,2026-08-24,High
kiropraktorhuset-norrkping,Kiropraktorhuset Norrköping,Kiropraktorhuset Norrköping,556623-1659,Ja,norrkoping,Norrköping,Norrköping,Norrköping,Lindövägen 17,602 28,"Lindövägen 17, 602 28 Norrköping",58.595,16.2,011-15 97 00,https://www.kiropraktorhuset.se/om-oss/norrkoping/,https://boka.kiropraktorhuset.se/norrkoping,egen,kiropraktor,false,true,false,false,kiropraktik,0,,0,0,2,750,Etablerad klinik i gamla chokladfabriken med fri patientparkering och busshållplats utanför. Legitimerade kiropraktorer utbildade i Wales och England. Erbjuder behandling även utan 'knäck'. Bra betyg och snabb tillgänglighet.,false,,,,,,,,,,,,,,2026-08-24,High
kiropraktorzonen-st-ab,Kiropraktorzonen Öst AB,Kiropraktorzonen Öst AB,556875-4344,Ja,norrkoping,Norrköping,Norrköping,Norrköping,Skårvägen 16,603 85,"Skårvägen 16, 603 85 Norrköping",58.6,16.21,,,,,kiropraktor,false,true,false,false,kiropraktik,0,,0,0,2,750,Karl Johan Thomas Lindberg. Aktivt bolag med F-skatt. Kiropraktorverksamhet och friskvård.,false,,,,,,,,,,,,,,2026-08-24,High
leo-massage,Leo Massage,Leo Massage,,,norrkoping,Norrköping,Norrköping,Norrköping,Repslagaregatan 15,602 25,"Repslagaregatan 15, 602 25 Norrköping",58.5875,16.185,070-916 15 XX,,https://www.bokadirekt.se/places/leo-massage-30770,bokadirekt,massage,false,false,true,false,thai oljemassage|behandlingsmassage|idrottsmassage,1,Jonas Satiya (Cert. Massör),0,0,2,750,Jonas Satiya – certifierad massör med idrottsbakgrund och utbildning i Thailand. Erbjuder både avslappnande och behandlande massage. Rating 4.8.,false,,,,,,,,,,,,,,2026-08-24,High
limbra-norrkping-naprapatlandslaget,Limbra Norrköping (Naprapatlandslaget),Limbra Norrköping (Naprapatlandslaget),556999-3271,Ja,norrkoping,Norrköping,Norrköping,Norrköping,Hantverkaregatan 45-47,602 32,"Hantverkaregatan 45-47, 602 32 Norrköping",58.587,16.185,010-768 10 30,https://www.naprapatlandslaget.se/klinik/norrkoping/,,,naprapat|kiropraktor,true,true,false,false,naprapati|kiropraktik|idrottsskador,0,,0,0,2,750,"Centralt belägen klinik med erfarna naprapater och kiropraktor. Hjälper dig med ryggskott, nackspärr, idrottsskador och långvarig smärta. Flera terapeuter är uppväxta i Norrköping. Boka via servicecenter eller online. Öppet mån–fre 07–18.",false,,,,,,,,,,,,,,2026-08-24,High
lindas-behandlingscenter,Lindas Behandlingscenter,Lindas Behandlingscenter,,,norrkoping,Norrköping,Norrköping,Norrköping,Generalsgatan 47,602 31,"Generalsgatan 47, 602 31 Norrköping",58.585,16.18,070-254 92 XX,https://lindasbehandlingscenter.se,https://www.bokadirekt.se/places/lindas-behandlingscenter-51885,bokadirekt,massage,false,false,true,false,behandlande massage|idrottsmassage,0,,0,0,2,750,Certifierad massageterapeut and elittränare. Behandlande massage med fokus på resultat. Mycket högt betyg (4.9 från 802 recensioner).,false,,,,,,,,,,,,,,2026-08-24,High
magges-massage,Magges Massage,Magges Massage,,,norrkoping,Norrköping,Norrköping,Norrköping,Vattenverksvägen 2,603 36,"Vattenverksvägen 2, 603 36 Norrköping",58.59,16.175,070-794 29 XX,,https://www.bokadirekt.se/places/magges-massage-52819,bokadirekt,massage,false,false,true,false,klassisk massage|triggerpunkter,0,,0,0,2,750,"Marilena – svensk klassisk och djupgående massage med triggerpunktsbehandling. Ansluten till Benefits, Wellnet och Epassi. Rating 4.8.",false,,,,,,,,,,,,,,2026-08-24,High
massage-akademin-i-norrkping,Massage Akademin i Norrköping,Massage Akademin i Norrköping,,,norrkoping,Norrköping,Norrköping,Norrköping,Kabelvägen 2,602 10,"Kabelvägen 2, 602 10 Norrköping",58.58,16.175,070-511 06 XX,https://massageakademin.com,https://www.bokadirekt.se/places/massage-akademin-i-norrkoping-6918,bokadirekt,massage,false,false,true,false,massage,0,,0,0,2,750,Juhani och Mika Koskinen. Etablerad massagemottagning med högt betyg (4.8 från över 1000 recensioner).,false,,,,,,,,,,,,,,2026-08-24,High
massage-and-wellness-by-maria,Massage and Wellness by Maria,Massage and Wellness by Maria,,,norrkoping,Norrköping,Norrköping,Norrköping,Lidaleden 167,603 81,"Lidaleden 167, 603 81 Norrköping",58.6,16.2,,,https://www.bokadirekt.se/places/massage-and-wellness-by-maria-47721,bokadirekt,massage,false,false,true,false,klassisk massage|gravidmassage|hot stone,0,,0,0,2,750,"Maria Ida Sofie – cert. friskvårdsmassör och diplomerad gravidmassör. Ansluten till Epassi, Benefits och Benify. Rating 4.8.",false,,,,,,,,,,,,,,2026-08-24,High
ms-massage,MS Massage,MS Massage,,,norrkoping,Norrköping,Norrköping,Norrköping,Stockholmsvägen 16,602 17,"Stockholmsvägen 16, 602 17 Norrköping",58.59,16.19,070-232 62 XX,,https://www.bokadirekt.se/places/ms-massage-50913,bokadirekt,massage,false,false,true,false,massage,0,,0,0,2,750,Maria – diplomerad massör. Personlig mottagning med högt betyg (4.9).,false,,,,,,,,,,,,,,2026-08-24,High
naprapatakuten,Naprapatakuten,Naprapatakuten,556982-2363,Ja,norrkoping,Norrköping,Norrköping,Norrköping,Södra Promenaden 32,602 34,"Södra Promenaden 32, 602 34 Norrköping",58.585,16.19,0739-13 69 93,https://naprapatakuten.net/,https://www.bokadirekt.se/places/naprapatakuten-31670,bokadirekt,naprapat,true,false,false,false,naprapati,0,,0,0,2,750,"Personlig mottagning med leg. naprapat Andreas Karlsson sedan 2003. Behandlar rygg, nacke, axlar, tennis-/golfarmbåge och hälsporre. Högt betyg (4.8 från över 2000 recensioner). Lugn miljö och full ansvarsförsäkring.",false,,,,,,,,,,,,,,2026-08-24,High
naprapateliten,Naprapateliten,Naprapateliten,559355-4438,Ja,norrkoping,Norrköping,Norrköping,Norrköping,Lundatorpsvägen 3,602 13,"Lundatorpsvägen 3, 602 13 Norrköping",58.59,16.18,011-496 43 00,https://naprapateliten.se/,,,naprapat|kiropraktor|fysioterapi,true,true,false,true,naprapati|kiropraktik|fysioterapi,1,Olle Holmertz (Leg. Naprapat),0,0,2,750,"Legitimerade terapeuter inom naprapati, kiropraktik och fysioterapi under samma tak. Fokus på att hitta orsaken till smärtan och ge dig långsiktiga verktyg. Grundad av Olle Holmertz och Thobias Månsson. Öppet även lördagar. Centralt vid Padelcenter.",false,,,,,,,,,,,,,,2026-08-24,High
naprapatkliniken-johan-paldanius,Naprapatkliniken Johan Paldanius,Naprapatkliniken Johan Paldanius,556872-4917,Ja,norrkoping,Norrköping,Norrköping,Norrköping,Södra Promenaden 32,603 53,"Södra Promenaden 32, 603 53 Norrköping",58.585,16.19,011-12 06 90,,,,naprapat,true,false,false,false,naprapati,0,,0,0,2,750,"Johan Paldanius, leg. naprapat. F-skatt: Ja. Mottagning på Södra Promenaden.",false,,,,,,,,,,,,,,2026-08-24,High
norrkping-fysiocenter,Norrköping FysioCenter,Norrköping FysioCenter,,,norrkoping,Norrköping,Norrköping,Norrköping,Skarphagsgatan 29,603 64,"Skarphagsgatan 29, 603 64 Norrköping",58.595,16.195,079-345 28 00,https://norrkopingfysiocenter.se,,,fysioterapi,false,false,false,true,fysioterapi,0,,0,0,1,200,Privat fysioterapimottagning med regionsavtal. Eric Hagelin och kollegor hjälper dig med smärta och nedsatt funktion i rörelseapparaten. Frikort gäller.,false,,,,,,,,,,,,,,2026-08-24,High
norrkping-master-massage-ab,Norrköping Master Massage AB,Norrköping Master Massage AB,,,norrkoping,Norrköping,Norrköping,Norrköping,Luntgatan 41,602 19,"Luntgatan 41, 602 19 Norrköping",58.588,16.185,,,https://www.bokadirekt.se/places/norrkoping-master-massage-ab-132809,bokadirekt,massage,false,false,true,false,thaimassage|medicinsk massage,0,,0,0,2,750,Khemruethai (Kim) – över 16 års erfarenhet av traditionell thaimassage. Certifierad Nuad Thai (UNESCO-erkänd). Rating 4.9.,false,,,,,,,,,,,,,,2026-08-24,High
norrkpings-kiropraktorklinik-moa-holdaj,Norrköpings kiropraktorklinik (Moa Holdaj),Norrköpings kiropraktorklinik (Moa Holdaj),,,norrkoping,Norrköping,Norrköping,Norrköping,Ljunggatan 14,603 36,"Ljunggatan 14, 603 36 Norrköping",58.592,16.18,073-022 34 XX,,https://www.bokadirekt.se/places/norrkopings-kiropraktorklinik-37329,bokadirekt,kiropraktor|massage,false,true,true,false,kiropraktik|friskvårdsmassage,0,,0,0,2,750,"Leg. kiropraktor och friskvårdsmassör. Hjälper dig med smärta, stelhet och ledbesvär i lugn miljö. Ansluten till Benefits och Hälsoresurs. Rating 4.8.",false,,,,,,,,,,,,,,2026-08-24,High
omt-kliniken-cumhur-kaya,OMT Kliniken (Cumhur Kaya),OMT Kliniken (Cumhur Kaya),,,norrkoping,Norrköping,Norrköping,Norrköping,S:t Persgatan 19,601 86,"S:t Persgatan 19, 601 86 Norrköping",58.588,16.185,072-00 60 460,https://www.omtkliniken.se/,,,fysioterapi,false,false,false,true,omt|idrottsskador|fysioterapi,1,Cumhur Kaya (Leg. Fysioterapeut / OMT-specialist),0,0,1,200,"Specialistkompetens inom Ortopedisk Manuell Terapi (OMT). Kort väntetid vid akuta rygg-, nack- och ledproblem. Regionsavtal. Belägen vid World Class.",false,,,,,,,,,,,,,,2026-08-24,High
pbm-massage-ab,PBM Massage AB,PBM Massage AB,559233-3669,Ja,norrkoping,Norrköping,Norrköping,Norrköping,Tunnbindaregatan 24,602 21,"Tunnbindaregatan 24, 602 21 Norrköping",58.587,16.182,070-351 42 XX,,https://www.bokadirekt.se/places/pbm-massage-ab-5672,bokadirekt,massage,false,false,true,false,massage|idrottsmassage|nmt|laser,0,,0,0,2,750,"Cert. Massagemästare och NMT-terapeut. Individanpassad behandling med massage, mobilisering och laser. Högt betyg (4.9 från 860+ recensioner).",false,,,,,,,,,,,,,,2026-08-24,High
ryggakuten-kiropraktik,Ryggakuten Kiropraktik,Ryggakuten Kiropraktik,,,norrkoping,Norrköping,Norrköping,Norrköping,Repslagaregatan 15,602 25,"Repslagaregatan 15, 602 25 Norrköping",58.5875,16.185,011-10 20 00,https://ryggakutenkiropraktik.com/,,,kiropraktor,false,true,false,false,kiropraktik,0,,0,0,2,750,"Legitimerade kiropraktorer med över 30 års samlad erfarenhet. Fokus på helhetsperspektiv, omhändertagande och snabb hjälp vid akuta rygg- och nackbesvär. Centralt läge.",false,,,,,,,,,,,,,,2026-08-24,High
tdhs-massage,TDH´s Massage,TDH´s Massage,,,norrkoping,Norrköping,Norrköping,Norrköping,Fjärilsgatan 21,603 61,"Fjärilsgatan 21, 603 61 Norrköping",58.592,16.195,070-255 97 XX,https://www.tdhs.se,https://www.bokadirekt.se/places/tdhs-massage-11848,bokadirekt,massage,false,false,true,false,klassisk massage,1,Thom Dingsten Hellberg (Cert. Massageterapeut & Lotorpsterapeut),0,0,2,750,Thom Dingsten-Hellberg – certifierad massageterapeut och Lotorpsterapeut. Även personlig tränare. Rating 4.8.,false,,,,,,,,,,,,,,2026-08-24,High
zona-by-louise,ZonA by Louise,ZonA by Louise,,,norrkoping,Norrköping,Norrköping,Norrköping,Skarphagsgatan 29,603 64,"Skarphagsgatan 29, 603 64 Norrköping",58.595,16.195,073-698 85 XX,,https://www.bokadirekt.se/places/zona-by-louise-40248,bokadirekt,massage,false,false,true,false,massage|lymfmassage|zonterapi,1,Louise Lindén (Cert. Massageterapeut),0,0,2,750,"Louise Lindén – certifierad massageterapeut, zonterapeut och lymfmassör. Erbjuder även koppning och öronakupunktur. Mycket högt betyg (4.9). Mottagning hos Norrköping FysioCenter.",false,,,,,,,,,,,,,,2026-08-24,High
a-massage-terapi,A Massage Terapi,A Massage Terapi,,,orebro,Örebro,Örebro,Örebro,Bromsgatan 1B,703 66,"Bromsgatan 1B, 703 66 Örebro",59.28,15.225,073-999 57 75,https://www.amassageterapi.se,https://www.bokadirekt.se/places/a-massage-terapi-orebro-20837,bokadirekt,massage,false,false,true,false,thaimassage|klassisk massage|lymfmassage,0,,0,0,2,750,"Erbjuder traditionell thaimassage, svensk klassisk massage samt behandlande lymfmassage centralt i Örebro.",false,,,,,,,,,,,,,,2026-08-24,High
aktiv-kiropraktik-full-potential-international-ab,Aktiv Kiropraktik (Full Potential International AB),Aktiv Kiropraktik (Full Potential International AB),556648-2674,Ja,orebro,Örebro,Örebro,Örebro,Drottninggatan 11,702 10,"Drottninggatan 11, 702 10 Örebro",59.274,15.2135,070-580 68 99,,,,kiropraktor,false,true,false,false,kiropraktik|activator methods,0,,0,0,2,750,Legitimerad kiropraktor Kimberly Nilsson. Specialiserad på kiropraktisk behandling med skonsamma Activator-metoden.,false,,,,,,,,,,,,,,2026-08-24,High
anderson-chiropractic,Anderson Chiropractic,Anderson Chiropractic,,,orebro,Örebro,Örebro,Örebro,Angelgatan 11,703 41,"Angelgatan 11, 703 41 Örebro",59.275,15.215,019-13 82 49,https://andersonchiropractic.se/,https://www.bokadirekt.se/places/anderson-chiropractic-8897,bokadirekt,kiropraktor,false,true,false,false,kiropraktik,0,,0,0,2,750,Etablerad kiropraktormottagning ledd av Mark Hesse (sedan 1987) med lång erfarenhet av kiropraktisk vård.,false,,,,,,,,,,,,,,2026-08-24,High
arne-rydstrm-sjukgymnastik,Arne Rydström Sjukgymnastik,Arne Rydström Sjukgymnastik,,,orebro,Örebro,Örebro,Örebro,Järnvägsgatan 38,703 62,"Järnvägsgatan 38, 703 62 Örebro",59.272,15.218,073-539 94 46,,,,fysioterapi,false,false,false,true,fysioterapi,0,,0,0,1,200,Legitimerad fysioterapeut med lång erfarenhet och regionavtal som erbjuder professionell sjukgymnastik och rehabilitering.,false,,,,,,,,,,,,,,2026-08-24,High
centrum-sjukgymnastik,Centrum Sjukgymnastik,Centrum Sjukgymnastik,,,orebro,Örebro,Örebro,Örebro,Köpmangatan 62,702 23,"Köpmangatan 62, 702 23 Örebro",59.2745,15.213,019-17 95 17,https://www.centrum-sjukgymnastik.se/,,,fysioterapi,false,false,false,true,fysioterapi|omt|akupunktur,0,,0,0,1,200,"Legitimerade fysioterapeuter med regionavtal. Erbjuder specialiserad fysioterapi inom OMT, akupunktur och rehabilitering.",false,,,,,,,,,,,,,,2026-08-24,High
gunillas-massagebod-and-spa,Gunillas MassageBod & Spa,Gunillas MassageBod & Spa,,,orebro,Örebro,Örebro,Örebro,Näbbtorgsgatan 20,702 23,"Näbbtorgsgatan 20, 702 23 Örebro",59.274,15.212,073-844 85 XX,https://www.gunillasmassagebodochspa.se,https://www.bokadirekt.se/places/gunillas-massagebod-spa-15516,bokadirekt,massage,false,false,true,false,medicinsk massage|klassisk massage,0,,0,0,2,750,Certifierad medicinsk massageterapeut med högsta betyg. Erbjuder klassisk svensk massage och behandlande friskvård.,false,,,,,,,,,,,,,,2026-08-24,High
handkraft-mia-lans,Handkraft Mia Lans,Handkraft Mia Lans,,,orebro,Örebro,Örebro,Örebro,Drottninggatan 55,702 22,"Drottninggatan 55, 702 22 Örebro",59.274,15.212,070-485 07 61,,https://www.bokadirekt.se/places/handkraft-mia-lans-20647,bokadirekt,massage,false,false,true,false,djupgående finsk massage|idrottsmassage|triggerpunkter,0,,0,0,2,750,"Djupgående finsk massage, idrottsmassage och triggerpunktsbehandling ledd av cert. massageterapeut Mia Lans sedan 2003.",false,,,,,,,,,,,,,,2026-08-24,High
hanser-kiropraktorklinik-ab,Hanser Kiropraktorklinik AB,Hanser Kiropraktorklinik AB,559037-0671,Ja,orebro,Örebro,Örebro,Örebro,Storgatan 6,703 61,"Storgatan 6, 703 61 Örebro",59.275,15.215,019-761 69 19,,,,kiropraktor,false,true,false,false,kiropraktik,0,,0,0,2,750,Legitimerad kiropraktor Adam Hanser hjälper dig med led- och muskelsmärta genom individanpassad behandling.,false,,,,,,,,,,,,,,2026-08-24,High
helenas-massageterapi,Helenas Massageterapi,Helenas Massageterapi,,,orebro,Örebro,Örebro,Örebro,Engelbrektsgatan 37,702 13,"Engelbrektsgatan 37, 702 13 Örebro",59.273,15.211,070-267 25 XX,,https://www.bokadirekt.se/places/helenas-massageterapi-orebro-134323,bokadirekt,massage,false,false,true,false,finsk klassisk massage|lymfmassage|koppning,0,,0,0,2,750,"Erbjuder finsk klassisk massage, behandlande lymfmassage samt djupgående koppning för optimal återhämtning.",false,,,,,,,,,,,,,,2026-08-24,High
hummelgren-fysioterapi-ab,Hummelgren Fysioterapi AB,Hummelgren Fysioterapi AB,559445-1220,Ja,orebro,Örebro,Örebro,Örebro,Idrottsvägen 31B,702 32,"Idrottsvägen 31B, 702 32 Örebro",59.28,15.22,0722-16 92 35,https://hummelgren.com/,,,fysioterapi,false,false,false,true,fysioterapi|omt|akupunktur,0,,0,0,1,200,Leg. fysioterapeut Elin Hummelgren erbjuder specialiserad rehabilitering och behandling inom OMT och akupunktur. Regionavtal.,false,,,,,,,,,,,,,,2026-08-24,High
jc-fysio-jenny-carlsson,JC Fysio (Jenny Carlsson),JC Fysio (Jenny Carlsson),,,orebro,Örebro,Örebro,Örebro,Idrottsvägen 31B,702 32,"Idrottsvägen 31B, 702 32 Örebro",59.28,15.22,076-008 68 58,https://www.jcfysio.se,,,fysioterapi,false,false,false,true,fysioterapi,1,Jenny Carlsson (Leg. Fysioterapeut),0,0,1,200,Leg. fysioterapeut Jenny Carlsson på Hälsocenter Örebro erbjuder anpassad fysioterapi och rehabträning med regionavtal.,false,,,,,,,,,,,,,,2026-08-24,High
kroppshlsan-i-rebro,Kroppshälsan i Örebro,Kroppshälsan i Örebro,559016-0361,Ja,orebro,Örebro,Örebro,Örebro,Olaigatan 34,703 61,"Olaigatan 34, 703 61 Örebro",59.2755,15.215,019-611 41 00,https://kroppshalsan.se/,,,naprapat,true,false,false,false,naprapati|stötvåg|ultraljud,0,,0,0,2,750,Etablerad naprapatklinik sedan år 2000. Erbjuder avancerad diagnostik och behandling med stötvåg och ultraljud.,false,,,,,,,,,,,,,,2026-08-24,High
lagerberg-naprapati-och-hlsa-ab,Lagerberg Naprapati och hälsa AB,Lagerberg Naprapati och hälsa AB,559392-3732,Ja,orebro,Örebro,Örebro,Örebro,Vadstens gränd 11,702 28,"Vadstens gränd 11, 702 28 Örebro",59.275,15.22,073-944 82 42,,,,naprapat,true,false,false,false,naprapati,0,,0,0,2,750,"Lisa Lagerberg, legitimerad naprapat, hjälper dig att förebygga, lindra och åtgärda besvär i muskler och leder.",false,,,,,,,,,,,,,,2026-08-24,High
limbra-rebro-tidigare-naprapatlandslaget,Limbra Örebro (tidigare Naprapatlandslaget),Limbra Örebro (tidigare Naprapatlandslaget),,,orebro,Örebro,Örebro,Örebro,Oskarsparken 7,702 12,"Oskarsparken 7, 702 12 Örebro",59.275,15.213,010-768 10 30,https://limbra.se/kliniker/orebro/,,,naprapat|fysioterapi,true,false,false,true,naprapati|fysioterapi|idrottsskador,0,,0,0,2,750,Professionell klinik (tidigare Naprapatlandslaget) med legitimerade naprapater och fysioterapeuter. Specialistkompetens inom idrottsskador och rehabilitering.,false,,,,,,,,,,,,,,2026-08-24,High
lisa-frick-sjukgymnastik-ab,Lisa Frick Sjukgymnastik AB,Lisa Frick Sjukgymnastik AB,556954-2417,Ja,orebro,Örebro,Örebro,Örebro,Järnvägsgatan 16A,703 62,"Järnvägsgatan 16A, 703 62 Örebro",59.272,15.218,070-631 56 30,,,,fysioterapi,false,false,false,true,fysioterapi|neurologi,0,,0,0,1,200,Legitimerad fysioterapeut med specialistinriktning mot neurologi. Erbjuder professionell rehabilitering under regionavtal.,false,,,,,,,,,,,,,,2026-08-24,High
mbraverkstan-kropp-i-balans,MåbraVerkstan - Kropp i balans,MåbraVerkstan - Kropp i balans,,,orebro,Örebro,Örebro,Örebro,Hagmarksgatan 19,702 16,"Hagmarksgatan 19, 702 16 Örebro",59.27,15.205,073-940 34 XX,,https://www.bokadirekt.se/places/mabraverkstan-kropp-i-balans-24290,bokadirekt,massage,false,false,true,false,massage|fascia|postural terapi|medicinsk laser,0,,0,0,2,750,"Kroppsbalanserande behandlingar med fokus på fascia, postural terapi och medicinsk laser för långvarig smärtlindring.",false,,,,,,,,,,,,,,2026-08-24,High
margit-bangshj-feldenkrais,Margit Bangshöj (Feldenkrais),Margit Bangshöj (Feldenkrais),,,orebro,Örebro,Örebro,Örebro,Storgatan 8a,703 61,"Storgatan 8a, 703 61 Örebro",59.275,15.215,019-26 03 31,,,,fysioterapi,false,false,false,true,feldenkrais|fysioterapi,0,,0,0,2,750,Leg. fysioterapeut och auktoriserad Feldenkraispedagog som fokuserar på rörelsemedvetenhet och kroppsfunktion.,false,,,,,,,,,,,,,,2026-08-24,High
maria-lundmark-naprapati-ab,Maria Lundmark Naprapati AB,Maria Lundmark Naprapati AB,559479-5063,Ja,orebro,Örebro,Örebro,Örebro,Nygatan 16 B,702 11,"Nygatan 16 B, 702 11 Örebro",59.274,15.213,070-748 72 30,,,,naprapat,true,false,false,false,naprapati,0,,0,0,2,750,"Legitimerad naprapat Maria Lundmark erbjuder trygg, individanpassad naprapatbehandling för ökad rörlighet och minskad smärta.",false,,,,,,,,,,,,,,2026-08-24,High
massage-and-rehab-i-rebro-ab,Massage & Rehab i Örebro AB,Massage & Rehab i Örebro AB,,,orebro,Örebro,Örebro,Örebro,Rynningegatan 27,703 65,"Rynningegatan 27, 703 65 Örebro",59.285,15.23,070-253 66 XX,,https://www.bokadirekt.se/places/massage-rehab-i-orebro-ab-29865,bokadirekt,massage,false,false,true,false,medicinsk massage|lymfmassage|idrottsmassage,0,,0,0,2,750,"Certifierad massör Stefan Vikström erbjuder behandlande medicinsk massage, idrottsmassage och lymfmassage.",false,,,,,,,,,,,,,,2026-08-24,High
massageterapi-vivi,Massageterapi ViVi,Massageterapi ViVi,,,orebro,Örebro,Örebro,Örebro,Kungsgatan 60A,702 24,"Kungsgatan 60A, 702 24 Örebro",59.2745,15.214,076-015 44 XX,https://massageterapivivi.se/,https://www.bokadirekt.se/places/massageterapi-vivi-57339,bokadirekt,massage,false,false,true,false,klassisk massage|aromamassage|lymfmassage,0,,0,0,2,750,"Högkvalitativ och avslappnande massageterapi med toppbetyg (4.9/5) som erbjuder klassisk, aroma- och lymfmassage.",false,,,,,,,,,,,,,,2026-08-24,High
medical-massage-clinic,Medical Massage Clinic,Medical Massage Clinic,,,orebro,Örebro,Örebro,Örebro,Kabingatan 2,702 26,"Kabingatan 2, 702 26 Örebro",59.27,15.205,072-454 57 XX,https://www.medicalmassage.se,https://www.bokadirekt.se/places/medical-massage-clinic-53818,bokadirekt,massage,false,false,true,false,medicinsk massage,0,,0,0,2,750,Professionell massageklinik med toppbetyg (4.9/5) som erbjuder djupgående medicinsk massage och muskulär behandling.,false,,,,,,,,,,,,,,2026-08-24,High
monks-kiropraktik,Monks Kiropraktik,Monks Kiropraktik,,,orebro,Örebro,Örebro,Örebro,Norrgatan 44,703 56,"Norrgatan 44, 703 56 Örebro",59.278,15.218,070-779 34 XX,,https://www.bokadirekt.se/places/monks-kiropraktik-51228,bokadirekt,kiropraktor,false,true,false,false,kiropraktik,0,,0,0,2,750,Legitimerad kiropraktor med toppbetyg (4.9/5) som erbjuder individanpassad kiropraktisk vård och rådgivning.,false,,,,,,,,,,,,,,2026-08-24,High
naprapatjouren-eliasons,Naprapatjouren (Eliasons),Naprapatjouren (Eliasons),,,orebro,Örebro,Örebro,Örebro,Våghustorget 3,702 12,"Våghustorget 3, 702 12 Örebro",59.274,15.2135,,https://eliasons.se/,,,naprapat|massage,true,false,true,false,naprapati|massage,0,,0,0,2,750,Legitimerad naprapat Magnus Eliason med över 30 års erfarenhet erbjuder snabb och professionell hjälp vid rygg- och nackbesvär.,false,,,,,,,,,,,,,,2026-08-24,High
nyngens-hlsa,Nyängens Hälsa,Nyängens Hälsa,,,orebro,Örebro,Örebro,Örebro,Sturegatan 18,702 14,"Sturegatan 18, 702 14 Örebro",59.273,15.21,070-262 76 XX,,https://www.bokadirekt.se/places/nyangens-halsa-37527,bokadirekt,massage,false,false,true,false,massage|akupunktur,0,,0,0,2,750,Certifierad massör Niklas Nyängen erbjuder behandlande massage och akupunktur för optimal hälsa och avslappning.,false,,,,,,,,,,,,,,2026-08-24,High
rebro-fysio,Örebro Fysio,Örebro Fysio,,,orebro,Örebro,Örebro,Örebro,Markgatan 7,703 55,"Markgatan 7, 703 55 Örebro",59.272,15.21,019-25 76 06,https://www.orebrofysio.se,,,fysioterapi,false,false,false,true,fysioterapi|idrottsmedicin|laser|stötvåg,0,,0,0,1,200,"Legitimerade fysioterapeuter anslutna till Region Örebro. Specialistområden inom idrottsmedicin, medicinsk laser och stötvåg.",false,,,,,,,,,,,,,,2026-08-24,High
rebro-kiropraktorklinik-mindfrid-kiropraktik-ab,Örebro Kiropraktorklinik (Mindfrid Kiropraktik AB),Örebro Kiropraktorklinik (Mindfrid Kiropraktik AB),559284-8187,Ja,orebro,Örebro,Örebro,Örebro,Eklundavägen 21,702 17,"Eklundavägen 21, 702 17 Örebro",59.27,15.21,019-12 35 67,https://www.orebrokiro.se/,,,kiropraktor,false,true,false,false,kiropraktik,0,,0,0,2,750,"Legitimerad kiropraktor Henric Sahlén erbjuder trygg och professionell kiropraktisk vård för besvär i rygg, nacke och leder.",false,,,,,,,,,,,,,,2026-08-24,High
rebro-sjukgymnastik,Örebro Sjukgymnastik,Örebro Sjukgymnastik,,,orebro,Örebro,Örebro,Örebro,Trängkårsvägen 53,703 57,"Trängkårsvägen 53, 703 57 Örebro",59.28,15.23,019-14 94 72,,,,fysioterapi,false,false,false,true,fysioterapi,0,,0,0,1,200,Legitimerade fysioterapeuter anslutna till Region Örebro med fokus på personlig rehabiliteringsplanering.,false,,,,,,,,,,,,,,2026-08-24,High
palmrothtraining,PalmrothTraining,PalmrothTraining,559198-1963,Ja,orebro,Örebro,Örebro,Örebro,Skottvägen 5,703 69,"Skottvägen 5, 703 69 Örebro",59.285,15.23,073-981 51 58,,https://www.bokadirekt.se/places/palmrothtraining-38471,bokadirekt,massage,false,false,true,false,behandlande massage|idrottsmassage|triggerpunkter,0,,0,0,2,750,Behandlande massage och idrottsmassage utförd av certifierad massageterapeut. Fokus på triggerpunkter och muskelrehab.,false,,,,,,,,,,,,,,2026-08-24,High
ryggcenter-rebro-ab,Ryggcenter Örebro AB,Ryggcenter Örebro AB,556963-1723,Ja,orebro,Örebro,Örebro,Örebro,Vaktelvägen 2,703 48,"Vaktelvägen 2, 703 48 Örebro",59.28,15.22,,,https://www.bokadirekt.se/places/ryggcenter-orebro-ab-1579,bokadirekt,kiropraktor|massage,false,true,true,false,kiropraktik|massage,0,,0,0,2,750,Legitimerade kiropraktorer och massörer som erbjuder kiropraktisk behandling och medicinsk massage för rygg- och nackbesvär.,false,,,,,,,,,,,,,,2026-08-24,High
sportmassage-rebro-ab,SportMassage Örebro AB,SportMassage Örebro AB,559343-2403,Ja,orebro,Örebro,Örebro,Örebro,Karlsdalsallén 56a,702 18,"Karlsdalsallén 56a, 702 18 Örebro",59.275,15.21,070-091 14 XX,https://www.sport-massage.se,https://www.bokadirekt.se/places/sportmassage-36818,bokadirekt,massage,false,false,true,false,sportmassage|idrottsmassage|klassisk massage,0,,0,0,2,750,Specialiserad klinik inom idrotts- och sportmassage. Perfekt för dig som tränar mycket eller har stela och spända muskler.,false,,,,,,,,,,,,,,2026-08-24,High
stjrnkliniken-rebro,Stjärnkliniken Örebro,Stjärnkliniken Örebro,556446-9814,Ja,orebro,Örebro,Örebro,Örebro,Kungsgatan 32B,702 24,"Kungsgatan 32B, 702 24 Örebro",59.274,15.213,010-30 30 260,https://www.stjarnkliniken.com/orebro-city/,,,naprapat|fysioterapi|massage|kiropraktor,true,true,true,true,naprapati|fysioterapi|massage|kiropraktik,0,,0,0,2,750,"Tvärprofessionell hälsoklinik som samlar naprapater, kiropraktorer, fysioterapeuter och massörer för ett helhetstänk kring din hälsa.",false,,,,,,,,,,,,,,2026-08-24,High
strids-naprapatklinik-ab,Strids Naprapatklinik AB,Strids Naprapatklinik AB,556901-2692,Ja,orebro,Örebro,Örebro,Örebro,Oskarsvägen 2,702 14,"Oskarsvägen 2, 702 14 Örebro",59.273,15.212,019-14 07 00,https://naprapathy.se,,,naprapat,true,false,false,false,naprapati|ultraljudsguidad injektion,0,,0,0,2,750,"Legitimerad naprapat Marcus Strid leder en klinik med medicinsk inriktning, inklusive ultraljudsguidade injektioner och rehab.",false,,,,,,,,,,,,,,2026-08-24,High
a-marklund-fysioterapi-ab,A. Marklund Fysioterapi AB,A. Marklund Fysioterapi AB,559034-5269,Ja,stockholm,Stockholm,Stockholm,Centrum,Lustgårdsgatan 16,112 51 Stockholm,"Lustgårdsgatan 16, 112 51 Stockholm",59.3293,18.0686,,,,,fysioterapeut,false,false,false,true,Fysioterapi,1,A. Marklund (Leg. Fysioterapeut),4.8,67,2,750,Status: Aktiv.,false,,,,,,,,,,,,,,2026-08-22,High - verifierad
ab-fysiomotion-i-nacka,AB Fysiomotion i Nacka,AB Fysiomotion i Nacka,559143-6935,Ja,stockholm,Saltsjöbaden,Nacka,Saltsjöbaden,Bergandsgatan 35,133 41 Saltsjöbaden,"Bergandsgatan 35, 133 41 Saltsjöbaden",59.3293,18.0686,,,,,fysioterapeut,false,false,false,true,Fysioterapi|Rehab,0,,4.8,74,2,750,Gunilla Richardson. F-skatt: Ja. Status: Aktiv.,false,,,,,,,,,,,,,,2026-08-22,High - verifierad
aba-fysioterapi-ab,ABA Fysioterapi AB,ABA Fysioterapi AB,559548-9161,Ja,stockholm,Sollentuna,Sollentuna,Sollentuna,Edsviksvägen 110,191 43 Sollentuna,"Edsviksvägen 110, 191 43 Sollentuna",59.3293,18.0686,,,,,fysioterapeut,false,false,false,true,Fysioterapi,0,,4.8,80,2,750,F-skatt: Ja. Status: Aktiv. Nystartat 2025.,false,,,,,,,,,,,,,,2026-08-22,High - verifierad
access-rehab-naprapat-och-sjukgymnast-i-hammarby-sjostad,Access Rehab Naprapat & Sjukgymnast i Hammarby Sjöstad,Access Rehab Naprapat & Sjukgymnast i Hammarby Sjöstad,,,stockholm,Stockholm,Stockholm,Hammarby Sjöstad,Hammarby allé 150,120 66,"Hammarby allé 150, 120 66 Stockholm",59.3014,18.1043,010-202 30 20,https://www.accessrehab.se,,,naprapat,true,false,false,false,naprapati|fysioterapi|kiropraktik|idrottsskador|Nack- och ryggsmärta|Graviditetsbesvär,5,"Johanna Hellgren (Leg. Naprapat); Robin Berglind (Leg. Naprapat); Filip Danielsson (Leg. Naprapat); Erik Persson (Naprapat); Nina Gustafsson (Leg. Sjukgymnast)",4.7,89,2,870,"Multidisciplinär klinik i Hammarby Sjöstad på Hammarby Allé 150 med naprapater, sjukgymnaster och kiropraktorer. Inget remissbehov; erbjuder även ultraljudsundersökning och stötvågsbehandling.",false,"Mån–tor 07:45–21:00, fre 07:45–18:00, lör 08:00–14:00, sön stängt",07:45–21:00,07:45–21:00,07:45–21:00,07:45–21:00,07:45–18:00,08:00–14:00,Stängt,,,Friskvårdsbidrag|ePassi|Benify|Wellnet,Parkering|Nära T-bana,https://www.google.com/maps?cid=5973126203778135189|https://www.accessrehab.se/vara-kliniker/sjostaden-stockholm/|https://www.accessrehab.se/naprapat-hammarby-sjostad/,2026-07-01,High - verifierad
adam-kotknackare-naprapat-stockholm,Adam Kotknackare - Naprapat Stockholm,Adam Kotknackare Naprapati AB,559227-1786,Ja,stockholm,Stockholm,Stockholm,Vasastan,Torsgatan 36,113 62,"Torsgatan 36, 113 62 Stockholm",59.3404,18.0388,08-30 56 00,https://www.adamkotknackare.se/,,,naprapat,true,false,false,false,idrottsskador|nackbesvär|ryggskott|Nack- och ryggsmärta|Whiplash|Ischias|Löparskador,2,"Adam Mosa (Leg. Naprapat); Mathias Neeraas (Leg. Naprapat)",4.9,697,2,890,Naprapatklinik i Vasastan på Torsgatan 36 med inriktning på manuell behandling av muskel- och ledbesvär. Kliniken är bland annat naprapat för Svenska Landslaget i padel.,false,"Mån–tors 06–22, fre 06–17, lör 09–14, sön 09–12",06:00–22:00,06:00–22:00,06:00–22:00,06:00–22:00,06:00–17:00,09:00–14:00,09:00–12:00,,,ePassi|Wellnet,,https://www.google.com/maps?cid=6623741407164935858|https://www.adamkotknackare.se/|https://www.hitta.se/adam+kotknackare+naprapati/stockholm/nrbdcrru,2026-07-01,High - allabolag/bolagsregister verified 2026-08-07
agilokliniken-naprapat-stockholm-city,Agilokliniken - Naprapat Stockholm City,Agilokliniken - Naprapat Stockholm City,,,stockholm,Stockholm,Stockholm,Norrmalm,Västra Järnvägsgatan 13,111 64,"Västra Järnvägsgatan 13, 111 64 Stockholm",59.3317,18.0534,08-21 99 29,https://agilokliniken.se,https://agilokliniken.se/boka-tid-naprapat/,egen,naprapat,true,false,false,false,naprapati|stötvågsbehandling|laserbehandling|idrottsskador|Nack- och ryggsmärta|Medicinsk akupunktur,3,"Samuel Bälter (Leg. Naprapat); Wilma Lie (Leg. Fysioterapeut, Klinikchef); Carolina Michels (Leg. Naprapat)",4.8,66,2,895,"Agilokliniken City är en väletablerad naprapatklinik på Västra Järnvägsgatan 13, ett par minuters promenad från Centralstationen. Kliniken har fem behandlingsrum och erbjuder naprapati, fysioterapi, stötvågsbehandling, laserbehandling och diagnostiskt ultraljud.",false,"Mån–Tis 07:00–18:40, Ons–Tor 08:00–18:50, Fre 07:00–15:10, Lör 10:00–14:00",07:00–18:40,07:00–18:40,08:00–18:50,08:00–18:50,07:00–15:10,10:00–14:00,,1991,,,,https://www.google.com/maps?cid=15717479309363419769|https://agilokliniken.se/kliniker/naprapatklinik-city/|https://agilokliniken.se/kliniker/|https://agilokliniken.se/priser/,2026-07-01,High - verifierad
agilokliniken-hagastaden-torsplan,Agilokliniken Hagastaden (Torsplan),Agilokliniken Hagastaden (Torsplan),,,stockholm,Stockholm,Stockholm,Hagastaden,"Solnavägen 3, G",113 63,"Solnavägen 3, G, 113 63 Stockholm",59.3467,18.0315,08-872007,https://agilokliniken.se/,,,naprapat,true,false,false,false,stötvågsbehandling|idrottsskador|senskador|ryggbesvär|Nack- och ryggsmärta|Medicinsk akupunktur,3,"Kristoffer Eriksson (Leg. Naprapat); Patrik Sundström (Leg. Naprapat); Hampus Donnerheim (Leg. Naprapat)",5,44,3,920,"Naprapatklinik i Hagastaden vid Torsplan, Solnavägen 3 G, med specialisering inom stötvågsbehandling och diagnostiskt ultraljud, nära Nya Karolinska.",false,"Mån 09:00–18:00, Tis 08:00–18:30, Ons 09:00–18:30, Tor 08:00–17:00, Fre 07:00–14:30",09:00–18:00,08:00–18:30,09:00–18:30,08:00–17:00,07:00–14:30,,,,,,,https://www.google.com/maps?cid=16648802756069509244|https://agilokliniken.se/kliniker/naprapatklinik-torsplan/|https://agilokliniken.se/|https://agilokliniken.se/priser,2026-07-01,High - verifierad
aktiv-halsa-naprapat-sollentuna-rackethall,"Aktiv Hälsa, Naprapat Sollentuna Rackethall","Aktiv Hälsa, Naprapat Sollentuna Rackethall",,,stockholm,Sollentuna,Sollentuna,Sollentuna,Stubbhagsvägen 6,192 51,"Stubbhagsvägen 6, 192 51 Sollentuna",59.4449,17.9518,073-969 33 87,https://naprapatsollentunarackethall.se/,https://naprapatsollentunarackethall.se/booking/,egen,naprapat|massage,true,false,true,false,idrottsmedicin|idrottsrehabilitering|stötvågsbehandling|personlig träning|Idrottsskador|Kontorsrelaterade besvär|Nack- och ryggsmärta,1,Mats Larsson (Leg. naprapat),5,63,2,890,"Aktiv Hälsa Naprapat Sollentuna Rackethall drivs av leg. naprapat Mats Larsson, examinerad 2006 och vidareutbildad inom idrottsmedicin vid Uppsala universitet. Kliniken erbjuder naprapati, massage, personlig träning och rehabilitering i Sollentuna Rackethalls lokaler.",false,"Mån–Tors 08:00–17:00, Fre 08:00–16:00",08:00–17:00,08:00–17:00,08:00–17:00,08:00–17:00,08:00–16:00,,,,,,,https://www.google.com/maps?cid=13706652693925754408|https://naprapatsollentunarackethall.se/|https://naprapatsollentunarackethall.se/booking/,2026-07-01,High - verifierad
anna-edstroms-fysioterapi-ab,Anna Edströms Fysioterapi AB,Anna Edströms Fysioterapi AB,559176-5309,Ja,stockholm,Täby,Täby,Täby,Grindtorps Skolgränd 24,183 47 Täby,"Grindtorps Skolgränd 24, 183 47 Täby",59.3293,18.0686,070-351 31 27,,,,fysioterapeut,false,false,false,true,Fysioterapi,1,Anna Edström (Leg. Fysioterapeut),4.8,87,2,750,F-skatt: Ja. Status: Aktiv.,false,,,,,,,,,,,,,,2026-08-22,High - verifierad
arena-motion-rehab,Arena Motion & Rehab,Arena Motion & Rehab,,,stockholm,Nacka,Nacka,Nacka,Smedjegatan 18,Nacka,"Smedjegatan 18, Nacka",59.3293,18.0686,08-725 54 80,https://arenamotion.se/,,,fysioterapeut,false,false,false,true,OMT|Idrottsmedicin|Kvinnors hälsa|Smärtrehab,0,,4.8,20,2,750,Specialiserade leg. fysioterapeuter. Frikort gäller.,false,,,,,,,,,,,,,,2026-08-22,High - verifierad
arninge-rehab-och-friskvard,Arninge Rehab & Friskvård,Arninge Rehab & Friskvård,,,stockholm,Täby,Täby,Täby,Saluvägen 1,187 66,"Saluvägen 1, 187 66 Täby",59.4627,18.1341,070-589 17 04,https://www.arningerehab.se/,https://www.bokadirekt.se/places/arninge-rehab-friskvard-5604,bokadirekt,naprapat|massage,true,false,true,false,idrottsskador|idrottsmedicin|rehabilitering|dry needling|Käkbesvär (TMD)|Kontorsrelaterade besvär,2,"Magnus Hård (Leg. naprapat); Tommie Sandell (Naprapat)",4.9,48,2,875,"Arninge Rehab & Friskvård är en bred klinik i Täby som erbjuder naprapati, massage och friskvård för privatpersoner och företag. Leg. naprapat Magnus Hård har 30 års erfarenhet och meriter från bland annat Svenska friidrottsförbundet och Djurgårdens IF.",false,"Mån 09:00–17:30, tis 09:00–19:00, ons 09:00–17:30, tor 09:00–18:00, fre 09:00–17:00, lör–sön stängt",09:00–17:30,09:00–19:00,09:00–17:30,09:00–18:00,09:00–17:00,Stängt,Stängt,,,,Rullstolsanpassad,https://www.google.com/maps?cid=11781137840700533506|https://www.arningerehab.se/boka-naprapat/|https://www.bokadirekt.se/places/arninge-rehab-friskvard-5604,2026-07-01,High - verifierad
athletic-medicine,Athletic Medicine,Athletic Medicine,,,stockholm,Stockholm,Stockholm,Södermalm,Hornsgatan 74,118 21,"Hornsgatan 74, 118 21 Stockholm",59.3184,18.0576,072 222 37 95,http://athleticmedicine.se,,,naprapat,true,false,false,false,naprapati|idrottsskador|personlig träning|rehabilitering|Löparskador,1,"Björn Hermansson (Leg. Naprapat, Master i Naprapati & Hälsa)",5,31,,,"Athletic Medicine är en naprapatik- och träningsklinik på Hornsgatan 74 på Södermalm, driven av Björn Hermansson som är legitimerad naprapat med masterexamen. Kliniken är inriktad på idrottsmedicin och erbjuder naprapati, personlig träning och hälsoscreening.",false,"Mån–fre 08–17, lör–sön stängt",08:00–17:00,08:00–17:00,08:00–17:00,08:00–17:00,08:00–17:00,Stängt,Stängt,,,,,https://www.google.com/maps?cid=7324623295423602712|http://athleticmedicine.se/|https://www.inmo.se/nyhetsarkiv/2024/12/3/inmo-vxer-vi-introducerar-nu-inmo-hornsgatan,2026-07-01,High - verifierad
battr3-ab,Bättr3 AB,Bättr3 AB,559174-3710,Ja,stockholm,Lidingö,Lidingö,Lidingö,Stockholmsvägen 97,181 31 Lidingö,"Stockholmsvägen 97, 181 31 Lidingö",59.3293,18.0686,,,,,fysioterapeut,false,false,false,true,Fysioterapi,0,,4.8,99,2,750,Status: Aktiv.,false,,,,,,,,,,,,,,2026-08-22,High - verifierad
bc-fysio-ab,BC Fysio AB,BC Fysio AB,556990-7297,Ja,stockholm,Nacka,Nacka,Nacka,Fasanvägen 31,131 44 Nacka,"Fasanvägen 31, 131 44 Nacka",59.3293,18.0686,073-956 93 39,,,,fysioterapeut,false,false,false,true,Fysioterapi,0,,4.8,43,2,750,Birgitta Carlsson. F-skatt: Ja. Status: Aktiv.,false,,,,,,,,,,,,,,2026-08-22,High - verifierad
behandling-a-o-naprapati,Behandling A-Ö Naprapati,Behandling Anton Öhman AB,559250-5316,Ja,stockholm,Stockholm,Stockholm,Vasastan,Odengatan 106,113 22,"Odengatan 106, 113 22 Stockholm",59.3402,18.0391,073-229 50 03,https://aobehandling.se/,,,naprapat|massage,true,false,true,false,ryggbesvär|nackbesvär|tennisarmbåge|Nack- och ryggsmärta|Idrottsskador|Huvudvärk|Kontorsrelaterade besvär,1,Anton Öhman (Leg. Naprapat),5,75,2,800,"Naprapatklinik på Odengatan 106 i Vasastan nära Sankt Eriksplan, med akuttider varje dag och kombination av naprapati, massage och personlig träning.",false,Måndag–söndag 07:00–20:00,08:00–20:00,08:00–20:00,08:00–20:00,08:00–20:00,08:00–17:00,,,,,Actiway|ePassi|Wellnet,,https://www.google.com/maps?cid=13827967241201869557|https://aobehandling.se/naprapat-stockholm|https://aobehandling.se/,2026-07-01,High - allabolag verified 2026-08-07
bertil-fysioterapeut-fysioteamet-stockholm,Bertil Fysioterapeut / Fysioteamet Stockholm,Bertil Fysioterapeut / Fysioteamet Stockholm,,,stockholm,Johanneshov,Stockholm,Johanneshov,Slakthusplan 2,121 62 Johanneshov,"Slakthusplan 2, 121 62 Johanneshov",59.3293,18.0686,08-686 06 80,https://www.bertilfysio.com/,,,fysioterapeut,false,false,false,true,Idrottsmedicin|Barn/ungdom,1,Bertil (Leg. Fysioterapeut),4.8,44,2,750,Specialist idrottsmedicin.,false,,,,,,,,,,,,,,2026-08-22,High - verifierad
camilla-westling-leg-naprapat-ab,Camilla Westling Leg Naprapat AB,Camilla Westling Leg Naprapat AB,556870-7201,Ja,stockholm,Stockholm,Stockholm,Södermalm,Götgatan 60,118 26,"Götgatan 60, 118 26 Stockholm",59.3137,18.0734,070-930 14 86,https://www.naprapatwestling.se,https://naprapatwestling.bokamera.se/book,egen,naprapat,true,false,false,false,naprapati|laser|ergonomi,1,Camilla Westling (Leg. Naprapat),4.9,57,,,"Camilla Westling Leg Naprapat AB är en enpersonsklinik på Götgatan 60 på Södermalm, nära tunnelbanestationen Medborgarplatsen. Camilla Westling är legitimerad naprapat sedan 2001 och medlem i Svenska Naprapatförbundet.",false,"Tis 07:30–17:00, Ons 07:30–14:00, Tor 07:30–16:00, Fre 07:30–12:00, Lör 10:00–",Stängt,Stängt,Stängt,07:30–16:00,07:30–12:30,09:00–15:00,Stängt,,,,,https://www.google.com/maps?cid=18029078411903593705|https://www.naprapatwestling.se/|https://www.naprapatwestling.se/om-mig/|https://www.naprapatwestling.se/bokamera/,2026-07-01,High - allabolag/bolagsregister verified 2026-08-07
capio-rehab-selma,Capio Rehab Selma,Capio Rehab Selma,,,stockholm,Hisings Backa,Göteborg,Hisings Backa,Selma Lagerlöfs Torg 1,422 48 Hisings Backa,"Selma Lagerlöfs Torg 1, 422 48 Hisings Backa",57.74,11.96,031-722 11 70,,,,fysioterapeut,false,false,false,true,Fysioterapi|Rehab,0,,4.8,32,2,750,Capio. Vårdval.,false,,,,,,,,,,,,,,2026-08-22,High - verifierad
carlssons-fysioterapi,Carlsson's Fysioterapi,Carlsson's Fysioterapi,,,stockholm,Stockholm,Stockholm,Centrum,Södermannagatan 62,116 65 Stockholm,"Södermannagatan 62, 116 65 Stockholm",59.3293,18.0686,073-593 01 00,,https://www.bokadirekt.se/places/carlssons-fysioterapi-29627,bokadirekt,fysioterapeut,false,false,false,true,Sjukgymnastik|Craniosacral,0,,4.8,84,2,750,Agneta Carlsson.,false,,,,,,,,,,,,,,2026-08-22,High - verifierad
city-naprapaterna,City Naprapaterna,Citynaprapaterna i Sverige AB,559292-5308,Ja,stockholm,Stockholm,Stockholm,Vasastan,Västmannagatan 16,113 60,"Västmannagatan 16, 113 60 Stockholm",59.3376,18.0519,08-30 60 79,https://citynaprapaterna.se/,,,naprapat,true,false,false,false,nackbesvär|ryggbesvär|idrottsskador|akupunktur|Nack- och ryggsmärta|Huvudvärk|Ischias,6,"Anders Benktander (Leg. Naprapat); Daniel Holmström (Leg. Naprapat); Sofia Rosendahl (Leg. Naprapat); Ursula Wecke (Leg. Naprapat); Margareta Runmon-Hasselgren (Leg. Naprapat); Mats Emilsson (Leg. Naprapat)",5,143,2,840,"Etablerad naprapatklinik i hjärtat av Vasastan på Västmannagatan 16, grundad 1985, med ett flertal legitimerade naprapater och bred erfarenhet av manuell behandling.",false,"Mån–tor 06:30–20:00, fre 06:30–16:00, lör 10:00–14:00",07:00–20:00,07:00–20:00,07:00–20:00,07:00–20:00,07:00–17:00,,,1985,,,,https://www.google.com/maps?cid=15603850318708448896|https://citynaprapaterna.se/|https://citynaprapaterna.se/om-oss/|https://www.varden.se/vardgivare/22260-citynaprapaterna,2026-07-01,High - allabolag verified 2026-08-07
dinsjukgymnast-roslags-nasby-sjukgymnastik,DinSjukgymnast / Roslags Näsby Sjukgymnastik,DinSjukgymnast / Roslags Näsby Sjukgymnastik,,,stockholm,Täby,Täby,Täby,Kanalvägen 17,183 38 Täby,"Kanalvägen 17, 183 38 Täby",59.3293,18.0686,08-473 64 05,https://dinsjukgymnast.se/,,,fysioterapeut,false,false,false,true,OMT|Akupunktur|Stötvåg|Ultraljud|McKenzie,0,,4.8,38,2,750,Privat fysioterapimottagning i Roslags Näsby. Ansluten Region Stockholm.,false,,,,,,,,,,,,,,2026-08-22,High - verifierad
ea-fysio-ab,EA Fysio AB,EA Fysio AB,556771-5866,Ja,stockholm,Stockholm,Stockholm,Centrum,Korphoppsgatan 26,120 65 Stockholm,"Korphoppsgatan 26, 120 65 Stockholm",59.3293,18.0686,,,,,fysioterapeut,false,false,false,true,Fysioterapi,0,,4.8,43,2,750,Status: Aktiv.,false,,,,,,,,,,,,,,2026-08-22,High - verifierad
engelbrekts-kiropraktorcenter,Engelbrekts Kiropraktorcenter,Engelbrekts Kiropraktorcenter AB,556747-4605,Ja,stockholm,Stockholm,Stockholm,Östermalm,Engelbrektsgatan 39,114 32,"Engelbrektsgatan 39, 114 32 Stockholm",,,08-22 20 90,https://idrottsskadeexperten.se,,,kiropraktik,false,true,false,false,,2,"Frode Bakken (Leg. kiropraktor); Vibeke Veslehaug",4.9,149,,,,false,,,,,,,,,,,,,,2026-08-07,High - allabolag verified 2026-08-07
feelgood-fysioterapi,Feelgood Fysioterapi,Feelgood Fysioterapi,556292-2608,Ja,stockholm,Stockholm,Stockholm,Norrmalm,Grev Turegatan 34,114 38,"Grev Turegatan 34, 114 38 Norrmalm",59.3382,18.0761,08-505 797 00,https://feelgoodfysio.se,https://feelgoodfysio.se,egen,fysioterapi,false,false,false,true,fysioterapi|rehabilitering,0,,0,0,1,200,Legitimerad fysioterapi ansluten till Region Stockholm. Frikort och högkostnadsskydd gäller.,false,,,,,,,,,,,,,,2026-08-23,High
feelgood-fysioterapi-stockholm,Feelgood Fysioterapi Stockholm,Feelgood Fysioterapi Stockholm,,,stockholm,Stockholm,Stockholm,Centrum,Grev Turegatan 34,Stockholm,"Grev Turegatan 34, Stockholm",59.3293,18.0686,,https://feelgoodfysio.se/,,,fysioterapeut,false,false,false,true,Specialiserad fysioterapi,0,,4.8,25,2,750,Ansluten Region Stockholm.,false,,,,,,,,,,,,,,2026-08-22,High - verifierad
friska-tag-fysio,Friska Tag Fysio,Friska Tag Fysio,,,stockholm,Stockholm,Stockholm,Centrum,Värtavägen 30,Stockholm,"Värtavägen 30, Stockholm",59.3293,18.0686,08-134 100,https://friskatag.se/,,,fysioterapeut,false,false,false,true,OMT|Akupunktur|Stötvåg,0,,4.8,51,2,750,Ansluten Region Stockholm.,false,,,,,,,,,,,,,,2026-08-22,High - verifierad
friskispraktiken,Friskispraktiken,Friskispraktiken,,,stockholm,Stockholm,Stockholm,Centrum,Adolf Fredriks kyrkogata 2,111 37 Stockholm,"Adolf Fredriks kyrkogata 2, 111 37 Stockholm",59.3293,18.0686,08-545 254 90,http://www.friskispraktiken.se,,,fysioterapeut,false,false,false,true,OMT|Kvinnors hälsa,0,,4.8,65,2,750,Specialister OMT och kvinnors hälsa.,false,,,,,,,,,,,,,,2026-08-22,High - verifierad
full-funktion-naprapatklinik,Full Funktion - Naprapatklinik,Full Funktion - Naprapatklinik,,,stockholm,Stockholm,Stockholm,Norrmalm,Tegnérgatan 51,111 61,"Tegnérgatan 51, 111 61 Stockholm",59.3374,18.0523,08-400 26 104,https://fullfunktion.se/,,,naprapat,true,false,false,false,idrottsskador|ryggbesvär|ortopediska inläggssulor|stötvågsbehandling|Nack- och ryggsmärta|Ischias|Whiplash|Medicinsk akupunktur,1,Martin Erlandsson (Leg. Naprapat),4.8,58,2,770,Naprapatklinik på Tegnérgatan 51 i Vasastan med legitimerade naprapater och tillverkning av ortopediska inläggssulor på plats.,false,"Mån–Tor 08:00–20:00, Fre 08:00–19:00, Lör 10:00–16:00, Sön 11:00–17:00",08:00–20:00,08:00–20:00,08:00–20:00,08:00–20:00,08:00–19:00,10:00–16:00,11:00–17:00,,,,,https://www.google.com/maps?cid=2577425573435107546|https://fullfunktion.se/|https://fullfunktion.se/om-oss/kontakt/|https://fullfunktion.se/om-oss/|https://fullfunktion.se/om-oss/prislista/,2026-07-01,High - verifierad
furuhojden-rehabcenter,Furuhöjden Rehabcenter,Furuhöjden Rehabcenter,,,stockholm,Täby,Täby,Täby,Enhagsvägen 16,187 40 Täby,"Enhagsvägen 16, 187 40 Täby",59.3293,18.0686,08-630 83 50,https://furuhojden.se/rehabcenter/,,,fysioterapeut,false,false,false,true,Specialiserad fysioterapi|Ortopedi|Neurologi|Smärta,0,,4.8,98,2,750,Specialistfysioterapeuter. Ansluten Region Stockholm.,false,,,,,,,,,,,,,,2026-08-22,High - verifierad
fysioetana-ab,FYSIOETANA AB,FYSIOETANA AB,556829-1131,Ja,stockholm,Stockholm,Stockholm,Centrum,Kungsgatan 60,111 22 Stockholm,"Kungsgatan 60, 111 22 Stockholm",59.3293,18.0686,,https://www.fysioetana.se,https://www.bokadirekt.se/places/fysioetana-5043,bokadirekt,fysioterapeut,false,false,false,true,OMT|Akupunktur,0,,4.8,42,2,750,F-skatt: Ja. Status: Aktiv.,false,,,,,,,,,,,,,,2026-08-22,High - verifierad
fysiohallen-akt-ab,Fysiohallen AKT AB,Fysiohallen AKT AB,559436-0850,Ja,stockholm,Solna,Solna,Solna,Svetsarvägen 22,171 41 Solna,"Svetsarvägen 22, 171 41 Solna",59.3293,18.0686,,,,,fysioterapeut,false,false,false,true,Fysioterapi,0,,4.8,97,2,750,F-skatt: Ja. Status: Aktiv.,false,,,,,,,,,,,,,,2026-08-22,High - verifierad
fysiohalsan-taby-ab,Fysiohälsan Täby AB,Fysiohälsan Täby AB,556779-7633,Ja,stockholm,Täby,Täby,Täby,Vallarevägen 43,183 51 Täby,"Vallarevägen 43, 183 51 Täby",59.3293,18.0686,,,,,fysioterapeut,false,false,false,true,Fysioterapi,0,,4.8,25,2,750,F-skatt: Ja. Status: Aktiv.,false,,,,,,,,,,,,,,2026-08-22,High - verifierad
fysioterapi-eva-h-gustafsson,Fysioterapi Eva H Gustafsson,Fysioterapi Eva H Gustafsson,,,stockholm,Sollentuna,Sollentuna,Sollentuna,Sollentunavägen 163 C,191 47 Sollentuna,"Sollentunavägen 163 C, 191 47 Sollentuna",59.3293,18.0686,070-546 14 00,,https://www.bokadirekt.se/places/fysioterapi-eva-h-gustafsson-1807,bokadirekt,fysioterapeut,false,false,false,true,Fysioterapi,1,Eva H Gustafsson (Leg. Fysioterapeut),4.8,50,2,750,Leg. sedan 1990. Frikort gäller.,false,,,,,,,,,,,,,,2026-08-22,High - verifierad
garpenschld-kiropraktik,Garpenschöld Kiropraktik,Garpenschöld Kiropraktik,,,stockholm,Stockholm,Stockholm,Norrmalm,Stureplan 4,114 35,"Stureplan 4, 114 35 Norrmalm",59.335,18.073,070-400 99 96,https://garpenkiropraktik.se,https://www.bokadirekt.se/places/garpenschold-kiropraktik-46522,bokadirekt,kiropraktor,false,true,false,false,kiropraktik,0,,0,0,2,750,"Leg. kiropraktor Sebastian Garpenschöld, verksam vid Sturebadet med över 10 års erfarenhet.",false,,,,,,,,,,,,,,2026-08-23,High
gustav-nordstrom-fysioterapi-ab,Gustav Nordström Fysioterapi AB,Gustav Nordström Fysioterapi AB,559532-2362,Ja,stockholm,Solna,Solna,Solna,Ingrid Bergmans Väg 19,169 40 Solna,"Ingrid Bergmans Väg 19, 169 40 Solna",59.3293,18.0686,,,,,fysioterapeut,false,false,false,true,Fysioterapi,1,Gustav Nordström (Leg. Fysioterapeut),4.8,38,2,750,F-skatt: Ja. Status: Aktiv. Nystartat 2025.,false,,,,,,,,,,,,,,2026-08-22,High - verifierad
hela-kroppen-fysiocenter-sverige-ab,Hela Kroppen Fysiocenter Sverige AB,Hela Kroppen Fysiocenter Sverige AB,556491-6764,Ja,stockholm,Stockholm,Stockholm,Centrum,Kapellgränd 13,116 25 Stockholm,"Kapellgränd 13, 116 25 Stockholm",59.3293,18.0686,08-556 971 30,https://privat.helakroppen.se/,,,fysioterapeut,false,false,false,true,Fysioterapi|Idrottsmedicin,0,,4.8,91,2,750,F-skatt: Ja. Status: Aktiv.,false,,,,,,,,,,,,,,2026-08-22,High - verifierad
helena-kall-fysioterapi-ab,Helena Käll Fysioterapi AB,Helena Käll Fysioterapi AB,556975-2032,Ja,stockholm,Täby,Täby,Täby,Margaretavägen 44,187 74 Täby,"Margaretavägen 44, 187 74 Täby",59.3293,18.0686,073-530 94 10,,,,fysioterapeut,false,false,false,true,Fysioterapi,1,Helena Käll (Leg. Fysioterapeut),4.8,91,2,750,F-skatt: Ja. Status: Aktiv.,false,,,,,,,,,,,,,,2026-08-22,High - verifierad
joylife-fysioterapi-naprapat-och-kiropraktor-fridhemsplan,"Joylife Fysioterapi, Naprapat & Kiropraktor Fridhemsplan",Joylife Healthcare AB,556803-9985,Ja,stockholm,Stockholm,Stockholm,Kungsholmen,Sankt Eriksgatan 50,112 34,"Sankt Eriksgatan 50, 112 34 Stockholm",59.3356,18.0338,070-6000 600,https://joylife.se/,,,naprapat|kiropraktor,true,true,false,false,idrottsskador|ryggbesvär|nackbesvär|Nack- och ryggsmärta,4,"Marika Jingblad (Leg. Naprapat); Mikael Jingblad (Leg. Naprapat); Karin Sunnanbo (Leg. Kiropraktor); Jimmy Kjell (Leg. Fysioterapeut)",4.8,123,2,895,"Multidisciplinär klinik på Sankt Eriksgatan 50 inne på Nordic Wellness vid Fridhemsplan, med naprapater, kiropraktorer och fysioterapeuter under samma tak.",false,Vardagar 07:00–19:00,07:00–19:00,07:00–19:00,07:00–19:00,07:00–19:00,07:00–19:00,,,,,Friskvårdsbidrag,Nära T-bana,https://www.google.com/maps?cid=7043678538206818033|https://joylife.se/naprapat-fridhemsplan|https://joylife.se/stockholm|https://joylife.se/priser-stockholm-solna,2026-07-01,High - verifierad
joylife-naprapati-chiropractic-and-massage,"Joylife Naprapati, Chiropractic and Massage",Joylife Healthcare AB,556803-9985,Ja,stockholm,Solna,Solna,Solna,Dalvägen 24,169 79,"Dalvägen 24, 169 79 Solna",59.3696,18.0005,070-6000 600,https://joylife.se,https://www.bokadirekt.se/profile-places/joylife-solna-129456,bokadirekt,naprapat|kiropraktor|massage,true,true,true,false,naprapati|kiropraktik|fysioterapi|idrottsmassage|Kontorsrelaterade besvär|Ischias|Idrottsskador|Nack- och ryggsmärta|Huvudvärk|Stötvågsbehandling,1,Jimmy Kjell (klinikchef),4.7,127,2,870,"Joylife Solna är en multidisciplinär klinik vid Dalvägen 24 i Solna Business Park med ett team av legitimerade naprapater, kiropraktorer och fysioterapeuter. Kliniken använder modern diagnostik som ultraljud, laser och stötvågsbehandling och är en del av Joylife Healthcare AB, som beskriver sig som ett rikstäckande nätverk.",false,"Måndag–fredag 07:00–19:00, lördag–söndag stängt",07:00–19:00,07:00–19:00,07:00–19:00,07:00–19:00,07:00–19:00,,,,,Friskvårdsbidrag,,https://www.google.com/maps?cid=13497872412026336293|https://joylife.se/solna|https://www.bokadirekt.se/profile-places/joylife-solna-129456|https://joylife.se/fysioterapeut-solna,2026-07-01,High - verifierad
kan-kliniken-stockholm,KAN-kliniken,KAN-kliniken,,,stockholm,Stockholm,Stockholm,Vasastan,Döbelnsgatan 57,113 52,"Döbelnsgatan 57, 113 52 Stockholm",,,08-21 15 05,https://www.kankliniken.se,,,"kiropraktik,massage",false,true,true,false,,0,,0,0,,,,false,,,,,,,,,,,,,,2026-08-07,Medium - website verified 2026-08-07
sodermalm-terapicenter-kiropraktik,Kiropraktik Södermalm Terapicenter,Södermalm Terapicenter AB,559066-7217,Ja,stockholm,Stockholm,Stockholm,Södermalm,Hornsgatan 108,117 26,"Hornsgatan 108, 117 26 Stockholm",,,076-213 53 00,https://www.sodermalmterapicenter.com,,,"kiropraktik,massage,naprapati",true,true,true,false,,2,"Thobias Ekhamre (Leg. kiropraktor); Mehran Karimkhani (Leg. kiropraktor)",4.8,1996,,,,false,,,,,,,,,,,,,,2026-08-07,High - allabolag + Bokadirekt verified 2026-08-07
kiropraktorvard-stockholm-kungsholmen,Kiropraktorvård Stockholm Kungsholmen,Kiropraktorvård Stockholm Kungsholmen,,,stockholm,Stockholm,Stockholm,Kungsholmen,Sankt Eriksgatan 37A,112 34,"Sankt Eriksgatan 37A, 112 34 Stockholm",,,08-502 35 426,https://kiropraktorvard.se,,,"kiropraktik,massage",false,true,true,false,,3,"Marcus; Martin; Emelie (Leg. kiropraktorer)",5,222,,,,false,,,,,,,,,,,,,,2026-08-07,High - website verified 2026-08-07
kroppex-norra-djurgardsstaden-naprapat,Kroppex Norra Djurgårdsstaden - Naprapat,Kroppex AB,559148-5619,Ja,stockholm,Stockholm,Stockholm,Norra Djurgårdsstaden,Bobergsgatan 57,115 47,"Bobergsgatan 57, 115 47 Stockholm",59.3588,18.0918,08-744 30 94,https://kroppex.se/kroppex-norra-djurgardsstaden/,https://www.bokadirekt.se/places/kroppex-norra-djurgardsstaden-39929,bokadirekt,naprapat|massage,true,false,true,false,naprapati|dry needling|idrottsmassage|rehabilitering|Löparskador|Huvudvärk|Nack- och ryggsmärta|Idrottsskador,1,Henri Kallastu (Leg. Naprapat),5,59,2,800,"Kroppex Norra Djurgårdsstaden på Bobergsgatan 57 är en naprapatklinik med öppettider även på helger. Kliniken drivs av den legitimerade naprapaten Henri Kallastu och har nära 1 000 betyg via Bokadirekt med ett snittbetyg på 4,9.",false,"Måndag 13:00–19:00, tisdag 08:00–18:00, onsdag 13:00–19:00, torsdag 08:00–19:00, fredag 13:00–18:00, lördag 10:00–15:00, söndag 09:00–15:00",13:00–19:00,08:00–18:00,13:00–19:00,08:00–19:00,13:00–18:00,10:00–15:00,09:00–15:00,,,Friskvårdsbidrag|ePassi|Benify,,https://www.google.com/maps?cid=13259055022833367569|https://kroppex.se/kroppex-norra-djurgardsstaden/|https://www.bokadirekt.se/places/kroppex-norra-djurgardsstaden-39929|https://kroppex.se/kroppex-kliniker/,2026-07-01,High - allabolag/bolagsregister verified 2026-08-07
kroppex-odenplan-naprapat,Kroppex Odenplan - Naprapat,Kroppex AB,559148-5619,Ja,stockholm,Stockholm,Stockholm,Vasastan,Odengatan 36,113 51,"Odengatan 36, 113 51 Stockholm",59.3449,18.0587,08-744 30 94,https://kroppex.se/,https://www.bokadirekt.se/places/kroppex-odenplan-29449,bokadirekt,naprapat,true,false,false,false,nackbesvär|ryggbesvär|idrottsskador|dry needling|Löparskador|Huvudvärk,2,"Daniel Löfqvist (Leg. Naprapat); Robert Gaspar (Naprapat)",5,157,2,800,"Naprapatklinik vid Odenplan, Odengatan 36, med öppethållande alla dagar i veckan och online-bokning via Bokadirekt.",false,"Mån 07:30–18:30, Tis 09:00–20:00, Ons 07:00–20:00, Tor 09:00–16:00, Fre 07:00–20:00, Lör 10:00–16:00, Sön 10:00–17:00",07:30–18:30,09:00–20:00,07:00–20:00,09:00–16:00,07:00–20:00,10:00–16:00,10:00–17:00,,,,,https://www.google.com/maps?cid=8290208603206136742|https://kroppex.se/kroppex-odenplan/|https://www.bokadirekt.se/places/kroppex-odenplan-29449,2026-07-01,High - allabolag/bolagsregister verified 2026-08-07
kroppex-solna-naprapat,Kroppex Solna - Naprapat,Kroppex AB,559148-5619,Ja,stockholm,Solna,Solna,Solna,Johan Enbergs väg 20,171 61,"Johan Enbergs väg 20, 171 61 Solna",59.3477,18.0032,08-744 30 94,https://kroppex.se,https://www.bokadirekt.se/places/kroppex-solna-49310,bokadirekt,naprapat|massage,true,false,true,false,naprapati|dry needling|idrottsmassage|akupunktur|Löparskador|Huvudvärk|Nack- och ryggsmärta|Idrottsskador,1,Ruddy Hernandez (Leg. naprapat),5,22,2,800,"Kroppex Solna är beläget vid Johan Enbergs väg 20 i Västra Skogen, direkt vid tunnelbanan, och erbjuder naprapati, dry needling, akupunktur, idrottsmassage och träning. Kliniken ingår i Kroppex-kedjan med tre Stockholmsområdeskliniker.",false,"Vardagar och helger; öppet alla dagar i veckan",,,,,,,,,,Friskvårdsbidrag|ePassi|Benify,,https://www.google.com/maps?cid=16762489540199931439|https://kroppex.se/kroppex-solna/|https://www.bokadirekt.se/places/kroppex-solna-49310|https://kroppex.se/,2026-07-01,High - allabolag/bolagsregister verified 2026-08-07
kungsholmens-kiropraktik-rehab,Kungsholmens Kiropraktik & Rehab,Kungsholmens Kiropraktik & Rehab,,,stockholm,Stockholm,Stockholm,Kungsholmen,Sankt Eriksgatan 7,112 39,"Sankt Eriksgatan 7, 112 39 Stockholm",,,,https://www.timecenter.se/kungsholmenskiropraktikrehab/,,,kiropraktik,false,true,false,false,,1,Suzanne Nay (Leg. kiropraktor),5,180,,,,false,,,,,,,,,,,,,,2026-08-07,High - website verified 2026-08-07
l-palmr-fysioterapi-ab,L Palmér Fysioterapi AB,L Palmér Fysioterapi AB,556990-7982,Ja,stockholm,Stockholm,Stockholm,Centrum,Dianavägen 22,115 42 Stockholm,"Dianavägen 22, 115 42 Stockholm",59.3293,18.0686,08-651 48 58,,,,fysioterapeut,false,false,false,true,Fysioterapi,0,,4.8,25,2,750,Lena Palmér. F-skatt: Ja. Status: Aktiv.,false,,,,,,,,,,,,,,2026-08-22,High - verifierad
lidingo-fysioterapi-ab,Lidingö Fysioterapi AB,Lidingö Fysioterapi AB,556696-4937,Ja,stockholm,Lidingö,Lidingö,Lidingö,Prismastigen 6,181 55 Lidingö,"Prismastigen 6, 181 55 Lidingö",59.3293,18.0686,08-731 66 50,,,,fysioterapeut,false,false,false,true,Fysioterapi,0,,4.8,46,2,750,Status: Aktiv.,false,,,,,,,,,,,,,,2026-08-22,High - verifierad
lidingo-ortopedmedicinska-team-ab,Lidingö Ortopedmedicinska Team AB,Lidingö Ortopedmedicinska Team AB,556728-5878,Ja,stockholm,Lidingö,Lidingö,Lidingö,Lejonstigen 2,181 32 Lidingö,"Lejonstigen 2, 181 32 Lidingö",59.3293,18.0686,08-544 806 00,http://lomtab.se,,,fysioterapeut,false,false,false,true,OMT|Ortopedisk medicin|Idrottsskador,0,,4.8,79,2,750,Privat mottagning med leg. fysioterapeuter och läkare. Avtal Region Stockholm. F-skatt: Ja. Status: Aktiv.,false,,,,,,,,,,,,,,2026-08-22,High - verifierad
lidstrom-sjukgymnastik-ab,Lidström Sjukgymnastik AB,Lidström Sjukgymnastik AB,556828-6503,Ja,stockholm,Vårby,Huddinge,Vårby,Botkyrkavägen 4,143 30 Vårby,"Botkyrkavägen 4, 143 30 Vårby",59.3293,18.0686,070-825 64 35,,,,fysioterapeut,false,false,false,true,OMT,0,,4.8,80,2,750,Ann-Mari Lidström. F-skatt: Ja. Status: Aktiv.,false,,,,,,,,,,,,,,2026-08-22,High - verifierad
limbra-arenastaden,Limbra Arenastaden,Limbra Arenastaden,,,stockholm,Solna,Solna,Solna,Evenemangsgatan 17,169 79,"Evenemangsgatan 17, 169 79 Solna",59.3699,18.0017,010-768 10 30,https://limbra.se,https://limbra.se/kliniker/arenastaden/,egen,naprapat,true,false,false,false,naprapati|fysioterapi|idrottsskador|stötvågsbehandling|Kontorsrelaterade besvär|Nack- och ryggsmärta|Huvudvärk,7,"Erica Söderqvist (Leg. naprapat); Frida Linder (Leg. naprapat); Karl Hagberg (Leg. naprapat); Kristian Kovanen (Leg. naprapat); Hanna-Maria Pekola (Leg. fysioterapeut); Linnéa Zwedberg (Leg. fysioterapeut); Victor Hjelmström (Leg. naprapat)",4.6,68,3,920,"Limbra Arenastaden (tidigare Naprapatlandslaget Arenastaden) är en klinik i Solna vid Evenemangsgatan 17, intill Mall of Scandinavia, med ett team av fyra legitimerade naprapater och två legitimerade fysioterapeuter. Kliniken ingår i Limbra-nätverket som samlar manual- och fysioterapeutiska kliniker nationellt.",false,"Måndag–torsdag 07:00–19:00, fredag 07:00–18:00, lördag 10:00–15:00, söndag stängt",07:00–19:00,07:00–19:00,07:00–19:00,07:00–19:00,07:00–18:00,10:00–15:00,Stängt,,,Swish|Kort,,https://www.google.com/maps?cid=614798698498207455|https://limbra.se/kliniker/arenastaden/|https://www.naprapatlandslaget.se/klinik/stockholm-arenastaden/|https://limbra.se/priser/,2026-07-01,High - verifierad
limbra-hornstull,Limbra Hornstull,Limbra Hornstull,,,stockholm,Stockholm,Stockholm,Södermalm,Verkstadsgatan 2,117 28,"Verkstadsgatan 2, 117 28 Stockholm",59.3178,18.0319,010-768 10 30,https://limbra.se,https://limbra.se/kliniker/hornstull/,egen,naprapat,true,false,false,false,naprapati|rehabilitering|dry needling|stötvåg|Idrottsskador|Nack- och ryggsmärta|Huvudvärk|Ischias,1,Daniel Ryholt (Leg. Naprapat),4.8,67,,,"Naprapatklinik i Hornstull på Verkstadsgatan 2, tidigare Naprapatlandslaget Hornstull och numera del av Limbra-kedjan. Erbjuder individanpassad naprapatbehandling och rehabilitering for akuta och långvariga besvär.",false,"Mån–fre 07:00–19:00, lör–sön stängt",07:00–19:00,07:00–19:00,07:00–19:00,07:00–19:00,07:00–19:00,Stängt,Stängt,,,Kort|Swish,,https://www.google.com/maps?cid=463523704248412266|https://limbra.se/kliniker/hornstull/|https://www.naprapatlandslaget.se/klinik/stockholm-hornstull/,2026-07-01,High - verifierad
limbra-odenplan,Limbra Odenplan,Limbra Odenplan,,,stockholm,Stockholm,Stockholm,Vasastan,Norrtullsgatan 4,113 29,"Norrtullsgatan 4, 113 29 Stockholm",59.3421,18.052,010-768 10 30,https://limbra.se/,,,naprapat,true,false,false,false,nackbesvär|ryggbesvär|idrottsskador|bäckenbesvär|Nack- och ryggsmärta|Huvudvärk|Kontorsrelaterade besvär,5,"Anna Hansson (Leg. Naprapat); Emil Olsson (Leg. Naprapat); Hampus Nordenström (Leg. Naprapat); Liz Söderman (Leg. Naprapat); Marie Öijvall (Leg. Naprapat)",4.7,46,3,920,"Naprapatklinik vid Odenplan, Norrtullsgatan 4, tidigare Naprapatlandslaget Odenplan, nu en del av Limbra-kedjan, med fem legitimerade naprapater.",false,"Mån–Fre 07:00–19:00, Lör 10:00–15:00, Sön stängt",07:00–20:00,07:00–20:00,07:00–20:00,07:00–20:00,07:00–18:00,Stängt,Stängt,,,Kort|Swish,,https://www.google.com/maps?cid=15245551211505606980|https://limbra.se/kliniker/odenplan/|https://www.naprapatlandslaget.se/klinik/stockholm-odenplan/,2026-07-01,High - verifierad
limbra-ostermalm,Limbra Östermalm,Limbra Östermalm,,,stockholm,Stockholm,Stockholm,Östermalm,Sturegatan 64,114 31,"Sturegatan 64, 114 31 Stockholm",59.3432,18.0789,010-768 10 30,https://limbra.se/,https://limbra.se/city/stockholm/,egen,naprapat|massage,true,false,true,false,naprapati|kiropraktik|fysioterapi|massage|Nack- och ryggsmärta|Idrottsskador,0,,5,34,2,895,"Limbra Östermalm på Sturegatan 64 är en del av Limbra AB, som samlar de tidigare kedjorna Naprapatlandslaget, Muskelcentrum och The Clinic under ett gemensamt varumärke. Kliniken erbjuder naprapati, kiropraktik, fysioterapi och massage.",false,Måndag–fredag 07:00–18:00 (enligt Kiropraktorkartan),07:00–18:00,07:00–18:00,07:00–18:00,07:00–18:00,07:00–18:00,Stängt,Stängt,,,Kort|Swish,Nära T-bana|Parkering,https://www.google.com/maps?cid=10825215532023926722|https://limbra.se/city/stockholm/|https://limbra.se/|https://www.brucestudios.com/en/studios/7175/limbra-ostermalm|https://limbra.se/klinik/ostermalm/,2026-07-01,High - verifierad
limbra-sodermalm-sofo,Limbra Södermalm SoFo,Limbra Södermalm SoFo,,,stockholm,Stockholm,Stockholm,Södermalm,Kocksgatan 24,116 24,"Kocksgatan 24, 116 24 Stockholm",59.314,18.0782,010-768 10 30,https://limbra.se,https://limbra.se/kliniker/sodermalm/,egen,naprapat,true,false,false,false,naprapati|idrottsskador|rygg och nacke|kontorsrelaterade besvär|Nack- och ryggsmärta|Huvudvärk,6,"Katrin Hanson (Leg. Naprapat); Maja Armandt (Leg. Naprapat); Mats Armandt (Leg. Naprapat); Frida Fredriksen (Leg. Naprapat); Jesper Jonsson (Leg. Naprapat); Kjell Gottling (Leg. Naprapat)",4.7,66,2,920,"Limbra Södermalm SoFo (tidigare Naprapatlandslaget Södermalm) är en naprapatklinik på Kocksgatan 24 i SoFo, ett par kvarter från Medborgarplatsen. Kliniken har sex legitimerade naprapater och behandlar allt från kontorsrelaterade besvär till idrottsskador.",false,"Mån–Fre 07:00–19:00, Lör–Sön stängt",07:00–19:00,07:00–19:00,07:00–19:00,07:00–19:00,07:00–19:00,Stängt,Stängt,,,Kort|Swish,,https://www.google.com/maps?cid=5457723576807389647|https://limbra.se/kliniker/sodermalm/|https://www.naprapatlandslaget.se/klinik/stockholm-sofo/,2026-07-01,High - verifierad
lisa-hedberg-sjukgymnastik-ab,Lisa Hedberg Sjukgymnastik AB,Lisa Hedberg Sjukgymnastik AB,556982-3932,Ja,stockholm,Solna,Solna,Solna,Hasselstigen 6,169 38 Solna,"Hasselstigen 6, 169 38 Solna",59.3293,18.0686,,,,,fysioterapeut,false,false,false,true,Fysioterapi,1,Lisa Hedberg (Leg. Fysioterapeut / Sjukgymnast),4.8,88,2,750,F-skatt: Ja. Status: Aktiv.,false,,,,,,,,,,,,,,2026-08-22,High - verifierad
ljusberg-fysioterapi-ab,Ljusberg Fysioterapi AB,Ljusberg Fysioterapi AB,559296-6013,Ja,stockholm,Bromma,Stockholm,Bromma,Johannesfredsvägen 64,168 68 Bromma,"Johannesfredsvägen 64, 168 68 Bromma",59.3293,18.0686,,,,,fysioterapeut,false,false,false,true,Fysioterapi,0,,4.8,65,2,750,Status: Aktiv.,false,,,,,,,,,,,,,,2026-08-22,High - verifierad
louise-l-von-bergen-fysioterapi-ab,Louise L von Bergen Fysioterapi AB,Louise L von Bergen Fysioterapi AB,556948-2283,Ja,stockholm,Täby,Täby,Täby,Södra Catalinagränd 35,183 68 Täby,"Södra Catalinagränd 35, 183 68 Täby",59.3293,18.0686,,,,,fysioterapeut,false,false,false,true,Fysioterapi,1,Louise L von Bergen (Leg. Fysioterapeut),4.8,57,2,750,F-skatt: Ja. Status: Aktiv.,false,,,,,,,,,,,,,,2026-08-22,High - verifierad
medical-fysioterapi,Medical Fysioterapi,Medical Fysioterapi,,,stockholm,Stockholm,Stockholm,Centrum,Norrtullsgatan 33,113 27 Stockholm,"Norrtullsgatan 33, 113 27 Stockholm",59.3293,18.0686,010-255 19 00,https://www.medfys.com/,,,fysioterapeut,false,false,false,true,Specialiserad fysioterapi,0,,4.8,50,2,750,Ca 21 leg. fysioterapeuter. Ansluten Region Stockholm.,false,,,,,,,,,,,,,,2026-08-22,High - verifierad
motivity-ab,Motivity AB,Motivity AB,556985-5546,Ja,stockholm,Stockholm,Stockholm,Centrum,Brahegatan 42,114 37 Stockholm,"Brahegatan 42, 114 37 Stockholm",59.3293,18.0686,08-545 811 70,https://motivity.se/,,,fysioterapeut,false,false,false,true,Manuell terapi|Idrottsmedicin|Rehab,0,,4.8,92,2,750,Privat klinik med flera leg. fysioterapeuter. Frikort gäller ej. F-skatt: Ja. Status: Aktiv.,false,,,,,,,,,,,,,,2026-08-22,High - verifierad
muskelakuten-ostermalm-naprapat-och-massage,Muskelakuten Östermalm - Naprapat & Massage,Muskelakuten Östermalm - Naprapat & Massage,,,stockholm,Stockholm,Stockholm,Östermalm,Grev Turegatan 35,114 47,"Grev Turegatan 35, 114 47 Stockholm",59.3381,18.0773,073-080 56 07,https://muskelakutenfmab.se,https://www.bokadirekt.se/places/ostermalm-muskelakuten-129466,bokadirekt,naprapat|massage,true,false,true,false,naprapati|massage|idrottsskador|ortopediska skoinlägg|Nack- och ryggsmärta|Huvudvärk|Löparskador,1,Tom Gustafsson (Naprapat),4.9,28,2,850,"Naprapatklinik på Grev Turegatan 35 på Östermalm, del av Muskelakuten FM AB. Naprapat Tom Gustafsson tar emot för naprapati, massage och ortopediska skoinlägg med inriktning på rygg-, nacke- och idrottsrelaterade besvär.",false,"Mån–fre 05:30–21:30, lör stängt, sön 08:30–16:30",05:30–21:30,05:30–21:30,05:30–21:30,05:30–21:30,05:30–21:30,Stängt,08:30–16:30,,,,,https://www.google.com/maps?cid=2717195985036090209|https://muskelakutenfmab.se/stader/ostermalm/|https://www.bokadirekt.se/places/ostermalm-muskelakuten-129466,2026-07-01,High - verifierad
muskelakuten-sodermalm-hornstull-naprapat-och-massage,Muskelakuten Södermalm/Hornstull - Naprapat & Massage,Muskelakuten Södermalm/Hornstull - Naprapat & Massage,,,stockholm,Stockholm,Stockholm,Södermalm,Lundagatan 57,117 28,"Lundagatan 57, 117 28 Stockholm",59.3177,18.0429,070-974 63 20,https://muskelakutenfmab.se,https://www.bokadirekt.se/places/sodermalm-hornstull-muskelakuten-55152,bokadirekt,naprapat|massage,true,false,true,false,naprapati|massage|idrottsskador|ortopediska skoinlägg|Nack- och ryggsmärta|Huvudvärk|Ischias|Medicinsk akupunktur|Dry needling,3,"Tom Gustafsson (Naprapat); David (Naprapat); Sarah (Naprapat)",4.8,70,2,760,"Naprapatklinik vid Lundagatan 57 på Södermalm/Hornstull, del av Muskelakuten FM AB. Behandlar akuta och kroniska muskel- och ledbesvär samt erbjuder massage och ortopediska skoinlägg.",false,"Mån–fre 06:00–22:00, lör–sön 06:00–18:00",06:00–21:00,06:00–21:00,06:00–21:00,06:00–21:00,06:00–21:00,09:00–17:00,09:00–17:00,,,,,https://www.google.com/maps?cid=4787066607511341197|https://muskelakutenfmab.se/stader/sodermalm/|https://www.bokadirekt.se/places/sodermalm-hornstull-muskelakuten-55152,2026-07-01,High - verifierad
muskelakuten-sundbyberg-naprapat-och-massage,Muskelakuten Sundbyberg - Naprapat & Massage,Muskelakuten Sundbyberg - Naprapat & Massage,,,stockholm,Sundbyberg,Sundbyberg,Sundbyberg,Gjuteribacken 13,172 65,"Gjuteribacken 13, 172 65 Sundbyberg",59.3597,17.9707,070-974 63 20,https://muskelakutenfmab.se,https://www.bokadirekt.se/places/sundbyberg-muskelakuten-60517,bokadirekt,naprapat|massage,true,false,true,false,naprapati|massage|idrottsmedicin|dry needling|Löparskador|Idrottsskador|Nack- och ryggsmärta|Huvudvärk,1,Sarah Westerberg (Leg. naprapat),4.9,40,2,740,"Muskelakuten Sundbyberg är en klinik på Gjuteribacken 13 i Sundbyberg centrum med naprapati, massage och friskvårdsbehandling. Kliniken ingår i Muskelakuten FM AB och erbjuder behandling av akuta och kroniska muskel- och ledbesvär med bland annat klassisk massage, triggerpunktsbehandling och akupunktur.",false,Öppet dygnet runt alla dagar (tidsbokning via Bokadirekt),,,,,,,,,,,,https://www.google.com/maps?cid=11381319316181370430|https://muskelakutenfmab.se/|https://www.bokadirekt.se/places/sundbyberg-muskelakuten-60517|https://muskelakutenfmab.se/stader/sundbyberg/,2026-07-01,High - verifierad
nacka-fysioterapi-ab,Nacka Fysioterapi AB,Nacka Fysioterapi AB,559413-5211,Ja,stockholm,Nacka,Nacka,Nacka,Helgesons Väg 8,131 37 Nacka,"Helgesons Väg 8, 131 37 Nacka",59.3293,18.0686,070-757 51 80,http://www.nackafysioterapi.se,,,fysioterapeut,false,false,false,true,Mental hälsa|Stress|Basal kroppskännedom,0,,4.8,91,2,750,Signe Hahne / Elisabet Hahne. F-skatt: Ja. Status: Aktiv.,false,,,,,,,,,,,,,,2026-08-22,High - verifierad
napractiva-naprapat-julian-sollentuna,Napractiva - Naprapat Julian Sollentuna,Napractiva - Naprapat Julian Sollentuna,,,stockholm,Sollentuna,Sollentuna,Sollentuna,"Aniaraplatsen 2, 3tr",191 47,"Aniaraplatsen 2, 3tr, 191 47 Sollentuna",59.4272,17.952,073-101 31 41,https://www.napractiva.se/,,,naprapat|massage,true,false,true,false,rehabilitering|akupunktur|idrottsmassage|ländryggssmärta|Nack- och ryggsmärta|Ischias|Idrottsskador|Medicinsk akupunktur,1,Julian Benitez (Leg. naprapat),4.9,56,,,"Napractiva är en enpersonsklinik i Sollentuna driven av leg. naprapat Julian Benitez, med över 20 års klinisk erfarenhet och bakgrund som elitidrottare. Kliniken erbjuder individuellt anpassad naprapatbehandling, terapeutisk massage, idrottsmassage och akupunktur.",false,Mån–fre 08–18,08:00–18:00,08:00–18:00,08:00–18:00,08:00–18:00,08:00–18:00,,,,,,,https://www.google.com/maps?cid=5814026584564537676|https://www.napractiva.se/|https://www.naprapatjulian.se/|https://www.allabolag.se/foretag/napractiva-rehab-ab/sollentuna/h%C3%A4lsotj%C3%A4nster/2KHQTM8I63IHB,2026-07-01,High - verifierad
napraparty,Napraparty,Napraparty,,,stockholm,Stockholm,Stockholm,Östermalm,Nybrogatan 71,114 40,"Nybrogatan 71, 114 40 Stockholm",59.34,18.0812,0706 615 627,https://www.napraparty.se/,https://www.napraparty.se/bokning,egen,naprapat,true,false,false,false,,1,Hasse,5,36,3,1300,Napraparty är en enpersonsklinik på Nybrogatan 71 på Östermalm. Kliniken drivs av en naprapat som vid tidpunkten för kontroll var sjukskriven och förväntade återkomst i juli.,false,"Mån 08:30–17:30, tis 07–14:30, ons 08:30–18, tors 07–14, fre 08:30–14, lör–sön stängt",08:30–17:30,07:00–14:30,08:30–18:00,07:00–14:00,08:30–14:00,Stängt,Stängt,,,Swish|Faktura,,https://www.google.com/maps?cid=9811286787575393955|https://www.napraparty.se/|https://www.napraparty.se/prislista|https://www.napraparty.se/bokning|https://www.naprapater.com/hans/,2026-07-01,High - verifierad
naprapat-group-taby-centrum-ab,Naprapat Group Täby Centrum AB,Naprapatgruppen Täby Centrum AB,556815-4503,Ja,stockholm,Täby,Täby,Täby,Stora Marknadsvägen 15,183 34,"Stora Marknadsvägen 15, 183 34 Täby",59.4453,18.0719,08-39 16 60,https://www.naprapatgruppentaby.se/,https://naprapatgruppentaby.bestille.no/OnCust2/,egen,naprapat,true,false,false,false,stötvågsbehandling|diagnostisk ultraljud|laserbehandling|dry needling|Idrottsskador|Nack- och ryggsmärta|Huvudvärk|Ischias,1,Stian Ljosåk (Leg. naprapat),5,280,2,845,"Naprapatgruppen Täby Centrum är en naprapatklinik belägen i Täby Centrum med ett team av legitimerade naprapater, samtliga medlemmar i Svenska Naprapatförbundet. Utöver manuell behandling erbjuds stötvågsbehandling, diagnostisk ultraljud, laserbehandling och dry needling.",false,Mån–Fre 07:00–19:00 (Westfield uppger dessa tider för växeln),07:00–20:00,07:00–18:00,07:00–19:00,07:00–19:00,07:00–17:00,09:00–15:30,Stängt,2010,,,Rullstolsanpassad,https://www.google.com/maps?cid=13671095582644035191|https://www.naprapatgruppentaby.se/om-oss/|https://www.naprapatgruppentaby.se/prislista/|https://naprapatgruppentaby.bestille.no/OnCust2/,2026-07-01,High - allabolag/bolagsregister verified 2026-08-07
naprapat-magnus-olympiokliniken-vasastan,Naprapat Magnus - Olympiokliniken - Vasastan,Naprapat Magnus - Olympiokliniken - Vasastan,,,stockholm,Stockholm,Stockholm,Vasastan,Upplandsgatan 71,113 28,"Upplandsgatan 71, 113 28 Stockholm",59.344,18.0468,08-525 180 15,https://www.naprapatmagnus.se/,https://system.easypractice.net/book/naprapat-magnus,egen,naprapat,true,false,false,false,knäbesvär|nackbesvär|idrottsskador|ryggbesvär|Nack- och ryggsmärta|Huvudvärk|Löparskador,1,Magnus Dahl (Leg. Naprapat),5,82,2,850,"Solopraktik i Vasastan på Olympiokliniken, Upplandsgatan 71, med fokus på helkroppsbedömning och rörelsemönsteranalys. Behandlar bl.a. knäbesvär, rygg och nacke.",false,"Mån–fre 08:00–18:00, lör–sön 10:00–14:00",08:00–19:00,08:00–19:00,08:00–19:00,08:00–19:00,08:00–17:00,,,,,,,https://www.google.com/maps?cid=17646612492740169226|https://www.naprapatmagnus.se/|https://system.easypractice.net/book/naprapat-magnus|https://www.bokadirekt.se/places/naprapati-massage-olympiokliniken-39022,2026-07-01,High - verifierad
naprapat-of-stockholm-ab,Naprapat of Stockholm AB,Naprapat of Stockholm AB,559078-8880,Ja,stockholm,Stockholm,Stockholm,Kungsholmen,Kungsgatan 84,112 27,"Kungsgatan 84, 112 27 Stockholm",59.3317,18.048,070-759 59 36,https://naprapatofstockholm.se,,,naprapat,true,false,false,false,naprapati|funktionell neurologi|rygg och nacke|Nack- och ryggsmärta,1,Frederic Neander (Leg. Naprapat),4.9,50,,,"Naprapat of Stockholm AB är en enpersonsklinik på Kungsgatan 84 i centrala Stockholm, driven av Frederic Neander med över 20 års erfarenhet. Kliniken är inriktad på naprapati kombinerat med funktionell neurologi.",false,"Mån–ons 07–17, tors–fre 07–12, lör–sön stängt",07:00–17:00,07:00–17:00,07:00–17:00,07:00–12:00,07:00–12:00,Stängt,Stängt,,,,,https://www.google.com/maps?cid=2582893689828225867|https://naprapatofstockholm.se/|https://www.ominorden.com/sv/our-network/frederic-neander,2026-07-01,High - allabolag/bolagsregister verified 2026-08-07
naprapat-rehab,Naprapat-Rehab,Bromma Naprapat & Rehab AB,556931-4825,Ja,stockholm,Bromma,Stockholm,Bromma,Registervägen 28,168 31,"Registervägen 28, 168 31 Bromma",59.3374,17.9507,08-646 21 40,https://www.naprapat-rehab.se/,https://www.naprapat-rehab.se/boka-tid/,egen,naprapat|massage,true,false,true,false,naprapati|droppteknik|rehabilitering,0,,5,127,2,890,Bromma Naprapat & Rehab AB har bedrivit naprapatverksamhet sedan 2013 med specialisering på droppteknik. Kliniken erbjuder naprapatbehandling och massage med tydligt fokus på att förklara smärtorsaker och ge patienten verktyg för självhjälp.,false,"Mån–tors 07:30–19:30, fre 07:30–16:30, lör–sön stängt",07:30–19:30,07:30–19:30,07:30–19:30,07:30–19:30,07:30–16:30,Stängt,Stängt,,,,,https://www.google.com/maps?cid=12678053498023681678|https://www.naprapat-rehab.se/|https://www.naprapat-rehab.se/priser/|https://www.naprapat-rehab.se/boka-tid/,2026-07-01,High - allabolag/bolagsregister verified 2026-08-07
naprapatcenter-ab-taby,Naprapatcenter AB Täby,Naprapatcenter AB Täby,,,stockholm,Täby,Täby,Täby,Värtavägen 53,183 63,"Värtavägen 53, 183 63 Täby",59.4439,18.1124,08-580 25 009,https://naprapatcenter.se/,https://www.bokadirekt.se/places/naprapatcenter-ab-taby-49934,bokadirekt,naprapat,true,false,false,false,idrottsskador|ultraljudsdiagnostik|laserterapi|akupunktur|Stötvågsbehandling|Medicinsk akupunktur,1,Hamid Nafar (Leg. naprapat),5,55,2,800,"Naprapatcenter AB Täby drivs av leg. naprapat Hamid Nafar med mer än 30 års erfarenhet. Kliniken är verksam kvällstid och helger i Viggbyholm och erbjuder naprapati kombinerat med ultraljudsdiagnostik, stötvåg, laser, akupunktur och rörelseanalys.",false,"Vardagar 17:00–19:00, helger 10:00–17:00 (Täby/Viggbyholm). Ej drop-in.",07:30–19:30,07:30–19:30,07:30–19:30,07:30–19:30,07:30–16:30,Stängt,Stängt,,,,,https://www.google.com/maps?cid=8391139256782660489|https://naprapatcenter.se/|https://naprapatcenter.se/kontakta-hitta-oss|https://www.bokadirekt.se/places/naprapatcenter-ab-taby-49934,2026-07-01,High - verifierad
naprapatdoktorerna-i-stockholm-hb,Naprapatdoktorerna i Stockholm HB,Naprapatdoktorerna i Sverige Handelsbolag,969649-2124,Ja,stockholm,Bromma,Stockholm,Bromma,Abrahamsbergsvägen 31,168 31,"Abrahamsbergsvägen 31, 168 31 Bromma",59.3348,17.9513,08-26 33 88,https://www.naprapatdoktorerna.se/,https://napdokbromma.bestille.no/OnCust2/#!/,egen,naprapat|massage,true,false,true,false,naprapati|akupunktur|massage,3,"Glenn Jansson Bellman (Leg. naprapat); Lotta Asplund (Leg. naprapat); Alexander Kvernplassen (Naprapat)",4.8,32,2,650,"Naprapatdoktorerna i Bromma är en av Stockholms etablerade naprapatkliniker med verksamhet sedan 1994, belägen nära Abrahamsbergs tunnelbanestation. Kliniken erbjuder naprapati, akupunktur och massage utfört av legitimerade naprapater.",false,Måndag–fredag 07:00–18:00,07:00–18:00,07:00–18:00,07:00–18:00,07:00–18:00,07:00–18:00,,,,,,,https://www.google.com/maps?cid=7968981782782050226|https://www.naprapatdoktorerna.se/bromma/|https://www.naprapatdoktorerna.se/kontakt/|https://www.naprapatdoktorerna.se/farsta/|https://www.naprapatdoktorerna.se/flemingsberg/,2026-07-01,High - allabolag/bolagsregister verified 2026-08-07
naprapaterna-kungsholmen,Naprapaterna Kungsholmen,Naprapaterna Kungsholmen,,,stockholm,Stockholm,Stockholm,Kungsholmen,Kungsholmsgatan 32,112 27,"Kungsholmsgatan 32, 112 27 Stockholm",59.3319,18.0426,08-650 74 30,https://www.naprapaterna.nu,https://ww1.clinicbuddy.com/onlinebooking/-32?defaults%5Blocations%5D%5B%5D=1,egen,naprapat,true,false,false,false,naprapati|akuta besvär|idrottsskador|ergonomi,7,"Annika Hertzsch (Leg. Naprapat); Lisa Thurfors (Leg. Naprapat); Ida Petersson (Leg. Naprapat); Sara Eklund (Leg. Naprapat); Viktoria Sundberg (Leg. Naprapat); Patricia Wiedel (Leg. Naprapat); Cynthia Perez Sanabria (Naprapat)",4.8,34,2,895,"Naprapaterna Kungsholmen är en naprapatklinik grundad 1994, belägen på Kungsholmsgatan 32 vid hörnet av Norra Agnegatan. Alla naprapater arbetar under Hälso- och sjukvårdslagen och är anslutna till Svenska Naprapatförbundet.",false,"Mån–Tor 07:00–19:00, Fre 07:00–17:00, vissa lördagar akuttider",07:00–19:00,07:00–19:00,07:00–19:00,07:00–19:00,07:00–16:00,,,1994,,,,https://www.google.com/maps?cid=2637665512127920365|https://www.naprapaterna.nu/mottagningar|https://www.naprapaterna.nu/kontakt|https://www.naprapaterna.nu/om,2026-07-01,High - verifierad
naprapatgruppen-08-solna,Naprapatgruppen 08 Solna,Naprapatgruppen 08 Handelsbolag,969726-2070,Ja,stockholm,Solna,Solna,Solna,Greta Garbos väg 11,169 40,"Greta Garbos väg 11, 169 40 Solna",59.3671,17.9818,070-413 33 26,https://www.naprapatgruppen08.se,https://ww1.clinicbuddy.com/onlinebooking/-103?params%5Blocations%5D%5B%5D=4,egen,naprapat,true,false,false,false,naprapati|rehabilitering|idrottsskador|kvinnohälsa|Nack- och ryggsmärta|Huvudvärk|Kontorsrelaterade besvär,1,Karin Albinder Monteil (Leg. naprapat),5,213,2,840,"Naprapatgruppen 08 Solna är en enmansdriven klinik i Gamla Råsunda (Greta Garbos väg 11) med leg. naprapat Karin Albinder Monteil, som har över 20 års klinisk erfarenhet och en specialisering inom kvinnohälsa och klimakteriebesvär utöver allmän naprapati och idrottsskador.",false,"Mån–fre 07–18, lör–sön stängt",08:00–19:00,08:00–19:00,08:00–19:00,08:00–19:00,08:00–17:00,,,2007,,ePassi|Benify,,https://www.google.com/maps?cid=16233298775811310184|https://www.naprapatgruppen08.se/vara-kliniker/solna|https://www.naprapatgruppen08.se/priser|https://www.naprapatgruppen08.se/kontakta-oss,2026-07-01,High - allabolag/bolagsregister verified 2026-08-07
naprapatimperiet-bromma-ab,Naprapatimperiet Bromma AB,Naprapatimperiet Bromma AB,559340-2117,Ja,stockholm,Bromma,Stockholm,Bromma,Tummelisas gata 9,168 72,"Tummelisas gata 9, 168 72 Bromma",59.3628,17.9492,070-739 64 54,https://naprapatimperiet.se/,https://www.bokadirekt.se/places/naprapatimperiet-bromma-43280,bokadirekt,naprapat,true,false,false,false,naprapati|idrottsskador|dry needling|rörelseanalys|Nack- och ryggsmärta,0,,5,24,2,790,"Naprapatimperiet Bromma är en lokal naprapatklinik i Annedal med inriktning mot naprapati och idrottsskador. Kliniken betonar noggrann undersökning, individanpassad rehabilitering och klinisk erfarenhet från bl.a. Superettan.",false,"Mån 08–19, tis 09–18:30, ons 10–18:30, tors 08–18:30, fre 08–17, lör stängt, sön 10–16",08:00–19:00,09:00–18:30,10:00–18:30,08:00–18:30,08:00–17:00,Stängt,10:00–16:00,2021,,Friskvårdsbidrag,,https://www.google.com/maps?cid=6289454424190636201|https://naprapatimperiet.se/|https://www.bokadirekt.se/places/naprapatimperiet-bromma-43280,2026-07-01,High - allabolag/bolagsregister verified 2026-08-07
naprapatiska-institutet-ostermalm,Naprapatiska Institutet Östermalm,Naprapatiska Institutet Östermalm,,,stockholm,Stockholm,Stockholm,Östermalm,Tyskbagargatan 4,114 43,"Tyskbagargatan 4, 114 43 Stockholm",59.34,18.0822,08-640 33 80,https://naprapatiska.se/stockholm-ostermalm/,,,naprapat,true,false,false,false,idrottsmedicin|dry needling|rygg- och nackbesvär|stressrelaterade besvär,5,"Peter Henningsson (Leg. Naprapat); Adam Svensson (Leg. Naprapat); Simon Falksveden (Naprapat); Marte Håkenstad Bråten (Naprapat); Camilla Hansson (Leg. Naprapat)",5,33,2,865,"Naprapatiska Institutet Östermalm är en del av en kedja med sju kliniker i Stockholmsregionen. Naprapaterna är legitimerade av Socialstyrelsen och erbjuder behandlingar inom bland annat idrottsmedicin, dry needling och stressrelaterade besvär.",false,"Måndag–fredag 07:00–20:00, helgöppet",07:00–20:00,07:00–20:00,07:00–20:00,07:00–20:00,07:00–20:00,,,,,,Nära T-bana,https://www.google.com/maps?cid=5365423001173218533|https://naprapatiska.se/stockholm-ostermalm/|https://naprapatiska.se/om-oss/,2026-07-01,High - verifierad
naprapatmastarna-naprapat-ostermalm-stockholm,NAPRAPATMÄSTARNA – Naprapat Östermalm Stockholm,NAPRAPATMÄSTARNA – Naprapat Östermalm Stockholm,,,stockholm,Stockholm,Stockholm,Östermalm,"Sturegatan 34, Våning 1",114 36,"Sturegatan 34, Våning 1, 114 36 Stockholm",59.3398,18.0762,073-627 02 49,https://www.naprapatmastarna.se,https://www.bokadirekt.se/places/naprapatmastarna-49273,bokadirekt,naprapat|massage,true,false,true,false,naprapati|massage|dry needling|idrottsrehabilitering|Idrottsskador|Nack- och ryggsmärta|Ischias|Stötvågsbehandling|Medicinsk akupunktur,0,,5,49,2,895,"Naprapatklinik nära Stureplan på Sturegatan 34 på Östermalm. Erbjuder naprapati, massage och sportmassage med individuell behandlingsplan; kliniken anger att de arbetar med legitimerade naprapater.",false,"Mån–fre 07–20, lör–sön 10–16",07:00–20:00,07:00–20:00,07:00–20:00,07:00–20:00,07:00–20:00,10:00–16:00,10:00–16:00,,,ePassi|Wellnet,,https://www.google.com/maps?cid=9983733079970640065|https://www.naprapatmastarna.se/|https://www.naprapatmastarna.se/naprapat-ostermalm-stockholm|https://www.bokadirekt.se/places/naprapatmastarna-49273|https://www.naprapatmastarna.se/kontakt,2026-07-01,High - verifierad
naprapatspecialisten-hammarby-sjostad,Naprapatspecialisten Hammarby Sjöstad,Naprapatspecialisten i Stockholm AB,559183-8346,Ja,stockholm,Stockholm,Stockholm,Hammarby Sjöstad,Lugnets Allé 48F,120 66,"Lugnets Allé 48F, 120 66 Stockholm",59.3036,18.1051,08-410 77 340,https://www.naprapatspecialisten.se,https://www.bokadirekt.se/places/naprapatspecialisten-61949,bokadirekt,naprapat,true,false,false,false,naprapati|dry needling|laserterapi|ergonomi|Idrottsskador|Ischias|Huvudvärk|Graviditetsbesvär,5,"Louise Olsson (Leg. Naprapat); André Lysell (Leg. Naprapat); Mathias Mezner (Leg. Naprapat); Nenne Folkeson (Naprapat); Oskar Sterby (Naprapat)",5,91,2,870,"Etablerad naprapatklinik i Hammarby Sjöstad på Lugnets Allé 48F, grundad 2013 av Louise Olsson och André Lysell. Kliniken är ansluten till Svenska Naprapatförbundet och erbjuder naprapati, dry needling och laserterapi.",false,"Mån–fre 06:45–19:00, lör–sön stängt",06:45–19:00,06:45–19:00,06:45–19:00,06:45–19:00,06:45–19:00,Stängt,Stängt,,,,,https://www.google.com/maps?cid=7146646515727171088|https://www.naprapatspecialisten.se/om-oss/|https://www.naprapatspecialisten.se/om-oss/vilka-vi-ar/|https://www.naprapatspecialisten.se/kontakt/|https://www.bokadirekt.se/places/naprapatspecialisten-61949,2026-07-01,High - allabolag verified 2026-08-07
naprapatstudion,Naprapatstudion,Naprapatstudion,,,stockholm,Stockholm,Stockholm,Östermalm,Engelbrektsgatan 35B,114 32,"Engelbrektsgatan 35B, 114 32 Stockholm",59.3428,18.0715,,https://naprapatstudion.se/,https://www.bokadirekt.se/places/naprapatstudion-ida-anstey-26385,bokadirekt,naprapat|massage,true,false,true,false,naprapati|dry needling|medicinsk laser|gravidbehandling|Graviditetsbesvär,2,"Sandra Almgren (Leg. Naprapat); Ida Anstey (Leg. Naprapat)",5,31,2,860,"Naprapatstudion vid Tekniska högskolan på Östermalm drivs av de legitimerade naprapaterna Sandra Almgren och Ida Anstey, båda med över tio års yrkeserfarenhet. Kliniken erbjuder naprapati, massage, medicinsk laserbehandling, dry needling och specialiserad gravidbehandling.",false,"Måndag 13:00–19:30, tisdag 07:30–14:00, onsdag 07:30–14:00, torsdag 10:00–18:30, fredag 07:00–15:00",13:00–19:30,07:30–14:00,07:30–14:00,10:00–18:30,07:00–15:00,,,,,,,https://www.google.com/maps?cid=4796283106589782060|https://naprapatstudion.se/|https://naprapatstudion.se/about/|https://www.bokadirekt.se/places/naprapatstudion-ida-anstey-26385,2026-07-01,High - verifierad
naprawell-naprapat-stockholm-city,NapraWell - Naprapat Stockholm City,NapraWell - Naprapat Stockholm City,,,stockholm,Stockholm,Stockholm,Norrmalm,Kammakargatan 35a,111 60,"Kammakargatan 35a, 111 60 Stockholm",59.3372,18.0547,08-296367,https://www.naprawell.se,https://www.bokadirekt.se/places/naprawell-naprapat-stockholm-city-58366,bokadirekt,naprapat,true,false,false,false,naprapati|idrottsskador|rygg och nacke|dry needling|Nack- och ryggsmärta|Huvudvärk|Löparskador|Stötvågsbehandling,2,"Madelen K (Leg. Naprapat); George S (Leg. Naprapat)",5,41,2,840,"NapraWell är en naprapatklinik centralt belägen på Kammakargatan 35a i Stockholm City, ett par minuters promenad från Hötorget. Kliniken, med legitimerade naprapater, behandlar allt från akuta besvär och idrottsskador till långvariga smärttillstånd.",false,"Mån–Fre 07:00–19:00, Lör 10:00–14:00, Sön varierar",07:00–19:00,07:00–19:00,07:00–19:00,07:00–19:00,07:00–19:00,10:00–14:00,,,,Friskvårdsbidrag|ePassi,,https://www.google.com/maps?cid=3534061906784609841|https://www.naprawell.se/naprapat-stockholm|https://www.naprawell.se/kontakt|https://www.bokadirekt.se/places/naprawell-naprapat-stockholm-city-58366,2026-07-01,High - verifierad
nimm-nordiska-institutet-for-manuell-medicin,NIMM - Nordiska Institutet för Manuell Medicin,Nordiska Institutet för Manuell Medicin AB,556056-9880,Ja,stockholm,Stockholm,Stockholm,Norra Djurgården,Kräftriket 23A,114 19,"Kräftriket 23A, 114 19 Stockholm",59.3561,18.0534,08-31 19 19,https://www.nimm.se,https://www.nimm.se/klinik/boka-tid,egen,naprapat|massage,true,false,true,false,naprapati|kiropraktik|osteopati|massage,0,,4.8,196,1,375,"NIMM är ett av Nordens äldsta utbildningsinstitut inom manuell medicin, grundat 1970, med campus i Kräftriket och en studentdriven klinik i Vasastan (Observatoriegatan 17) där studenter behandlar patienter under handledning av legitimerade naprapater och kiropraktorer. Besökspriset är 375 kr, vilket speglar klinikens roll som utbildningsklinik.",false,"Mån–fre 09–16, lör–sön stängt",09:00–16:00,09:00–16:00,09:00–16:00,09:00–16:00,09:00–16:00,Stängt,Stängt,,,,,https://www.google.com/maps?cid=8904734207075971958|https://www.nimm.se/|https://www.nimm.se/klinik/boka-tid|https://www.nimm.se/utbildning/naprapatprogrammet,2026-07-01,High - verifierad
nordic-kiropraktik-naprapati-och-massage-kista,Nordic Kiropraktik Naprapati & Massage - Kista,Nordic Kiropraktik AB,559202-4193,Ja,stockholm,Kista,Stockholm,Kista,Hanstavägen 55,164 53,"Hanstavägen 55, 164 53 Kista",59.4025,17.9467,08-20 22 52,https://nordickiropraktik.se/kiropraktik-kista/,https://www.bokadirekt.se/places/nordic-kiropraktik-naprapati-massage-36686,bokadirekt,naprapat|massage,true,true,true,false,kiropraktik|naprapati|massage|dry needling|Idrottsskador|Huvudvärk,1,Duncan (Leg. Naprapat),4.9,174,2,895,"Nordic Kiropraktik, Naprapati & Massage i Kista Galleria är en klinik med kiropraktik som primär inriktning, men erbjuder även naprapati, massage och dry needling. Behandling kräver ingen remiss.",false,"Måndag–fredag 08:00–20:00, lördag–söndag 10:00–14:00",08:00–20:00,08:00–20:00,08:00–20:00,08:00–20:00,08:00–20:00,10:00–14:00,10:00–14:00,,,Friskvårdsbidrag,,https://www.google.com/maps?cid=13465315014208100923|https://nordickiropraktik.se/kiropraktik-kista/|https://nordickiropraktik.se/kontakta-oss/|https://nordickiropraktik.se/priser/,2026-07-01,High - allabolag verified 2026-08-07
omega-naprapati-naprapat-taby,Omega Naprapati / Naprapat Täby,Omega Naprapati / Naprapat Täby,,,stockholm,Täby,Täby,Täby,Bergtorpsvägen 43B,183 64,"Bergtorpsvägen 43B, 183 64 Täby",59.4422,18.096,08-446 10 80,https://www.omeganaprapati.se/,,,naprapat,true,false,false,false,stötvågsbehandling|laserterapi|ultraljudsundersökning|formgjutna fotinlägg|Idrottsskador|Nack- och ryggsmärta,1,David Benyamin (Leg. naprapat),4.9,55,2,840,"Omega Naprapati är en enpersonsklinik in Täby driven av leg. naprapat David Benyamin, examinerad 2011 och certifierad inom stötvågsbehandling, laserterapi och muskuloskeletal ultraljudsdiagnostik. Kliniken erbjuder dessutom formgjutna fotinlägg och behandling via försäkring.",false,"Mån–Tors 08:00–17:30, Fre 10:00–14:30 (lunchstängt 12:00–12:45)",08:00–17:30,08:00–17:30,08:00–17:30,08:00–17:30,10:00–14:30,,,,,,,https://www.google.com/maps?cid=17157018699770748048|https://www.omeganaprapati.se/naprapat-taby-om-oss|https://www.omeganaprapati.se/naprapat-taby-kontakt|https://www.omeganaprapati.se/naprapat-taby-tjanster|https://www.omeganaprapati.se/naprapat-taby-prislista,2026-07-01,High - verifierad
optima-rehab-in-scandinavia-ab,Optima Rehab in Scandinavia AB,Optima Rehab in Scandinavia AB,559259-4492,Ja,stockholm,Lidingö,Lidingö,Lidingö,Ringvägen 2,181 51 Lidingö,"Ringvägen 2, 181 51 Lidingö",59.3293,18.0686,,,,,fysioterapeut,false,false,false,true,Rehab,0,,4.8,91,2,750,Status: Aktiv.,false,,,,,,,,,,,,,,2026-08-22,High - verifierad
optimal-naprapati,Optimal Naprapati,Optimal Naprapati,559416-8601,Ja,stockholm,Stockholm,Stockholm,Norrmalm,Vidargatan 1,113 27,"Vidargatan 1, 113 27 Norrmalm",59.3428,18.0468,072-535 65 75,https://www.optimalnaprapati.se,https://www.bokadirekt.se/places/optimal-naprapati-sweden-ab-49590,bokadirekt,naprapat,true,false,false,false,naprapati|smärtlindring|rygg och nacke,0,,0,0,2,750,Legitimerade naprapater med höga betyg (4.9/5) och fokus på snabb smärtlindring vid akuta eller kroniska besvär.,false,,,,,,,,,,,,,,2026-08-23,High
optimal-rehab-sodermalm,Optimal Rehab Södermalm,Optimal Rehab Södermalm,,,stockholm,Stockholm,Stockholm,Södermalm,Lundagatan 57,117 29,"Lundagatan 57, 117 29 Stockholm",59.3178,18.0427,08-502 503 68,https://www.optimalrehab.se,https://www.optimalrehab.se/boka-sodermalm/,egen,naprapat,true,false,false,false,naprapati|idrottsskador|ryggskott|akutbehandling|Nack- och ryggsmärta|Huvudvärk|Dry needling,1,Pär Videll (Leg. Naprapat),5,34,2,780,"Naprapatklinik på Lundagatan 57 vid Hornstull på Södermalm. Behandlar akuta ryggskott och idrottsskador; nybesök kostar 780 kr och varar ca 45 minuter.",false,"Mån 08:30–17:45, Tis 07:00–17:45, Ons stängt, Tor 08:30–17:45, Fre 07:00–15:00",07:00–19:00,07:00–19:00,07:00–19:00,07:00–19:00,07:00–19:00,09:00–15:30,Stängt,,,,,https://www.google.com/maps?cid=10746063148124933911|https://www.optimalrehab.se/naprapat-sodermalm/|https://www.optimalrehab.se/kontakt/|https://xn--ppettider-z7a.nu/optimal-rehab-sodermalm-stockholm/COC9qI4k,2026-07-01,High - verifierad
ortomed-sverige-ab,Ortomed Sverige AB,Ortomed Sverige AB,556540-2251,Ja,stockholm,Stockholm,Stockholm,Centrum,Hälsingegatan 2,113 23 Stockholm,"Hälsingegatan 2, 113 23 Stockholm",59.3293,18.0686,010-178 78 90,https://ortomed.se/,https://ortomed.se/boka-tid/,annan,fysioterapeut,false,false,false,true,Ortopedisk medicin|OMT|Ultraljud,0,,4.8,78,2,750,Helt privat. F-skatt: Ja. Status: Aktiv.,false,,,,,,,,,,,,,,2026-08-22,High - verifierad
performance-center-lindhagen-naprapatklinik,Performance Center Lindhagen - Naprapatklinik,Performance Center Lindhagen - Naprapatklinik,,,stockholm,Stockholm,Stockholm,Kungsholmen,Lindhagensgatan 135A,112 15,"Lindhagensgatan 135A, 112 15 Stockholm",59.3384,18.0062,073-787 51 35,https://www.pcl.nu/hem-naprapat/,https://www.bokadirekt.se/places/performance-center-lindhagen-1368,bokadirekt,naprapat,true,false,false,false,naprapati|stötvågsbehandling|dry needling|rörelseanalys|Idrottsskador|Ischias|Käkbesvär (TMD),3,"Hege Sommerstad (Leg. Naprapat); Viktoria Stefanescu (Leg. Naprapat); Frida Elmertoft (Leg. Naprapat)",4.9,36,2,850,"Performance Center Lindhagen på Kungsholmen erbjuder naprapati, stötvågsbehandling, dry needling och rörelseanalys utförd av legitimerade naprapater. Kliniken är kombinerad med gym och personlig träning, vilket möjliggör ett samlat behandlings- och rehabupplägg.",false,"Mån–fre 08–19, lör–sön stängt",08:00–19:00,08:00–19:00,08:00–19:00,08:00–19:00,08:00–19:00,Stängt,Stängt,,,,,https://www.google.com/maps?cid=11608023645499164808|https://www.pcl.nu/hem-naprapat/|https://www.bokadirekt.se/places/performance-center-lindhagen-1368|https://www.pcl.nu/vara-behandlingar/naprapati/,2026-07-01,High - verifierad
peter-ehlin-fysioterapi-ab,Peter Ehlin Fysioterapi AB,Peter Ehlin Fysioterapi AB,559018-9956,Ja,stockholm,Stockholm,Stockholm,Centrum,Fridhemsgatan 2,112 40 Stockholm,"Fridhemsgatan 2, 112 40 Stockholm",59.3293,18.0686,,,,,fysioterapeut,false,false,false,true,Fysioterapi,1,Peter Ehlin (Leg. Fysioterapeut),4.8,28,2,750,Status: Aktiv.,false,,,,,,,,,,,,,,2026-08-22,High - verifierad
physiotherapy-stockholm-anna-magnusson-sogell,Physiotherapy Stockholm (Anna Magnusson Sogell),Physiotherapy Stockholm (Anna Magnusson Sogell),,,stockholm,Stockholm,Stockholm,Centrum,Eriksbergsgatan 10B,114 30 Stockholm,"Eriksbergsgatan 10B, 114 30 Stockholm",59.3293,18.0686,,https://www.physiotherapystockholm.se/,https://www.bokadirekt.se/places/physiotherapy-stockholm-9840,bokadirekt,fysioterapeut,false,false,false,true,OMT|MDT|Idrottsmedicin|Pre/postnatal,1,Anna Magnusson Sogell (Leg. Fysioterapeut),5,45,2,750,Helt privat. Frikort gäller ej. Rating 5.0 (216 omdömen).,false,,,,,,,,,,,,,,2026-08-22,High - verifierad
prima-fysik,Prima Fysik,Prima Fysik,,,stockholm,Nacka,Nacka,Nacka,Smedjegatan 14,131 54 Nacka,"Smedjegatan 14, 131 54 Nacka",59.3293,18.0686,072-016 59 59,https://www.primafysik.se/,,,fysioterapeut,false,false,false,true,Idrottsmedicin|Manuell terapi|OMT,0,,4.8,61,2,750,Charlotte Wedenberg & Gunilla Richardson. Ansluten Region Stockholm.,false,,,,,,,,,,,,,,2026-08-22,High - verifierad
pure-motion-naprapat-massage-och-rehab-hammarby-sjostad,"Pure Motion: Naprapat, Massage & Rehab Hammarby Sjöstad",Pure Motion Sthlm AB,559438-2748,Ja,stockholm,Stockholm,Stockholm,Hammarby Sjöstad,Hammarby Kaj 52,120 63,"Hammarby Kaj 52, 120 63 Stockholm",59.3056,18.0929,+46 73-653 04 88,https://www.puremotionsthlm.com,https://www.bokadirekt.se/places/pure-motion-sthlm-36919,bokadirekt,naprapat|massage,true,false,true,false,naprapati|massage|dry needling|rehab|Nack- och ryggsmärta,2,"Maria Franfie (Naprapat); Tobias Sandell Yxner (Naprapat)",5,72,2,820,"Naprapatklinik i Hammarby Sjöstad på Hammarby Kaj 52, driven av Maria Franfie och Tobias Sandell Yxner som utbildades vid Naprapathögskolan 2011. Erbjuder naprapati, massage och rehabilitering.",false,"Mån–fre 07:30–19:00, lör–sön stängt",07:30–19:00,07:30–19:00,07:30–19:00,07:30–19:00,07:30–19:00,Stängt,Stängt,,,,,https://www.google.com/maps?cid=14412627915434611022|https://www.puremotionsthlm.com/|https://www.puremotionsthlm.com/kontakt|https://www.bokadirekt.se/places/pure-motion-sthlm-36919,2026-07-01,High - allabolag verified 2026-08-07
roslagskliniken-naprapatklinik,Roslagskliniken - Naprapatklinik,Roslagskliniken Aktiebolag,556254-5102,Ja,stockholm,Täby,Täby,Täby,Eskadervägen 8,183 54,"Eskadervägen 8, 183 54 Täby",59.4303,18.0947,08-758 78 84,https://roslagskliniken.se/,,,naprapat|massage,true,false,true,false,idrottsmedicin|rehabilitering|dry needling|stötvågsbehandling|Idrottsskador|Löparskador,2,"Simon Ydefjäll (Leg. naprapat); Truls Verngren (Naprapat)",5,138,2,750,"Roslagskliniken är en naprapatklinik med idrottsmedicinsk inriktning i Näsby Park, Täby, verksam sedan 1980. Kliniken erbjuder manipulation, mobilisering, massage, dry needling, stötvågsbehandling och rehabilitering, samt ett eget gym for rehabträning.",false,"Mån–Fre 07:15–17:00 (tisdagar till 19:00), lör–sön stängt. Telefonväxel 08:00–16:00 (lunchstängt 11:30–13:00)",08:00–17:00,08:00–17:00,08:00–17:00,08:00–17:00,08:00–17:00,Stängt,Stängt,1980,,,,https://www.google.com/maps?cid=4039955228490574992|https://roslagskliniken.se/kontakta-oss/|https://roslagskliniken.se/behandlingar/|https://roslagskliniken.se/priser/,2026-07-01,High - allabolag verified 2026-08-07
sabbatsbergs-fot-och-ryggcentrum,Sabbatsbergs fot- och ryggcentrum,Sabbatsbergs fot- och ryggcentrum,,,stockholm,Stockholm,Stockholm,Centrum,Dalagatan 9B,113 61 Stockholm,"Dalagatan 9B, 113 61 Stockholm",59.3293,18.0686,,,https://www.bokadirekt.se/places/sabbatsbergs-fot-och-ryggcentrum-fysioterapi-fotvard-hembesok-friskvard-massage-lordagsoppet-3934,bokadirekt,fysioterapeut,false,false,false,true,OMT|Fot|Mental hälsa,0,,4.8,82,2,750,Anslutna till Region Stockholm + privata.,false,,,,,,,,,,,,,,2026-08-22,High - verifierad
sabbatsbergs-ryggcentrum-naprapat-stockholm,Sabbatsbergs Ryggcentrum Naprapat Stockholm,Sabbatsbergs Ryggcentrum Naprapat Stockholm,,,stockholm,Stockholm,Stockholm,Vasastan,Dalagatan 9B,113 61,"Dalagatan 9B, 113 61 Stockholm",59.3389,18.048,08-31 21 32,https://www.ryggcentrum.se/,https://www.bokadirekt.se/places/sabbatsbergs-fot-och-ryggcentrum-fysioterapi-fotvard-hembesok-friskvard-massage-lordagsoppet-3934,bokadirekt,naprapat,true,false,false,false,ryggbesvär|smärtbehandling|ortopedisk manuell terapi|medicinsk fotvård|Nack- och ryggsmärta|Dry needling|Medicinsk akupunktur,1,Mahr Yousefy (Leg. Sjukgymnast),4.6,47,,,"Klinik på Dalagatan 9B vid Sabbatsbergs sjukhusområde med inriktning på ortopedisk manuell terapi och medicinsk fotvård, ansluten till Region Stockholm.",false,"Mån–Fre 09:00–20:00, Lör 10:00–18:00, Sön stängt",08:00–17:00,08:00–17:00,08:00–17:00,08:00–17:00,08:00–17:00,,,,,ePassi|Wellnet,,https://www.google.com/maps?cid=14919494199587880522|https://www.ryggcentrum.se/|https://www.bokadirekt.se/places/sabbatsbergs-fot-och-ryggcentrum-fysioterapi-fotvard-hembesok-friskvard-massage-lordagsoppet-3934,2026-07-01,High - verifierad
sax-fysioterapi-ab,Sax Fysioterapi AB,Sax Fysioterapi AB,556975-5035,Ja,stockholm,Täby,Täby,Täby,Lövbrunnagränd 1,187 53 Täby,"Lövbrunnagränd 1, 187 53 Täby",59.3293,18.0686,,,,,fysioterapeut,false,false,false,true,Fysioterapi,0,,4.8,39,2,750,Monica Anneli Sax. F-skatt: Ja. Status: Aktiv.,false,,,,,,,,,,,,,,2026-08-22,High - verifierad
snapfys-snapfys-ab,SNAPfys / Snapfys AB,SNAPfys / Snapfys AB,559022-5297,Ja,stockholm,Stockholm,Stockholm,Centrum,Fleminggatan 65,112 32 Stockholm,"Fleminggatan 65, 112 32 Stockholm",59.3293,18.0686,08-651 48 58,https://www.snapfys.se/,,,fysioterapeut,false,false,false,true,Idrottsskador|Fot|OMT,0,,4.8,94,2,750,"Privatägd, ansluten Region Stockholm. F-skatt: Ja. Status: Aktiv.",false,,,,,,,,,,,,,,2026-08-22,High - verifierad
sders-hlsocenter,Söders Hälsocenter,Söders Hälsocenter,,,stockholm,Stockholm,Stockholm,Norrmalm,Fatbursgatan 18A,118 54,"Fatbursgatan 18A, 118 54 Norrmalm",59.3148,18.0652,072-742 66 02,https://sodershalsocenter.se,https://sodershalsocenter.se,egen,massage,false,false,true,false,klassisk massage|medicinsk massage|lymfmassage,0,,0,0,2,750,Certifierade massörer som erbjuder behandlande medicinsk massage och lymfmassage på Södermalm.,false,,,,,,,,,,,,,,2026-08-23,High
stegkliniken-solna,Stegkliniken Solna,Stegkliniken Solna,,,stockholm,Solna,Solna,Solna,Råsundavägen 170,Solna,"Råsundavägen 170, Solna",59.3293,18.0686,,,https://www.bokadirekt.se/places/stegkliniken-solna-14888,bokadirekt,fysioterapeut,false,false,false,true,Idrottsskador|Ortopedteknik,0,,4.8,52,2,750,Flera leg. fysioterapeuter.,false,,,,,,,,,,,,,,2026-08-22,High - verifierad
sthlm-fysioterapi,STHLM Fysioterapi,STHLM Fysioterapi,559132-7013,Ja,stockholm,Stockholm,Stockholm,Norrmalm,Fleminggatan 65,112 32,"Fleminggatan 65, 112 32 Norrmalm",59.3341,18.0322,08-651 48 58,https://sthlmfysioterapi.se,https://sthlmfysioterapi.se,egen,fysioterapi,false,false,false,true,fysioterapi|rehabilitering|idrottsskador,0,,0,0,1,200,Legitimerade fysioterapeuter anslutna till Region Stockholm c/o Fleminggatan.,false,,,,,,,,,,,,,,2026-08-23,High
stjarnkliniken-stockholm-city,Stjärnkliniken Stockholm City,Stjärnkliniken AB,556446-9814,Ja,stockholm,Stockholm,Stockholm,Norrmalm,Klarabergsviadukten 70,107 24,"Klarabergsviadukten 70, 107 24 Stockholm",59.3321,18.0557,010-30 30 260,https://www.stjarnkliniken.com/stockholm-city/,https://stjarnkliniken.app.myaimi.se/boka/stockholm-city,egen,naprapat,true,false,false,false,naprapati|stötvågsbehandling|dry needling|idrottsskador|Nack- och ryggsmärta|Huvudvärk|Ischias,5,"Olivia Claar (Leg. Naprapat & Lic. Personlig Tränare); Marianne Røstad (Leg. Naprapat & Lic. Personlig Tränare); Jesper Bengtsson (Leg. Naprapat); Emma Stonegård (Leg. Naprapat); Joakim Lindgren (Leg. Naprapat)",5,211,2,920,"Stjärnkliniken Stockholm City är belägen vid Klarabergsviadukten 70 (WTC) och erbjuder naprapati, fysioterapi och kiropraktik. Kliniken anlitas av svenska landslag och har legitimerade naprapater med inriktning mot idrottsskador och arbetsrelaterade besvär.",false,Mån–Fre 08:00–17:00,08:00–17:00,08:00–17:00,08:00–17:00,08:00–17:00,08:00–17:00,10:00–14:00,,2008,,,Nära T-bana|Parkering,https://www.google.com/maps?cid=13363707863305890708|https://www.stjarnkliniken.com/stockholm-city/|https://www.stjarnkliniken.com/stockholm-city/terapeuter/|https://stjarnkliniken.app.myaimi.se/boka/stockholm-city,2026-07-01,High - allabolag/bolagsregister verified 2026-08-07
stjarnkliniken-stockholm-soder,Stjärnkliniken Stockholm Söder,Stjärnkliniken AB,556446-9814,Ja,stockholm,Stockholm,Stockholm,Södermalm,Mariatorget 5,118 48,"Mariatorget 5, 118 48 Stockholm",59.318,18.0637,010-30 30 260,https://www.stjarnkliniken.com/stockholm-sodermalm/,https://stjarnkliniken.app.myaimi.se/boka/stockholm-soder,egen,naprapat|massage,true,false,true,false,naprapati|stötvågsbehandling|dry needling|massage|Idrottsskador|Nack- och ryggsmärta|Huvudvärk,1,Joakim Lindgren (Leg. Naprapat),5,99,2,920,"Stjärnkliniken Stockholm Söder är belägen vid Mariatorget 5 (i Saga Motion) på Södermalm och erbjuder naprapati, massage och rehabilitering med legitimerade naprapater. Kliniken är en del av Stjärnklinikenkedjan med samarbete med svenska landslag.",false,Mån–Fre 08:00–17:00,07:30–19:30,07:30–19:30,07:30–19:30,07:30–19:30,07:30–16:30,Stängt,Stängt,,,Friskvårdsbidrag,,https://www.google.com/maps?cid=10251176338884407161|https://www.stjarnkliniken.com/stockholm-sodermalm/|https://www.stjarnkliniken.com/stockholm-sodermalm/naprapat-sodermalm/|https://stjarnkliniken.app.myaimi.se/boka/stockholm-soder|https://www.stjarnkliniken.com/kontakt/,2026-07-01,High - allabolag/bolagsregister verified 2026-08-07
stjarnkliniken-stockholm-stureplan,Stjärnkliniken Stockholm Stureplan,Stjärnkliniken AB,556446-9814,Ja,stockholm,Stockholm,Stockholm,Östermalm,Sturegatan 16,114 36,"Sturegatan 16, 114 36 Stockholm",59.3378,18.0745,010-30 30 260,https://www.stjarnkliniken.com/stockholm-stureplan/,https://stjarnkliniken.app.myaimi.se/boka/stockholm-stureplan,egen,naprapat|massage,true,false,true,false,naprapati|stötvågsbehandling|dry needling|massage|Nack- och ryggsmärta|Huvudvärk|Ischias|Idrottsskador,6,"Karolin Palmertz Cerne (Leg. Naprapat); Max Ogesten (Leg. Naprapat); Lisa Öqvist (Leg. Naprapat); Josefine Engström (Leg. Naprapat); Jakob Arnvig (Leg. Fysioterapeut); Anna Gaul (Klinikchef & Hälsocoach)",5,44,3,920,"Stjärnkliniken Stureplan på Sturegatan 16 är en del av Stjärnkliniken-kedjan med kliniker i flera svenska städer. Kliniken erbjuder legitimerade naprapater med specialisering inom naprapati, stötvågsbehandling och dry needling, och har samarbetat med svenska landslag.",false,Måndag–fredag 08:00–17:00,08:00–17:00,08:00–17:00,08:00–17:00,08:00–17:00,08:00–17:00,,,,,Friskvårdsbidrag,,https://www.google.com/maps?cid=4490253277689443884|https://www.stjarnkliniken.com/stockholm-stureplan/|https://www.stjarnkliniken.com/stockholm-stureplan/naprapat-ostermalm/|https://www.stjarnkliniken.com/stockholm-stureplan/kontakt-stockholm-stureplan/,2026-07-01,High - allabolag verified 2026-08-07
stockholms-massageklinik,Stockholms Massageklinik,Stockholms Massageklinik,556557-9323,Ja,stockholm,Stockholm,Stockholm,Norrmalm,Klara Norra Kyrkogata 20B,111 22,"Klara Norra Kyrkogata 20B, 111 22 Norrmalm",59.3338,18.0601,08-21 11 31,http://www.stockholmsmassageklinik.se,http://www.stockholmsmassageklinik.se,egen,massage,false,false,true,false,klassisk massage|behandlande massage|gravidmassage,0,,0,0,2,750,"Etablerad massageklinik i city som erbjuder klassisk, behandlande samt gravidmassage.",false,,,,,,,,,,,,,,2026-08-23,High
stockholms-rehabklinik-city,Stockholms RehabKlinik CITY,Stockholms RehabKlinik CITY,,,stockholm,Stockholm,Stockholm,Norrmalm,Kungsgatan 35,111 56,"Kungsgatan 35, 111 56 Stockholm",59.3357,18.0651,08-640 00 60,https://srkc.se/,https://srkc.se/,egen,naprapat,true,false,false,false,naprapati|fysioterapi|stötvågsbehandling|dry needling|Nack- och ryggsmärta|Huvudvärk|Idrottsskador,5,"Mikael Åkerström (Leg. Naprapat); Petra Bergstedt (Leg. Naprapat); Robert Hansson (Leg. Naprapat); Sebastian Munthe (Leg. Fysioterapeut); Anton Zackrisson (Leg. Fysioterapeut)",5,29,2,850,Stockholms RehabKlinik CITY på Kungsgatan 35 grundades 2002 och erbjuder naprapati och fysioterapi i centrala Stockholm nära Hötorget. Kliniken samarbetar med flera försäkringsbolag och har sedan starten hjälpt närmare 23 000 patienter.,false,"Mån–fre 08–19, lör–sön stängt",08:00–19:00,08:00–19:00,08:00–19:00,08:00–19:00,08:00–19:00,Stängt,Stängt,2002,,Kort|Faktura,Hiss,https://www.google.com/maps?cid=6470346631157118717|https://srkc.se/|https://srkc.se/priser/|https://srkc.se/om-oss/,2026-07-01,High - verifierad
sturenaprapaten-ab,StureNaprapaten AB,StureNaprapaten AB,559020-0498,Ja,stockholm,Stockholm,Stockholm,Östermalm,Birger Jarlsgatan 34,114 29,"Birger Jarlsgatan 34, 114 29 Stockholm",59.3388,18.0688,08-440 73 37,https://www.sturenaprapaten.se/,https://www.bokadirekt.se/places/sturenaprapaten-ab-10317,bokadirekt,naprapat|massage,true,false,true,false,naprapati|massage|stötvågsbehandling|idrottsmassage|Nack- och ryggsmärta|Idrottsskador|Dry needling,2,"Elvira Lindblad (Leg. Naprapat); Emilia Huhtimo (Leg. Naprapat)",4.9,138,3,920,"StureNaprapaten är en naprapatklinik på Birger Jarlsgatan 34, nära Stureplan, med verksamhet sedan 2015. Kliniken erbjuder naprapati, massage och stötvågsbehandling med individuellt anpassade behandlingsplaner.",false,"Måndag–torsdag 07:30–20:00, fredag 07:30–17:00, lördag–söndag 10:00–16:00",07:30–20:00,07:30–20:00,07:30–20:00,07:30–20:00,07:30–17:00,10:00–16:00,10:00–16:00,2015,,Friskvårdsbidrag,,https://www.google.com/maps?cid=2626664932025576224|https://www.sturenaprapaten.se/|https://www.sturenaprapaten.se/prislista|https://www.bokadirekt.se/places/sturenaprapaten-ab-10317,2026-07-01,High - allabolag/bolagsregister verified 2026-08-07
sundbyberg-rehab-fysioterapi-center,Sundbyberg Rehab & Fysioterapi Center,Sundbyberg Rehab & Fysioterapi Center,,,stockholm,Sundbyberg,Sundbyberg,Sundbyberg,Prästgårdsgatan 30,172 32 Sundbyberg,"Prästgårdsgatan 30, 172 32 Sundbyberg",59.3293,18.0686,08-28 60 80,https://www.fysio.se/,https://www.bokadirekt.se/places/sundbyberg-rehab-fysioterapi-center-1900,bokadirekt,fysioterapeut,false,false,false,true,Rehab|Rygg|Idrottsskador,0,,4.8,47,2,750,Ansluten Region Stockholm.,false,,,,,,,,,,,,,,2026-08-22,High - verifierad
sundbybergs-halsocenter,Sundbybergs Hälsocenter,Sundbybergs Hälsocenter,,,stockholm,Sundbyberg,Sundbyberg,Sundbyberg,Brunnsgatan 4A,172 68,"Brunnsgatan 4A, 172 68 Sundbyberg",59.3629,17.9681,08-28 99 22,https://www.sundbybergshalsocenter.se/,https://ww1.clinicbuddy.com/onlinebooking/Sundbybergs-H%C3%A4lsocenter-187,egen,naprapat|massage,true,false,true,false,naprapati|massage|lymfmassage|stötvågsbehandling|Idrottsskador|Barn & ungdom|Löparskador|Dry needling|Medicinsk akupunktur,0,,4.7,59,,,"Sundbybergs Hälsocenter är en väletablerad klinik med rötter sedan 1998, belägen centralt i Sundbyberg. Kliniken erbjuder naprapatbehandling utförd av legitimerade naprapater samt massage, lymfmassage och stötvågsbehandling.",false,"Måndag–fredag med akuttider varje dag, samt varannan helg",,,,,,,,1998,,,,https://www.google.com/maps?cid=7068775283561479607|https://www.sundbybergshalsocenter.se/|https://www.sundbybergshalsocenter.se/om-oss|https://www.sundbybergshalsocenter.se/naprapati,2026-07-01,High - verifierad
sundbybergs-naprapat-och-ryggklinik,Sundbybergs Naprapat & Ryggklinik,Sundbybergs Naprapat & Ryggklinik,,,stockholm,Sundbyberg,Sundbyberg,Sundbyberg,Trädgårdsgatan 26,172 38,"Trädgårdsgatan 26, 172 38 Sundbyberg",59.3573,17.9672,08-296367,https://www.naprawell.se,https://www.bokadirekt.se/places/naprawell-naprapat-sundbyberg-347,bokadirekt,naprapat|massage,true,false,true,false,naprapati|massage|dry needling|rehabilitering|Nack- och ryggsmärta|Ischias|Huvudvärk|Idrottsskador|Graviditetsbesvär,0,,4.7,68,2,840,"Sundbybergs Naprapat & Ryggklinik drivs sedan 2023 under varumärket NapraWell och är belägen på Trädgårdsgatan 26 i centrala Sundbyberg, etablerad på samma adress sedan 1986. Kliniken är en del av NapraWell-kedjan med legitimerade naprapater och erbjuder behandlingar med ledjusteringar, akupunktur och dry needling.",false,"Måndag–fredag 07:00–19:00, lördag 10:00–14:00, söndag varierar",07:00–19:00,07:00–19:00,07:00–19:00,07:00–19:00,07:00–19:00,10:00–14:00,,,,,,https://www.google.com/maps?cid=9627365041991341528|https://www.naprawell.se/naprapat-sundbyberg|https://www.bokadirekt.se/places/naprawell-naprapat-sundbyberg-347|https://www.naprawell.se/om-oss|https://www.naprawell.se/kontakt,2026-07-01,High - verifierad
supermauro-naprapati,SuperMauro Naprapati,SuperMauro Naprapati,,,stockholm,Stockholm,Stockholm,Norrmalm,Eriksbergsgatan 8B,114 30,"Eriksbergsgatan 8B, 114 30 Norrmalm",59.3402,18.0673,073-054 38 31,https://supermauro.se,https://www.bokadirekt.se/places/supermauro-naprapati-38379,bokadirekt,naprapat,true,false,false,false,naprapati|rehabilitering,0,,0,0,2,750,Leg. naprapat Mauro med toppbetyg (5.0/5) för personlig behandling av rygg- och nackbesvär.,false,,,,,,,,,,,,,,2026-08-23,High
svea-naprapati-and-idrottsmedicin,Svea Naprapati & Idrottsmedicin,Svea Naprapati & Idrottsmedicin,556366-6477,Ja,stockholm,Stockholm,Stockholm,Norrmalm,Sveavägen 141 B,113 46,"Sveavägen 141 B, 113 46 Norrmalm",59.3489,18.0512,08-651 75 89,https://sveanaprapati.com,https://www.bokadirekt.se/places/svea-naprapati-&-idrottsmedicin,bokadirekt,naprapat,true,false,false,false,naprapati|idrottsmedicin|stötvågsbehandling,0,,0,0,2,750,Legitimerad naprapatklinik med specialistkompetens inom idrottsmedicin och stötvågsterapi.,false,,,,,,,,,,,,,,2026-08-23,High
taby-centrum-fysioterapi-ab,Täby Centrum Fysioterapi AB,Täby Centrum Fysioterapi AB,556451-0807,Ja,stockholm,Täby,Täby,Täby,Biblioteksgången 10 / Esplanaden 9,183 34 Täby,"Biblioteksgången 10 / Esplanaden 9, 183 34 Täby",59.3293,18.0686,08-792 38 10,https://www.tabycfysioterapi.se/,,,fysioterapeut,false,false,false,true,OMT|Idrottsmedicin|Reumatologi|Mental hälsa,0,,4.8,51,2,750,"Privat driven, ansluten Region Stockholm. F-skatt: Ja. Status: Aktiv.",false,,,,,,,,,,,,,,2026-08-22,High - verifierad
taby-rehab-center,Täby Rehab Center,Täby Rehab Center,556462-3857,Ja,stockholm,Täby,Täby,Täby,,Täby,"null, Täby",59.3293,18.0686,,https://rehab.se,,,fysioterapeut,false,false,false,true,Idrottsmedicin|OMT|Ortopedi|Smärta,0,,4.8,52,2,750,Specialister inom idrottsmedicin och OMT. Ansluten Region Stockholm. Status: Aktiv.,false,,,,,,,,,,,,,,2026-08-22,High - verifierad
totalkropp-naprapat-peter-viklund,Totalkropp / Naprapat Peter Viklund,Totalkropp / Naprapat Peter Viklund,,,stockholm,Stockholm,Stockholm,Södermalm,Ingenjörsvägen 34,117 59,"Ingenjörsvägen 34, 117 59 Stockholm",59.3071,18.0273,08-54 900 700,https://www.totalkropp.se,https://www.bokadirekt.se/places/totalkropp-408,bokadirekt,naprapat|massage,true,false,true,false,naprapati|långvarig smärta|käkledsbehandling|dry needling|Idrottsskador|Nack- och ryggsmärta|Käkbesvär (TMD)|Graviditetsbesvär|Barn & ungdom|Stötvågsbehandling,4,"Peter Viklund (Leg. Naprapat); Johanna Lindgren (Leg. Naprapat); Tim Hustad (Leg. Naprapat); Eleonore Ram (Leg. Naprapat)",4.8,82,2,820,"Naprapatklinik i Liljeholmen på Ingenjörsvägen 34, grundad av Peter Viklund som även undervisar vid Naprapathögskolan och forskar om långvarig smärta vid Karolinska Institutet. Kliniken erbjuder naprapati, massage och specialiserad behandling av käkled.",false,Mån–fre 07:00–19:00,07:00–19:00,07:00–19:00,07:00–19:00,07:00–19:00,07:00–19:00,,,,,Friskvårdsbidrag|Benify|Actiway|Wellnet,,https://www.google.com/maps?cid=8780051627471080397|https://www.totalkropp.se/naprapat-liljeholmen/|https://www.totalkropp.se/kontakt/|https://www.bokadirekt.se/places/totalkropp-408,2026-07-01,High - verifierad
vastermalms-kiropraktik,Västermalms Kiropraktik,Västermalms Kiropraktik AB,556676-5946,Ja,stockholm,Stockholm,Stockholm,Kungsholmen,Fleminggatan 15,112 26,"Fleminggatan 15, 112 26 Stockholm",,,08-651 77 30,https://www.vastermalmskiropraktik.se,,,"kiropraktik,massage",false,true,true,false,,3,"Martin Carlson (Leg. kiropraktor); Maria Carnholm (Leg. kiropraktor); Madeleine Brus (Leg. kiropraktor)",0,0,,,,false,,,,,,,,,,,,,,2026-08-07,High - merinfo + website verified 2026-08-07
viktoria-astrom-fysioterapi-ab,Viktoria Åström Fysioterapi AB,Viktoria Åström Fysioterapi AB,559392-6941,Ja,stockholm,Stockholm,Stockholm,Centrum,Hammarby Allé 119,120 64 Stockholm,"Hammarby Allé 119, 120 64 Stockholm",59.3293,18.0686,,,,,fysioterapeut,false,false,false,true,Fysioterapi,1,Viktoria Åström (Leg. Fysioterapeut),4.8,85,2,750,Status: Aktiv.,false,,,,,,,,,,,,,,2026-08-22,High - verifierad
villaval-sjukgymnastik-ab,VillaVäl Sjukgymnastik AB,VillaVäl Sjukgymnastik AB,556962-2193,Ja,stockholm,Västra Frölunda,Göteborg,Västra Frölunda,Hängpilsgatan 10,426 77 Västra Frölunda,"Hängpilsgatan 10, 426 77 Västra Frölunda",57.65,11.92,070-719 03 88,https://villaval.se/,https://www.bokadirekt.se/places/villaval-sjukgymnastik-30837,bokadirekt,fysioterapeut,false,false,false,true,Akupunktur|Medicinsk yoga|Stresshantering,0,,4.8,57,2,750,Christel Andersson. Frikort gäller. F-skatt: Ja. Status: Aktiv. Rating 4.8.,false,,,,,,,,,,,,,,2026-08-22,High - verifierad
viveka-nyman-fysioterapi-ab,Viveka Nyman Fysioterapi AB,Viveka Nyman Fysioterapi AB,556789-9454,Ja,stockholm,Solna,Solna,Solna,Hagavägen 18,169 69 Solna,"Hagavägen 18, 169 69 Solna",59.3293,18.0686,,,,,fysioterapeut,false,false,false,true,Fysioterapi,1,Viveka Nyman (Leg. Fysioterapeut),4.8,88,2,750,F-skatt: Ja. Status: Aktiv.,false,,,,,,,,,,,,,,2026-08-22,High - verifierad
wagndal-halsa-och-fysioterapi-ab,Wagndal Hälsa och Fysioterapi AB,Wagndal Hälsa och Fysioterapi AB,559081-9719,Ja,stockholm,Lidingö,Lidingö,Lidingö,Sälgtunet 5,181 48 Lidingö,"Sälgtunet 5, 181 48 Lidingö",59.3293,18.0686,,,,,fysioterapeut,false,false,false,true,Fysioterapi,0,,4.8,40,2,750,Status: Aktiv.,false,,,,,,,,,,,,,,2026-08-22,High - verifierad
weidenius-leg-fysio-och-terapi-ab,Weidenius Leg Fysio och Terapi AB,Weidenius Leg Fysio och Terapi AB,556749-0130,Ja,stockholm,Stockholm,Stockholm,Centrum,Essinge Brogata 8,112 61 Stockholm,"Essinge Brogata 8, 112 61 Stockholm",59.3293,18.0686,070-716 76 90,,,,fysioterapeut,false,false,false,true,Fysioterapi|Rehab,0,,4.8,52,2,750,Tomas Weidenius. F-skatt: Ja. Status: Aktiv.,false,,,,,,,,,,,,,,2026-08-22,High - verifierad
aktiv-naprapati-i-ume,Aktiv Naprapati i Umeå,Aktiv Naprapati i Umeå,,,umea,Umeå,Umeå,Umeå,Storgatan 115,903 33,"Storgatan 115, 903 33 Umeå",63.83,20.27,090-77 78 XX,,,,naprapat,true,false,false,false,naprapati,0,,0,0,2,750,Andreas Larsson – leg. naprapat. Högt betyg (4.8 från 960+ recensioner).,false,,,,,,,,,,,,,,2026-08-24,High
beautiwise-i-ume,Beautiwise i Umeå,Beautiwise i Umeå,,,umea,Umeå,Umeå,Umeå,Dunkersgatan 5,903 27,"Dunkersgatan 5, 903 27 Umeå",63.825,20.255,076-559 23 XX,https://beautiwi.se/,https://www.bokadirekt.se/places/beautiwise-i-umea-47960,bokadirekt,massage,false,false,true,false,massage,0,,0,0,2,750,"Salong med naglar, fransar och massage. Rating 4.9 från 1300+ recensioner.",false,,,,,,,,,,,,,,2026-08-24,High
bjrkstadens-massage-and-friskvrd,Björkstadens Massage & Friskvård,Björkstadens Massage & Friskvård,,,umea,Umeå,Umeå,Umeå,Utfartsvägen 8A,903 54,"Utfartsvägen 8A, 903 54 Umeå",63.86,20.28,070-377 69 XX,,https://www.bokadirekt.se/places/bjorkstadens-massage-friskvard-14204,bokadirekt,massage,false,false,true,false,klassisk massage,0,,0,0,2,750,Torbjörn Ruther – svensk klassisk massage. Medlem i Kroppsterapeuternas Yrkesförbund. Rating 4.9.,false,,,,,,,,,,,,,,2026-08-24,High
daniel-sjlander-fysioterapi-ab,Daniel Sjölander fysioterapi AB,Daniel Sjölander fysioterapi AB,,,umea,Umeå,Umeå,Umeå,Bruksvägen 13,906 21,"Bruksvägen 13, 906 21 Umeå",63.84,20.29,070-228 08 13,,,,fysioterapi,false,false,false,true,fysioterapi,0,,0,0,1,200,Daniel Sjölander – leg. fysioterapeut. Regionsavtal.,false,,,,,,,,,,,,,,2026-08-24,High
formtoppen-hlsa,Formtoppen Hälsa,Formtoppen Hälsa,,,umea,Umeå,Umeå,Umeå,Norrlandsgatan 17,903 29,"Norrlandsgatan 17, 903 29 Umeå",63.825,20.26,090-13 53 33,https://formtoppen.com,,,fysioterapi,false,false,false,true,fysioterapi,0,,0,0,1,200,Lars Andersson – leg. fysioterapeut. Regionsavtal.,false,,,,,,,,,,,,,,2026-08-24,High
fysio-emma-sderstrm-ab,Fysio Emma Söderström AB,Fysio Emma Söderström AB,556959-0507,Ja,umea,Umeå,Umeå,Umeå,Storgatan 115,903 33,"Storgatan 115, 903 33 Umeå",63.83,20.27,070-386 69 36,https://www.fysioemma.se,,,fysioterapi,false,false,false,true,fysioterapi|omt,0,,0,0,1,200,"Emma Söderström – leg. fysioterapeut och specialist i OMT (steg 3). Driver klinik med gym, vattenträning och pilates. F-skatt: Ja.",false,,,,,,,,,,,,,,2026-08-24,High
fysio-sara-knigsson-ab,Fysio Sara Königsson AB,Fysio Sara Königsson AB,,,umea,Umeå,Umeå,Umeå,Storgatan 115,903 33,"Storgatan 115, 903 33 Umeå",63.83,20.27,070-238 46 26,,,,fysioterapi,false,false,false,true,fysioterapi,0,,0,0,1,200,Sara Königsson – leg. fysioterapeut. Regionsavtal. Delar lokal på Storgatan 115.,false,,,,,,,,,,,,,,2026-08-24,High
fysiocenter-nord-ab,Fysiocenter Nord AB,Fysiocenter Nord AB,,,umea,Umeå,Umeå,Umeå,Strömpilsplatsen 7,907 43,"Strömpilsplatsen 7, 907 43 Umeå",63.85,20.25,070-297 29 77,https://fysiocenternord.se,,,fysioterapi,false,false,false,true,fysioterapi,0,,0,0,1,200,"David Rönnlund och Tina Rönnlund Borg – leg. sjukgymnaster med regionsavtal. Patientavgift enligt regionens taxa, frikort gäller. Ingen remiss krävs.",false,,,,,,,,,,,,,,2026-08-24,High
kallafysioclinic-ab,KallafysioClinic AB,KallafysioClinic AB,,,umea,Umeå,Umeå,Umeå,Västra Kyrkogatan 6A,903 29,"Västra Kyrkogatan 6A, 903 29 Umeå",63.825,20.255,070-654 05 33,,,,fysioterapi,false,false,false,true,fysioterapi,0,,0,0,1,200,Berndt – leg. fysioterapeut. Regionsavtal.,false,,,,,,,,,,,,,,2026-08-24,High
kiropraktor-hans-andersson,Kiropraktor Hans Andersson,Kiropraktor Hans Andersson,,,umea,Umeå,Umeå,Umeå,Brogatan 4B,903 25,"Brogatan 4B, 903 25 Umeå",63.825,20.255,070-346 28 22,,,,kiropraktor,false,true,false,false,kiropraktik,0,,0,0,2,750,Hans Andersson – leg. kiropraktor. Även knuten till Umeå Rygg & Ledklinik.,false,,,,,,,,,,,,,,2026-08-24,High
krafttaget,Krafttaget,Krafttaget,,,umea,Umeå,Umeå,Umeå,Rådhusesplanaden 18C,903 28,"Rådhusesplanaden 18C, 903 28 Umeå",63.826,20.265,090-12 59 XX,https://www.krafttaget.se,https://www.bokadirekt.se/places/krafttaget-47524,bokadirekt,massage,false,false,true,false,behandlande massage|mobilisering|elektroterapi,0,,0,0,2,750,"Behandlande massage, mobilisering och elektroterapi. Högt betyg (4.8 från 800+ recensioner). Medlem i Kroppsterapeuternas Yrkesförbund.",false,,,,,,,,,,,,,,2026-08-24,High
landby-fysioterapi,Landby Fysioterapi,Landby Fysioterapi,,,umea,Umeå,Umeå,Umeå,Västra Norrlandsgatan 5C,903 27,"Västra Norrlandsgatan 5C, 903 27 Umeå",63.825,20.255,072-218 85 79,,,,fysioterapi,false,false,false,true,fysioterapi,0,,0,0,1,200,Rasmus Landby – leg. fysioterapeut. Regionsavtal.,false,,,,,,,,,,,,,,2026-08-24,High
limbra-naprapatlandslaget-ume,Limbra / Naprapatlandslaget Umeå,Limbra / Naprapatlandslaget Umeå,556999-3271,Ja,umea,Umeå,Umeå,Umeå,Renmarksesplanaden 3,903 26,"Renmarksesplanaden 3, 903 26 Umeå",63.828,20.263,010-768 10 30,https://www.naprapatlandslaget.se/klinik/umea/,,,naprapat,true,false,false,false,naprapati|stötvåg|mamma-mage,0,,0,0,2,750,"Limbra (Naprapatlandslaget) centralt i Umeå. Team med flera leg. naprapater (Ann Nordin, Oskar Berglund, Jimmie Sjögren, Tomas Nordin, Robin Berg m.fl.). Erbjuder stötvågsbehandling och hjälp vid graviditetsrelaterade besvär. Akuttider varje dag.",false,,,,,,,,,,,,,,2026-08-24,High
lvets-fysioterapi-ab,Lövets Fysioterapi AB,Lövets Fysioterapi AB,,,umea,Umeå,Umeå,Umeå,Storgatan 115,903 33,"Storgatan 115, 903 33 Umeå",63.83,20.27,090-13 52 00,,,,fysioterapi,false,false,false,true,fysioterapi,0,,0,0,1,200,Erik Singh – leg. fysioterapeut. Regionsavtal. Delar lokal med flera andra fysioterapeuter på Storgatan 115.,false,,,,,,,,,,,,,,2026-08-24,High
m-prima-massage-och-friskvrd-i-norr,Må Prima Massage och Friskvård i Norr,Må Prima Massage och Friskvård i Norr,,,umea,Umeå,Umeå,Umeå,Skolgatan 24,903 22,"Skolgatan 24, 903 22 Umeå",63.825,20.25,073-823 66 XX,,https://www.bokadirekt.se/places/ma-prima-massage-och-friskvard-i-norr-34993,bokadirekt,massage,false,false,true,false,medicinsk massage|lymfmassage|käkledsbehandling,0,,0,0,2,750,Karin Brunesson – medicinsk massageterapeut. Medlem i Kroppsterapeuternas Yrkesförbund. Rating 4.9 från 480+ recensioner.,false,,,,,,,,,,,,,,2026-08-24,High
meretes-massage-and-healing,Meretes Massage & Healing,Meretes Massage & Healing,,,umea,Umeå,Umeå,Umeå,Renmarkstorget 10,903 26,"Renmarkstorget 10, 903 26 Umeå",63.828,20.263,,,https://www.bokadirekt.se/places/meretes-massage-healing-130260,bokadirekt,massage,false,false,true,false,massage|lymfmassage|myofascial|healing,0,,0,0,2,750,"Mor och dotter-klinik med djupgående massage, hot stone, lymfmassage, koppning och healing. Rating 4.9.",false,,,,,,,,,,,,,,2026-08-24,High
naprapatennu-anders-jakobsson,naprapaten.nu (Anders Jakobsson),naprapaten.nu (Anders Jakobsson),,,umea,Umeå,Umeå,Umeå,Mariehemsvägen 7D,906 54,"Mariehemsvägen 7D, 906 54 Umeå",63.85,20.3,090-77 63 XX,,,,naprapat,true,false,false,false,naprapati,0,,0,0,2,750,Anders Jakobsson – leg. naprapat med mångårig erfarenhet av muskel- och ledbesvär. Akuttider. Rating 4.6 från 999+ recensioner.,false,,,,,,,,,,,,,,2026-08-24,High
naprapatkliniken-ke-hger-ab,Naprapatkliniken Åke Häger AB,Naprapatkliniken Åke Häger AB,,,umea,Umeå,Umeå,Umeå,Magasinsgatan 17,903 27,"Magasinsgatan 17, 903 27 Umeå",63.825,20.26,,https://naprapat-kliniken.se,,,naprapat,true,false,false,false,naprapati|idrottsskador,0,,0,0,2,750,Åke Häger – leg. naprapat med lång erfarenhet av rygg- och nackbesvär samt idrotts- och arbetsrelaterade skador. Medlem i Svenska Naprapatförbundet. Rating 4.6 från 1700+ recensioner.,false,,,,,,,,,,,,,,2026-08-24,High
naprapatsmedjan-ab,Naprapatsmedjan AB,Naprapatsmedjan AB,,,umea,Umeå,Umeå,Umeå,Slöjdgatan 2,903 25,"Slöjdgatan 2, 903 25 Umeå",63.825,20.255,072-223 73 XX,,,,naprapat,true,false,false,false,naprapati,0,,0,0,2,750,Naprapatklinik centralt i Umeå.,false,,,,,,,,,,,,,,2026-08-24,High
osteopatklinik-valiant-tidigare-rygg-och-muskelakuten,Osteopatklinik Valiant (tidigare Rygg- och Muskelakuten),Osteopatklinik Valiant (tidigare Rygg- och Muskelakuten),,,umea,Umeå,Umeå,Umeå,Kungsgatan 17 B,903 25,"Kungsgatan 17 B, 903 25 Umeå",63.825,20.255,,https://www.osteopatklinikvaliant.se/,,,naprapat|kiropraktor,true,true,false,false,osteopati|manuell terapi,0,,0,0,2,750,"Jax Axelsson – Osteopat B.Sc. D.O. Specialiserad inom terapeutisk kommunikation och undervisning. Behandlar kotor, leder, muskler och vitalitet. Tar emot patienter från Umeå och omkringliggande orter.",false,,,,,,,,,,,,,,2026-08-24,High
papacosta-fysioterapi-och-idrottsmottagning,Papacosta fysioterapi och idrottsmottagning,Papacosta fysioterapi och idrottsmottagning,,,umea,Umeå,Umeå,Umeå,Storgatan 115,903 33,"Storgatan 115, 903 33 Umeå",63.83,20.27,070-828 22 10,,,,fysioterapi,false,false,false,true,fysioterapi|idrottsmedicin,0,,0,0,1,200,Daniel Papacosta – leg. fysioterapeut med inriktning idrottsskador. Regionsavtal.,false,,,,,,,,,,,,,,2026-08-24,High
peder-massr,Peder Massör,Peder Massör,,,umea,Umeå,Umeå,Umeå,Pilgatan 16,903 31,"Pilgatan 16, 903 31 Umeå",63.83,20.25,073-216 91 XX,,https://www.bokadirekt.se/places/peder-massor-738,bokadirekt,massage,false,false,true,false,deep tissue|terapeutisk massage,0,,0,0,2,750,"Peder Gottfridsson – diplomerad massör. Fokus på rehabilitering, djupgående och avslappnande behandlingar. Rating 4.9 från 1100+ recensioner.",false,,,,,,,,,,,,,,2026-08-24,High
peony-massage-and-friskvrd,Peony Massage & Friskvård,Peony Massage & Friskvård,,,umea,Umeå,Umeå,Umeå,Storgatan 43,903 26,"Storgatan 43, 903 26 Umeå",63.826,20.26,076-246 42 XX,,https://www.bokadirekt.se/places/peony-massage-friskvard-48455,bokadirekt,massage,false,false,true,false,thaimassage|hot stone|oljemassage|lymfmassage,0,,0,0,2,750,"Supranee Pachatree – utbildad i thaimassage (Thailand), hot stone och svensk klassisk massage. Rating 4.8 från 600+ recensioner.",false,,,,,,,,,,,,,,2026-08-24,High
ro-givande,Ro-givande,Ro-givande,,,umea,Umeå,Umeå,Umeå,Klintvägen 19,907 37,"Klintvägen 19, 907 37 Umeå",63.85,20.24,,,https://www.bokadirekt.se/places/ro-givande-30778,bokadirekt,massage,false,false,true,false,massage|spa,1,Carina Rydén (Spaterapeut & Friskvårdsmassör),0,0,2,750,Carina Rydén – spaterapeut och friskvårdsmassör. Naturnära produkter och möjlighet till samtal + massage. Rating 4.8.,false,,,,,,,,,,,,,,2026-08-24,High
sjukgymnastkliniken-ume-ab,Sjukgymnastkliniken Umeå AB,Sjukgymnastkliniken Umeå AB,,,umea,Umeå,Umeå,Umeå,Slöjdgatan 2,903 25,"Slöjdgatan 2, 903 25 Umeå",63.825,20.255,090-18 04 29,,,,fysioterapi,false,false,false,true,fysioterapi,0,,0,0,1,200,Alexander Kinnunen Nassiri – leg. fysioterapeut. Regionsavtal.,false,,,,,,,,,,,,,,2026-08-24,High
soul-body-and-mind,"Soul, body & mind","Soul, body & mind",,,umea,Umeå,Umeå,Umeå,Sveagatan 6,903 27,"Sveagatan 6, 903 27 Umeå",63.825,20.255,073-833 85 XX,,https://www.bokadirekt.se/places/soul-body-mind-35512,bokadirekt,massage,false,false,true,false,djupgående massage|lymfmassage|koppning,0,,0,0,2,750,"Martina Johansson – högkvalitativa behandlingar med koppning, skrapning och hot stone. Belägen i Yogalove-huset. Rating 4.9.",false,,,,,,,,,,,,,,2026-08-24,High
sportakuten-ab,Sportakuten AB,Sportakuten AB,,,umea,Umeå,Umeå,Umeå,Gammliavägen 5,903 42,"Gammliavägen 5, 903 42 Umeå",63.84,20.28,090-349 58 00,https://sportakuten.se,,,fysioterapi,false,false,false,true,fysioterapi|idrottsmedicin,0,,0,0,1,200,Jonas Lindberg – leg. fysioterapeut. Regionsavtal med Region Västerbotten.,false,,,,,,,,,,,,,,2026-08-24,High
ume-kiropraktorklinik-bronemo,Umeå Kiropraktorklinik (Bronemo),Umeå Kiropraktorklinik (Bronemo),,,umea,Umeå,Umeå,Umeå,Rådhusesplanaden 17C,903 28,"Rådhusesplanaden 17C, 903 28 Umeå",63.826,20.265,090-14 32 95,https://www.umeakiropraktorklinik.se/,https://www.bokadirekt.se/places/umea-kiropraktorklinik-22494,bokadirekt,kiropraktor,false,true,false,false,kiropraktik|barn|gravida,0,,0,0,2,750,"Lars och Maria Bronemo – leg. kiropraktorer. Expertis inom rygg-, nack- och ledbesvär. Mycket högt betyg (4.7 från 3500+ recensioner). Akuttider tillgängliga.",false,,,,,,,,,,,,,,2026-08-24,High
ume-muskelterapi-and-friskvrd,Umeå Muskelterapi & Friskvård,Umeå Muskelterapi & Friskvård,,,umea,Umeå,Umeå,Umeå,Rådhusesplanaden 16B,903 28,"Rådhusesplanaden 16B, 903 28 Umeå",63.826,20.265,073-830 70 XX,https://www.muskelterapi.nu,https://www.bokadirekt.se/places/umea-muskelterapi-friskvard-26680,bokadirekt,massage,false,false,true,false,medicinsk massage|klassisk massage|lymfmassage|fascia,0,,0,0,2,750,"Stefan Wörlén – diplomerad massageterapeut (Axelsons) och AkuNova-akupunktör. Arbetar mot privatpersoner, företag och föreningar. Rating 4.8.",false,,,,,,,,,,,,,,2026-08-24,High
ume-rygg-and-ledklinik,Umeå Rygg & Ledklinik,Umeå Rygg & Ledklinik,,,umea,Umeå,Umeå,Umeå,Kungsgatan 29,903 21,"Kungsgatan 29, 903 21 Umeå",63.825,20.26,090-13 01 41,https://umearygg.se/,,,naprapat|kiropraktor|fysioterapi|massage,true,true,true,true,naprapati|kiropraktik|osteopati|fysioterapi|massage|stötvåg|laser,0,,0,0,2,750,"Ledande klinik i Norrland med naprapater, kiropraktorer, fysioterapeuter, osteopater och massörer. Helhetstänk kring rygg, nacke, leder och idrottsskador. Erbjuder gravidbehandling och InBody-analys.",false,,,,,,,,,,,,,,2026-08-24,High
city-kiropraktik-magnus-eriksson,City Kiropraktik Magnus Eriksson,City Kiropraktik Magnus Eriksson,,,uppsala,Uppsala,Uppsala,Centrum,Möllersvärdsgatan 12,754 50,"Möllersvärdsgatan 12, 754 50 Uppsala",59.87,17.66,018-68 14 11,https://kiropraktoruppsala.se,,,kiropraktor,false,true,false,false,kiropraktik,0,,0,0,2,750,Leg. kiropraktor Magnus Eriksson erbjuder undersökning och behandling av smärttillstånd.,false,,,,,,,,,,,,,,2026-08-23,High
city-naprapaten-uppsala,City Naprapaten Uppsala AB,City Naprapaten Uppsala AB,556981-5979,Ja,uppsala,Uppsala,Uppsala,Centrum,Kungsgatan 64,753 41,"Kungsgatan 64, 753 41 Uppsala",59.8543,17.6526,018-69 21 00,,https://www.timecenter.se/citynaprapatenuppsalaab/city-naprapaten-uppsala-ab/,timecenter,naprapat,true,false,false,false,idrottsskador,3,"Ellen Lundström (Leg naprapat); Henrik Widén (Leg Naprapat); Tomas Frykberg (Leg Naprapat)",4.8,3188,,,"Legitimerade naprapater specialiserade på ryggskott, ischias, idrottsskador, nacke, axlar. Individuellt anpassad behandling och rehab.",false,,,,,,,,,,,,,https://www.hitta.se/verksamhet/city-naprapaten-fnrtbzfm|https://www.timecenter.se/citynaprapatenuppsalaab/city-naprapaten-uppsala-ab/|https://www.hitta.se/f%C3%B6retagsinformation/city+naprapaten+uppsala+ab/5569815979,2026-08-14,"Medium-High - directories + TimeCenter + bolagsdata, limited own website"
elitnaprapati-uppsala,ElitNaprapati,ElitNaprapati / Naprapat Henrik Mattsson AB,559438-7317,Ja,uppsala,Uppsala,Uppsala,Centrum,Slottsgränd 2A,753 09,"Slottsgränd 2A, 753 09 Uppsala",59.8562708,17.6384304,073-720 42 34,https://elitnaprapati.se/,https://system.easypractice.net/book/henrik-mattsson,easypractice,naprapat|massage,true,false,true,false,dry needling|idrottsskador,2,"Henrik Mattsson (Leg Naprapat, specialiserad dry needling); Andreas Gustafsson (Naprapat, Certifierad massageterapeut, dry needling)",0,0,,,"Naprapati och idrottsmedicin i nyrenoverade lokaler centralt i Uppsala. Leg. Naprapat Henrik Mattsson (specialiserad dry needling, >10 år, ca 20 000 behandlingar) och Andreas Gustafsson (naprapatstudent/cert. massageterapeut). Fokus på idrottsskador och smärta i rygg/nacke/leder.",false,"Mån-tors ca 07:30-18, fre till 17 (enligt källor)",07:30-18:00,07:30-18:00,07:30-18:00,07:30-18:00,07:30-17:00,,,,,,,https://elitnaprapati.se/|https://www.allabolag.se/foretag/elitnaprapati-naprapat-henrik-mattsson-ab/uppsala/h%C3%A4lsotj%C3%A4nster/2KIR4VPI63IHB|https://www.hitta.se/,2026-08-14,High - website + bolagsregister + consistent address
fyris-massage,Fyris Massage,Fyris Massage,,,uppsala,Uppsala,Uppsala,Centrum,Kålsängsgränd 10C,753 19,"Kålsängsgränd 10C, 753 19 Uppsala",59.856,17.643,073-901 77 18,https://www.bokadirekt.se/places/fyris-massage-23588,https://www.bokadirekt.se/places/fyris-massage-23588,bokadirekt,massage,false,false,true,false,klassisk massage|behandlande massage,0,,0,0,2,750,Certifierade massörer som erbjuder anpassade behandlingar for spänningar och återhämtning.,false,,,,,,,,,,,,,,2026-08-23,High
fysiaden-uppsala,Fysiaden Uppsala,Fysiaden Uppsala,559139-0118,Ja,uppsala,Uppsala,Uppsala,Centrum,Artillerigatan 7,752 37,"Artillerigatan 7, 752 37 Uppsala",59.853,17.619,076-004 61 15,https://www.fysiaden.se,https://www.fysiaden.se,egen,fysioterapi,false,false,false,true,fysioterapi|idrottsmedicin|rehabilitering,0,,0,0,1,200,Fysioterapi med idrottsmedicinsk inriktning och regionsavtal.,false,,,,,,,,,,,,,,2026-08-23,High
idrottsskadecentrum-uppsala,Idrottsskadecentrum Uppsala,Idrottsskadecentrum i Uppsala Handelsbolag,969656-0953,Ja,uppsala,Uppsala,Uppsala,Centrum,Drottninggatan 1A,753 10,"Drottninggatan 1A, 753 10 Uppsala",59.8566912,17.6348339,018-12 91 11,https://iscuppsala.se/,https://www.bokadirekt.se/places/idrottsskadecentrum-i-uppsala-49170,bokadirekt,naprapat,true,false,false,false,ortopedisk medicin|sportmedicin|idrottsskador|rehabilitering,5,"Mats Öfverberg (Leg. Naprapat, Cert. sportmedicin); Teddy Jansson (Leg. Naprapat, Examen ortopedisk medicin); Kristoffer Lee Rooth (Leg. Naprapat); Kenneth Rooth (Leg. Sjukgymnast, Högre examen ortopedisk medicin); Lena Bergdahl (Leg. Sjuksköterska, Akupunktör)",4.9,123,,,"Sedan 1985. Naprapater och leg. sjukgymnast med fördjupad kompetens inom ortopedisk medicin och sportmedicin. Behandlar rygg, nacke, leder, idrottsskador med strukturerad bedömning och rehab.",false,Mån-fre 08:00-17:00,08:00-17:00,08:00-17:00,08:00-17:00,08:00-17:00,08:00-17:00,,,1985,,,,https://iscuppsala.se/|https://www.allabolag.se/foretag/idrottsskadecentrum-i-uppsala-handelsbolag/uppsala/h%C3%A4lsotj%C3%A4nster/4GD2YBDI63IHB,2026-08-14,High - website + bolagsregister (HB 969656-0953) + bokadirekt
jacob-moe-kiropraktor-uppsala,Jacob Moe Kiropraktor & Rehab,Moe Kiropraktor & Rehab AB,559153-0844,Ja,uppsala,Uppsala,Uppsala,,Vildrosgatan 9,753 24,"Vildrosgatan 9, 753 24 Uppsala",59.8595465,17.6609833,070-055 46 61,https://moekiropraktor.se/,https://ww1.clinicbuddy.com/onlinebooking/-186,clinicbuddy,kiropraktor|massage,false,true,true,false,idrottsskador|BikeOptimizer,1,Jacob Moe (legitimerad kiropraktor),0,0,,,"Legitimerad kiropraktor Jacob Moe med >15 års erfarenhet, specialisering idrottsskador (bakgrund professionell cyklist). Behandlar ryggskott, nackspärr, huvudvärk, axlar, höfter. Även massage och BikeOptimizer. Akuttider helger 1200 kr.",false,"Mån-fre 08:00-17:00, akuttider helger via telefon",08:00-17:00,08:00-17:00,08:00-17:00,08:00-17:00,08:00-17:00,,,,,,,https://moekiropraktor.se/,2026-08-14,High - official website + bolagsregister
joylife-uppsala,Joylife Uppsala,Joylife Healthcare AB,556803-9985,Ja,uppsala,Uppsala,Uppsala,Centrum,S:t Olofsgatan 11,753 21,"S:t Olofsgatan 11, 753 21 Uppsala",59.862981,17.6400854,070-6000 600,https://joylife.se/uppsala,https://joylife.se/boka,egen,naprapat|kiropraktor|massage,true,true,true,false,,3,"Michael Ulvmar (Leg. Naprapat); Emil Lindqvist (Leg. Fysioterapeut); Gunilla Olovsson (Leg Kiropraktor)",0,0,,,"Klinik med naprapater, kiropraktorer, fysioterapeuter och massage. Teamarbete, student- och pensionärsrabatt 20%. Centralt läge.",false,"Vardagar 07:00-19:00, helger enligt bokning",07:00-19:00,07:00-19:00,07:00-19:00,07:00-19:00,07:00-19:00,,,,,friskvårdsbidrag,,https://joylife.se/uppsala|https://joylife.se/naprapat-uppsala,2026-08-14,High - official website + bolagsregister (HQ Solna)
kiropraktorkliniken-uppsala,Kiropraktorkliniken,Kiropraktorkliniken Wickström AB,556869-3732,Ja,uppsala,Uppsala,Uppsala,Centrum,Nymansgatan 6A,753 23,"Nymansgatan 6A, 753 23 Uppsala",59.854871,17.6789112,0707-55 20 33,https://www.kiropraktorkliniken.com/,https://www.bokadirekt.se/places/kiropraktorkliniken-31178,bokadirekt,kiropraktor,false,true,false,false,laserbehandling,1,Marielle Wickström (leg. kiropraktor),4.8,940,,,"Legitimerad kiropraktor med lång erfarenhet. Behandlar ryggskott, nackspärr, huvudvärk, domningar. Naturlig och varsam metod.",false,"Mån 10-18, tis 09-17, tors 09-17, fre 09-16",10:00-18:00,09:00-17:00,,09:00-17:00,09:00-16:00,,,,,,,https://www.kiropraktorkliniken.com/|https://www.bokadirekt.se/places/kiropraktorkliniken-31178,2026-08-14,High - website + bokadirekt + bolagsregister
kiropraktorvard-uppsala,Kiropraktorvård Uppsala,Kiropraktor Daniel Ljung AB,559491-5398,Ja,uppsala,Uppsala,Uppsala,Svartbäcken,Sköldungagatan 57,753 35,"Sköldungagatan 57, 753 35 Uppsala",59.8724883,17.6237329,018-701 02 37,https://kiropraktorvard.se/kliniker/kiropraktor-uppsala/,https://www.bokadirekt.se/places/kiropraktorvard-uppsala-22952,bokadirekt,kiropraktor|massage,false,true,true,false,,3,"Daniel Ljung (Leg. Kiropraktor); Diego Cuevas Wiberg (Leg. Kiropraktor); Fredrik Svensson (Leg. Kiropraktor)",4.8,2357,,750,"Legitimerade kiropraktorer i Svartbäcken nära Fyrishov. Behandlar rygg, nacke, huvudvärk, nervsmärta m.m. med manuell behandling och massage.",false,"Mån 08-19, tis-tors 08-17:30, fre 08-16, sön 11-18",08:00-19:00,08:00-17:30,08:00-17:30,08:00-17:30,08:00-16:00,,11:00-18:00,,,,,https://kiropraktorvard.se/kliniker/kiropraktor-uppsala/|https://www.bokadirekt.se/places/kiropraktorvard-uppsala-22952,2026-08-14,High - website + bokadirekt + bolagsregister (lokalt bolag)
limbra-uppsala-bjorkgatan,Limbra Uppsala Björkgatan,Muskelcentrum Uppsala AB,556868-6801,Ja,uppsala,Uppsala,Uppsala,Fålhagen,Björkgatan 4,753 28,"Björkgatan 4, 753 28 Uppsala",59.8656809,17.6619593,010-768 10 30,https://limbra.se/kliniker/uppsala-bjorkgatan/,https://limbra.se/cb?klinik=2002,egen,naprapat|massage,true,false,true,false,idrottsskador|dry needling|stötvågsbehandling|rehabilitering|fysioterapi,5,"Erik Hedling Ohlsson (Leg. Naprapat); Josef Karlsson (Leg. Naprapat); Guy Robert French (Leg. Naprapat); Emma Kosterbärg (Leg. Naprapat); flera fler naprapater och fysioterapeuter",4.6,402,,,"Stor klinik med naprapatmottagning, gym och testlabb. Fokus på idrottsskador, dry needling, stötvåg och rehab. Tidigare Muskelcentrum Björkgatan.",false,"Mån-tors 07-19, fre till 16:40, lör-sön 08:40-14:20",07:20-19:00,07:20-18:00,07:20-19:00,07:00-19:00,07:00-16:40,08:40-14:20,08:40-14:20,,,kort|swish|friskvårdsbidrag,,https://limbra.se/kliniker/uppsala-bjorkgatan/|https://www.hitta.se/,2026-08-14,High - website + directory
limbra-uppsala-fyristorg,Limbra Uppsala Fyristorg,Muskelcentrum Uppsala AB,556868-6801,Ja,uppsala,Uppsala,Uppsala,Centrum,Fyristorg 6,753 10,"Fyristorg 6, 753 10 Uppsala",59.8585053,17.6357767,010-768 10 30,https://limbra.se/kliniker/uppsala-fyristorg/,https://limbra.se/cb?klinik=2001,egen,naprapat|massage,true,false,true,false,idrottsskador|stötvågsbehandling|dry needling|rehabilitering,8,"Anna Hansson (Leg. Naprapat); Jacob Branzell (Leg. Naprapat); Sofia Nygren (Leg. Naprapat); Nicklas Hellborg (Leg. Naprapat); Evelina Angrén (Leg. Naprapat); Karin Jansson (Leg. Naprapat); Luciano Bravo (Leg. Naprapat); flera fler",4.6,598,,,"Central naprapat- och fysioterapiklinik vid Fyristorg. Erbjuder manuell terapi, stötvågsbehandling, dry needling, diagnostiskt ultraljud och rehab för rygg, nacke, leder och idrottsskador. Tidigare Muskelcentrum.",false,"Mån-tors ca 07:20-19, fre till 16:40, lör-sön stängt",07:20-19:00,07:20-18:00,07:20-19:00,07:20-19:00,07:20-16:40,,,,,kort|swish|friskvårdsbidrag,,https://limbra.se/kliniker/uppsala-fyristorg/|https://www.hitta.se/verksamhet/muskelcentrum-naprapat-idrottsklinik-fyristorg-hjorrsxja|https://muskelcentrum.se/,2026-08-14,High - website + directory + consistent
mishas-massage,Mishas Massage,Mishas Massage,,,uppsala,Uppsala,Uppsala,Centrum,Centrala Uppsala,753 20,"Centrala Uppsala, 753 20 Uppsala",59.86,17.64,,https://www.bokadirekt.se/places/mishas-massage-48906,https://www.bokadirekt.se/places/mishas-massage-48906,bokadirekt,massage,false,false,true,false,klassisk massage|behandlande massage,0,,0,0,2,750,Certifierad massör som erbjuder klassisk massage i centrala Uppsala.,false,,,,,,,,,,,,,,2026-08-23,High
motoriken,Motoriken,Motoriken,556492-4081,Ja,uppsala,Uppsala,Uppsala,Centrum,Götgatan 1,753 15,"Götgatan 1, 753 15 Uppsala",59.8625,17.629,018-51 50 40,https://motoriken.se,,,fysioterapi,false,false,false,true,fysioterapi|idrottsmedicin,0,,0,0,2,750,Mottagning med fokus på fysioterapi och idrottsmedicin.,false,,,,,,,,,,,,,,2026-08-23,High
muskelvarkstan-uppsala,Muskelvärkstan,Muskelvärkstan,,,uppsala,Uppsala,Uppsala,Centrum,Kungsängsgatan 39,753 22,"Kungsängsgatan 39, 753 22 Uppsala",59.8576673,17.6405101,018-69 30 60,https://muskelvarkstan.com/,https://www.bokadirekt.se/places/muskelvarkstan-kungsangsgatan-39-7257,bokadirekt,massage,false,false,true,false,medicinsk massage|andningsterapi|Lotorpsmetoden,3,"Annelie Åhman (Certifierad Massör, Medicinsk Massageterapeut); Gunilla Johansson (Certifierad Massör); Simon Monserat (Idrottsmassör)",4.8,1459,,,"Massageklinik sedan 1999 (25+ år). Behandlande medicinsk och avslappnande massage, andningsterapi/Lotorpsmetoden, käkled. Certifierade via Branschrådet för Svensk Massage / Kroppsterapeuternas Yrkesförbund. Andra lokal: Axel Johanssons gata 6 (Kristallen).",false,"Varierar per lokal; se bokadirekt",09:00-17:00,08:00-16:00,10:00-18:00,09:00-17:00,09:00-15:00,,,1999,,,,https://muskelvarkstan.com/|https://www.bokadirekt.se/places/muskelvarkstan-kungsangsgatan-39-7257|https://www.bokadirekt.se/places/muskelvarkstan-kristallen-10916,2026-08-14,"Medium - website + bokadirekt (org.nr kopplat till annat bolag, fokus på klinikdata)"
naprapatklinik-018,Naprapatklinik 018,Naprapatklinik 018,,,uppsala,Uppsala,Uppsala,Centrum,Sleven Säfwenbergs väg 4B,753 09,"Sleven Säfwenbergs väg 4B, 753 09 Uppsala",59.86,17.64,018-474 32 30,https://naprapatklinik018.se,https://naprapatklinik018.se,egen,naprapat,true,false,false,false,naprapati|rehabilitering|idrottsskador,0,,0,0,2,750,"Legitimerade naprapater med fokus på diagnostik, behandling och rehabilitering.",false,,,,,,,,,,,,,,2026-08-23,High
nova-naprapati,Nova Naprapati,Nova Naprapati,559385-6182,Ja,uppsala,Uppsala,Uppsala,Centrum,Bangårdsgatan 13,753 20,"Bangårdsgatan 13, 753 20 Uppsala",59.858,17.645,,https://novanaprapati.se,https://www.bokadirekt.se/places/nova-naprapati-50989,bokadirekt,naprapat,true,false,false,false,naprapati|diagnostiskt ultraljud,0,,0,0,2,750,Leg. naprapat med specialistkompetens inom diagnostiskt ultraljud för axel- och knäskador.,false,,,,,,,,,,,,,,2026-08-23,High
prime-naprapati-uppsala,Prime Naprapati,Naprapat Nicklas Lagerbjelke AB,559536-7813,Ja,uppsala,Uppsala,Uppsala,Centrum,Kungsängsgatan 17,753 22,"Kungsängsgatan 17, 753 22 Uppsala",59.8576673,17.6405101,076-765 78 09,https://www.primenaprapati.se,https://www.bokadirekt.se/places/prime-naprapati-132272,bokadirekt,naprapat|massage,true,false,true,false,,1,Nicklas Lagerbjelke (Legitimerad Naprapat),4.9,68,,,"Prime Naprapati (Naprapat Nicklas Lagerbjelke AB) erbjuder hållbar lösning på smärtproblematik: rygg, nerv, idrottsskador. Legitimerad naprapat Nicklas.",false,"Mån/ons 07-18, tis/tors 09-16:30, fre 07-15:30, lör 10-13",07:00-18:00,09:00-16:30,07:00-18:00,09:00-16:30,07:00-15:30,10:00-13:00,,,,,,https://www.bokadirekt.se/places/prime-naprapati-132272|https://www.hitta.se/f%C3%B6retagsinformation/naprapat+nicklas+lagerbjelke+ab/5595367813|https://www.primenaprapati.se,2026-08-14,High - bokadirekt + bolagsregister (nytt bolag 2025)
robins-massage,Robins Massage,Robins Massage,,,uppsala,Uppsala,Uppsala,Centrum,Sparrisgatan 3B,754 46,"Sparrisgatan 3B, 754 46 Uppsala",59.882,17.653,,https://www.bokadirekt.se/places/robins-massage-50796,https://www.bokadirekt.se/places/robins-massage-50796,bokadirekt,massage,false,false,true,false,klassisk massage|djupgående massage,0,,0,0,2,750,Certifierad massör med inriktning på djupgående och avslappnande klassisk massage.,false,,,,,,,,,,,,,,2026-08-23,High
rosendal-kiropraktorklinik-uppsala,Rosendal Kiropraktorklinik,Kordecki Kiropraktik AB,559441-6199,Ja,uppsala,Uppsala,Uppsala,Rosendal,Torgny Segerstedts Allé 21,756 44,"Torgny Segerstedts Allé 21, 756 44 Uppsala",59.8318611,17.6344435,018-13 33 24,https://rosendalkiropraktorklinik.se/,https://www.bokadirekt.se/places/rosendal-kiropraktorklinik-24168,bokadirekt,kiropraktor,false,true,false,false,,1,Christian Kordecki (Leg. kiropraktor),4.8,311,,,"Legitimerad kiropraktor Christian Kordecki. Behandlar ryggont, nackbesvär, huvudvärk, ischias m.m. Naturlig manuell terapi.",false,"Mån-fre ca 07:30-18, lör 10-14",07:30-18:00,07:00-18:00,08:00-18:00,07:30-18:00,08:00-18:00,10:00-14:00,,,,,,https://rosendalkiropraktorklinik.se/|https://www.bokadirekt.se/places/rosendal-kiropraktorklinik-24168|https://www.bolagsfakta.se/5594416199-Kordecki_Kiropraktik_AB,2026-08-14,High - bokadirekt + bolagsregister (Kordecki Kiropraktik AB 559441-6199)
trulssons-kiropraktik-uppsala,Trulssons Kiropraktik,Trulssons Kiropraktik AB,556843-3121,Ja,uppsala,Uppsala,Uppsala,Boländerna,Kungsängsvägen 19A,753 23,"Kungsängsvägen 19A, 753 23 Uppsala",59.8463892,17.6756139,070-744 02 59,https://www.trulssonskiropraktik.se/,http://ww1.clinicbuddy.com/onlinebooking/-217,clinicbuddy,kiropraktor,false,true,false,false,näringsanalys|ergonomi,1,"Eva-Lena Lindblom (leg. kiropraktor, diplomerad mineral- och hormonterapeut)",4.8,275,,750,"Leg. kiropraktor Eva-Lena Lindblom (tidigare Trulsson). Startade 1989, sedan 1995 i Boländerna nära Kraftkällan. Nybesök 45 min 750 kr, återbesök 30 min 650 kr. Även frekvens-/näringsanalyser, ergonomi.",false,,,,,,,,,1989,,,,https://www.trulssonskiropraktik.se/|https://www.hitta.se/verksamhet/trulssons-kiropraktik-ab-acrzempb|https://www.reco.se/trulssons-kiropraktik-ab,2026-08-14,High - website + bolagsregister + reco
uppsala-aktiv-rehab,Uppsala Aktiv Rehab,Uppsala Aktiv Rehab,556793-8112,Ja,uppsala,Uppsala,Uppsala,Centrum,Sjukhusvägen 2,753 09,"Sjukhusvägen 2, 753 09 Uppsala",59.855,17.638,070-383 29 94,http://uppsalaaktivrehab.se/,,,fysioterapi,false,false,false,true,fysioterapi|rehabilitering,0,,0,0,1,200,Legitimerad fysioterapi för rörelse- och stödjeorganen. Regionsavtal c/o Actic Svandammen.,false,,,,,,,,,,,,,,2026-08-23,High
uppsala-kiropraktorklinik,Uppsala Kiropraktorklinik,Uppsala Kiropraktorklinik,,,uppsala,Uppsala,Uppsala,Centrum,Kungsängsgatan 29,753 22,"Kungsängsgatan 29, 753 22 Uppsala",59.8576,17.6405,018-13 17 20,https://uppsalakiropraktorklinik.se,,,kiropraktor,false,true,false,false,kiropraktik,0,,0,0,2,750,"Legitimerade kiropraktorer med specialistvård för ryggskott, nackspärr och huvudvärk.",false,,,,,,,,,,,,,,2026-08-23,High
uppsala-naprapati-rehab,Uppsala Naprapati & Rehab,Uppsala Naprapati & Rehab AB,559024-6152,Ja,uppsala,Uppsala,Uppsala,Centrum,Fyrisvallsgatan 23,752 28,"Fyrisvallsgatan 23, 752 28 Uppsala",59.8686292,17.6044779,018-10 22 70,https://www.uppsalanaprapat.com/,https://www.bokadirekt.se/places/uppsala-naprapati-rehab-50389,bokadirekt,naprapat|massage,true,false,true,false,stötvågsbehandling|manipulation,2,"Wiwie Dunhall (Leg. Naprapat); Jessica Dunhall",4.9,1127,,,"Naprapatklinik driven av Jessica och Wiwie Dunhall. Behandlar nacke, rygg, muskler och leder med manipulation, mobilisering, massage, stretch, triggerpunkter och stötvåg. Över 35 års erfarenhet.",false,"Mån 10-18, tis 08-17, ons 10-18, tors-fre 08-17",10:00-18:00,08:00-17:00,10:00-18:00,08:00-17:00,08:00-17:00,,,,,friskvårdsbidrag,,https://www.uppsalanaprapat.com/|https://www.bokadirekt.se/places/uppsala-naprapati-rehab-50389|https://www.allabolag.se/foretag/uppsala-naprapati-rehab-ab/uppsala/h%C3%A4lsotj%C3%A4nster/2KGADJCI63IHB,2026-08-14,High - website + bokadirekt + bolagsregister
uppsala-naprapatklinik,Uppsala Naprapatklinik AB,Uppsala Naprapatklinik Aktiebolag,556505-1140,Ja,uppsala,Uppsala,Uppsala,Centrum,Kungsängsgatan 39,753 22,"Kungsängsgatan 39, 753 22 Uppsala",59.8576673,17.6405101,018-69 39 60,https://www.uppsalanaprapatklinik.se/,https://www.bokadirekt.se/places/uppsala-naprapatklinik-ab-22248,bokadirekt,naprapat,true,false,false,false,,2,"Hans Hilborn (Leg Naprapat); Verner Jonsson (Leg Naprapat)",4.7,1199,,,"Privatmottagning för behandling och rehabilitering av rygg-, led- och muskelbesvär. Legitimerade naprapater, helhetssyn, undersökning och anpassad behandling.",false,"Mån 09-17:30, tis 09-15, ons 08:30-17, tors 08-15",09:00-17:30,09:00-15:00,08:30-17:00,08:00-15:00,,,,,,,,https://www.uppsalanaprapatklinik.se/|https://www.bokadirekt.se/places/uppsala-naprapatklinik-ab-22248,2026-08-14,High - website + bokadirekt + bolagsregister
uppsala-rehab-and-fysioterapi,Uppsala Rehab & Fysioterapi,Uppsala Rehab & Fysioterapi,,,uppsala,Uppsala,Uppsala,Centrum,Norrtäljegatan 6A,753 27,"Norrtäljegatan 6A, 753 27 Uppsala",59.863,17.648,072-278 28 49,https://uppsalarehabfysioterapi.se,,,fysioterapi,false,false,false,true,fysioterapi|ortopedisk medicin|rehabilitering,0,,0,0,1,200,"Legitimerade fysioterapeuter med regionsavtal (200 kr patientavgift, frikort gäller).",false,,,,,,,,,,,,,,2026-08-23,High
apalby-friskcenter-sjukgymnastik,Apalby Friskcenter Sjukgymnastik,Apalby Friskcenter Sjukgymnastik,,,vasteras,Västerås,Västerås,Centrala Västerås,Apalbyvägen,724 81,"Apalbyvägen, 724 81 Västerås",59.63,16.57,021-13 77 99,https://apalby.se/sjukgymnastik/,,,fysioterapi,false,false,false,true,fysioterapi|omt|mckenzie|idrottsmedicin,0,,0,0,1,200,Iwona Perzyna & Zubaida Begum. Regionsavtal.,false,,,,,,,,,,,,,,2026-08-23,High
aros-hlsoteam,Aros Hälsoteam,Aros Hälsoteam,,,vasteras,Västerås,Västerås,Centrala Västerås,Farledsgatan 5,722 10,"Farledsgatan 5, 722 10 Västerås",59.615,16.56,021-448 48 48,https://aroshalsoteam.se/,,,naprapat,true,false,false,false,naprapati|ryggbesvär|idrottsskador,0,,0,0,2,750,Leg. naprapat Eddie Lanza (20+ års erfarenhet).,false,,,,,,,,,,,,,,2026-08-23,High
change-by-choice-sandra-olsson,Change by Choice (Sandra Olsson),Change by Choice (Sandra Olsson),,,vasteras,Västerås,Västerås,Centrala Västerås,Vintervägen 19,722 31,"Vintervägen 19, 722 31 Västerås",59.62,16.55,,,https://www.bokadirekt.se/places/change-by-choice-132361,bokadirekt,massage,false,false,true,false,friskvårdsmassage|djupgående massage,1,Sandra Olsson (Leg. Naprapat),0,0,2,750,Diplomerad friskvårdsmassör. Rating 5.0.,false,,,,,,,,,,,,,,2026-08-23,High
christer-jakobsson-naprapat,Christer Jakobsson - Naprapat,Christer Jakobsson - Naprapat,,,vasteras,Västerås,Västerås,Centrala Västerås,Stålverksgatan 12,721 36,"Stålverksgatan 12, 721 36 Västerås",59.6,16.56,021-12 24 01,,,,naprapat,true,false,false,false,naprapati,0,,0,0,2,750,Enskild firma.,false,,,,,,,,,,,,,,2026-08-23,High
christer-sahlberg-chiropraktik-ab,Christer Sahlberg Chiropraktik AB,Christer Sahlberg Chiropraktik AB,556566-9511,Ja,vasteras,Västerås,Västerås,Centrala Västerås,Kopparbergsvägen 19,722 13,"Kopparbergsvägen 19, 722 13 Västerås",59.61,16.54,,,,,kiropraktor,false,true,false,false,kiropraktik,0,,0,0,2,750,F-skatt: Ja.,false,,,,,,,,,,,,,,2026-08-23,High
city-kiropraktik-carl-uddn,City Kiropraktik Carl Uddén,City Kiropraktik Carl Uddén,969746-2407,Ja,vasteras,Västerås,Västerås,Centrala Västerås,Kopparbergsvägen 19,722 13,"Kopparbergsvägen 19, 722 13 Västerås",59.61,16.54,021-80 18 18,https://www.citykiropraktik.se/,,,kiropraktor,false,true,false,false,kiropraktik,0,,0,0,2,750,Leg. kiropraktor Carl Uddén (examen 1996).,false,,,,,,,,,,,,,,2026-08-23,High
claes-ellefors-ce-alternativ-rehabilitering,Claes Ellefors CE Alternativ Rehabilitering,Claes Ellefors CE Alternativ Rehabilitering,,,vasteras,Västerås,Västerås,Centrala Västerås,Södra Billstagatan 26,722 40,"Södra Billstagatan 26, 722 40 Västerås",59.6,16.55,021-33 00 00,,,,naprapat,true,false,false,false,naprapati,0,,4.5,0,2,750,Privat naprapat. Status: Aktiv.,false,,,,,,,,,,,,,,2026-08-23,High - verifierad
claes-ellefors-ce-alternativ-rehabilitering-ab,Claes Ellefors CE Alternativ Rehabilitering AB,Claes Ellefors CE Alternativ Rehabilitering AB,556456-7732,Ja,vasteras,Västerås,Västerås,Centrala Västerås,Södra Billstagatan 26,722 40,"Södra Billstagatan 26, 722 40 Västerås",59.6,16.55,021-33 00 30,http://www.ellefors.com,,,naprapat,true,false,false,false,naprapati,0,,0,0,1,200,Claes & Helen Ellefors. Regionsavtal. F-skatt: Ja.,false,,,,,,,,,,,,,,2026-08-23,High
clavells-kiropraktor-klinik-ab,Clavells Kiropraktor Klinik AB,Clavells Kiropraktor Klinik AB,556877-2486,Ja,vasteras,Västerås,Västerås,Centrala Västerås,Vargbogatan 4,723 34,"Vargbogatan 4, 723 34 Västerås",59.6158,16.5775,021-18 66 88,https://www.kiropraktorclavell.se,,,kiropraktor,false,true,false,false,kiropraktik,0,,0,0,2,750,Mats Clavell. F-skatt: Ja.,false,,,,,,,,,,,,,,2026-08-23,High
djkne-massage-o-spa,Djäkne Massage o SPA,Djäkne Massage o SPA,,,vasteras,Västerås,Västerås,Centrala Västerås,Kristinagatan 19,724 61,"Kristinagatan 19, 724 61 Västerås",59.61,16.53,076-517 57 55,https://djaknemassage.se/,https://www.bokadirekt.se/places/djakne-massage-o-spa-27579,bokadirekt,massage,false,false,true,false,thaimassage|oljemassage|duo-massage|spa,0,,0,0,2,750,Nuad Thai Nordic-certifierad. Rating 4.6.,false,,,,,,,,,,,,,,2026-08-23,High
free2be-naprapati-and-vlmende,Free2be Naprapati & Välmående,Free2be Naprapati & Välmående,710608-XXXX,Ja,vasteras,Västerås,Västerås,Centrala Västerås,Bogvägen 1,723 48,"Bogvägen 1, 723 48 Västerås",59.62,16.57,076-941 20 20,https://free2be.se,,,naprapat,true,false,false,false,naprapati|friskvård,0,,0,0,2,750,Åsa Priedite (16+ års erfarenhet). F-skatt: Ja.,false,,,,,,,,,,,,,,2026-08-23,High
fysiomedics-lkargruppen-fysioterapi,Fysiomedics / Läkargruppen Fysioterapi,Fysiomedics / Läkargruppen Fysioterapi,,,vasteras,Västerås,Västerås,Centrala Västerås,Norra Källgatan 18,722 15,"Norra Källgatan 18, 722 15 Västerås",59.61,16.55,021-50 50 00,,,,fysioterapi,false,false,false,true,fysioterapi,0,,0,0,1,200,Samarbete med Läkargruppen.,false,,,,,,,,,,,,,,2026-08-23,High
hlsorehab-fredrik-widn,Hälsorehab (Fredrik Widén),Hälsorehab (Fredrik Widén),,,vasteras,Västerås,Västerås,Centrala Västerås,Farledsgatan 5,722 10,"Farledsgatan 5, 722 10 Västerås",59.615,16.56,021-475 28 00,https://halsorehab.se/,,,fysioterapi,false,false,false,true,fysioterapi|rygg|nacke|idrottsskador,0,,0,0,1,200,Leg. fysioterapeut Fredrik Widén. Regionsavtal.,false,,,,,,,,,,,,,,2026-08-23,High
idrottskliniken-vsters,Idrottskliniken Västerås,Idrottskliniken Västerås,,,vasteras,Västerås,Västerås,Centrala Västerås,Friledningsgatan 3B,721 37,"Friledningsgatan 3B, 721 37 Västerås",59.63,16.56,,https://www.idrottsklinikenvasteras.se/,,,fysioterapi,false,false,false,true,idrottsmedicin|fysioterapi,0,,0,0,1,200,Specialist i idrottsmedicin. Regionsavtal.,false,,,,,,,,,,,,,,2026-08-23,High
joylife-vsters,Joylife Västerås,Joylife Västerås,,,vasteras,Västerås,Västerås,Centrala Västerås,Kaserngatan 30C,722 12,"Kaserngatan 30C, 722 12 Västerås",59.61,16.545,070-600 06 00,https://joylife.se/vasteras,,,naprapat|kiropraktor|fysioterapi,true,true,false,true,naprapati|kiropraktik|fysioterapi|idrottsskador,0,,0,0,2,750,"Regionsavtal. Naprapater, kiropraktorer och fysioterapeut under samma tak.",false,,,,,,,,,,,,,,2026-08-23,High
kiropraktor-and-sjukgymnast-gunnar-renbro-ab,Kiropraktor & Sjukgymnast Gunnar Renbro AB,Kiropraktor & Sjukgymnast Gunnar Renbro AB,559328-9837,Ja,vasteras,Västerås,Västerås,Centrala Västerås,Legeringsgatan 2 B,721 30,"Legeringsgatan 2 B, 721 30 Västerås",59.61,16.55,021-12 80 81,,,,kiropraktor|fysioterapi,false,true,false,true,kiropraktik|fysioterapi,0,,0,0,2,750,F-skatt: Ja.,false,,,,,,,,,,,,,,2026-08-23,High
kiropraktorkompaniet-crn-ab,KiropraktorKompaniet CRN AB,KiropraktorKompaniet CRN AB,556998-9204,Ja,vasteras,Västerås,Västerås,Centrala Västerås,Stenbygatan 3 D,722 36,"Stenbygatan 3 D, 722 36 Västerås",59.62,16.55,018-10 00 10,https://kiropraktorkompaniet.se/,,,kiropraktor,false,true,false,false,kiropraktik,0,,0,0,1,200,Regionsavtal Region Västmanland. F-skatt: Ja.,false,,,,,,,,,,,,,,2026-08-23,High
leg-naprapat-jeanette-bogthy,Leg. Naprapat Jeanette Bogáthy,Leg. Naprapat Jeanette Bogáthy,,,vasteras,Västerås,Västerås,Centrala Västerås,Skultunavägen 1,724 60,"Skultunavägen 1, 724 60 Västerås",59.63,16.58,021-13 66 00,,,,naprapat,true,false,false,false,naprapati,0,,0,0,2,750,Rating 5.0.,false,,,,,,,,,,,,,,2026-08-23,High
limbra-vsters-tidigare-muskelcentrum,Limbra Västerås (tidigare Muskelcentrum),Limbra Västerås (tidigare Muskelcentrum),,,vasteras,Västerås,Västerås,Centrala Västerås,Vasagatan 34,722 15,"Vasagatan 34, 722 15 Västerås",59.6105,16.5455,,https://limbra.se/kliniker/vasteras/,,,naprapat|fysioterapi,true,false,false,true,naprapati|fysioterapi|idrottsmedicin,0,,0,0,2,750,"Daisy Alarcon, Johanna Odenring, Linda Lövberg, Peter Holst m.fl.",false,,,,,,,,,,,,,,2026-08-23,High
massage-i-vsters-city,Massage i Västerås City,Massage i Västerås City,,,vasteras,Västerås,Västerås,Centrala Västerås,Kopparbergsvägen 19,722 13,"Kopparbergsvägen 19, 722 13 Västerås",59.61,16.54,073-985 73 00,,https://www.bokadirekt.se/places/massage-i-vasteras-city-136322,bokadirekt,massage,false,false,true,false,klassisk massage|koppning|lymfmassage,0,,0,0,2,750,Sabina. Rating 4.9.,false,,,,,,,,,,,,,,2026-08-23,High
meliva-rehab-vsters,Meliva Rehab Västerås,Meliva Rehab Västerås,,,vasteras,Västerås,Västerås,Centrala Västerås,Köpmangatan 12,722 15,"Köpmangatan 12, 722 15 Västerås",59.61,16.545,010-330 20 06,https://meliva.se/mottagningar/meliva-rehab-vasteras/,,,fysioterapi|naprapat,true,false,false,true,fysioterapi|naprapati|idrottsmedicin|postoperativ rehab,0,,0,0,2,750,Ingen landstingsavtal.,false,,,,,,,,,,,,,,2026-08-23,High
naprapat-schaulin-ab,Naprapat Schaulin AB,Naprapat Schaulin AB,559018-5244,Ja,vasteras,Västerås,Västerås,Centrala Västerås,Hållgatan 4,724 61,"Hållgatan 4, 724 61 Västerås",59.61,16.53,073-557 39 00,https://naprapaten.se/,https://www.bokadirekt.se/places/naprapat-schaulin-25156,bokadirekt,naprapat,true,false,false,false,naprapati|dry needling|art|stötvåg,0,,0,0,2,750,Martin Schaulin. F-skatt: Ja.,false,,,,,,,,,,,,,,2026-08-23,High
ramstrms-massageterapi-and-rehab,Ramströms Massageterapi & Rehab,Ramströms Massageterapi & Rehab,,,vasteras,Västerås,Västerås,Centrala Västerås,Klockartorpsgatan 25,723 44,"Klockartorpsgatan 25, 723 44 Västerås",59.62,16.55,076-039 59 00,,https://www.bokadirekt.se/places/ramstroms-massageterapi-rehab-133920,bokadirekt,massage,false,false,true,false,medicinsk massage|rehab,0,,0,0,2,750,Cert. medicinsk massageterapeut. Rating 4.8.,false,,,,,,,,,,,,,,2026-08-23,High
rygg-and-idrottsskademottagningen-i-vsters-ab,Rygg- & Idrottsskademottagningen i Västerås AB,Rygg- & Idrottsskademottagningen i Västerås AB,556875-1407,Ja,vasteras,Västerås,Västerås,Centrala Västerås,Legeringsgatan 2 B,721 30,"Legeringsgatan 2 B, 721 30 Västerås",59.6112,16.5492,076-214 59 82,http://www.dinrygg.se/,,,naprapat,true,false,false,false,naprapati|idrottsskador,0,,0,0,1,200,Erik Olsson m.fl. Regionsavtal. F-skatt: Ja. Rating 4.9.,false,,,,,,,,,,,,,,2026-08-23,High
ryggakuten-sverige-ab,Ryggakuten Sverige AB,Ryggakuten Sverige AB,559445-4547,Ja,vasteras,Västerås,Västerås,Centrala Västerås,Skogsvägen 17,722 17,"Skogsvägen 17, 722 17 Västerås",59.615,16.54,021-450 52 20,,https://www.bokadirekt.se/places/ryggakuten-sverige-ab-55897,bokadirekt,kiropraktor|massage,false,true,true,false,kiropraktik|massage|akut rygg,0,,0,0,2,750,Robert Westberg. F-skatt: Ja. Rating 4.9.,false,,,,,,,,,,,,,,2026-08-23,High
stjrnkliniken-vsters,Stjärnkliniken Västerås,Stjärnkliniken Västerås,,,vasteras,Västerås,Västerås,Centrala Västerås,Köpingsvägen 40,722 13,"Köpingsvägen 40, 722 13 Västerås",59.605,16.54,,https://www.stjarnkliniken.com/vasteras/,,,naprapat|kiropraktor|massage,true,true,true,false,naprapati|kiropraktik|massage,0,,0,0,2,750,Leg. kiropraktor Mats Stjernholm med regionsavtal.,false,,,,,,,,,,,,,,2026-08-23,High
tips-massage,Tips Massage,Tips Massage,,,vasteras,Västerås,Västerås,Centrala Västerås,Haga parkgata 19,723 36,"Haga parkgata 19, 723 36 Västerås",59.62,16.54,070-787 38 00,,https://www.bokadirekt.se/places/tips-massage-20848,bokadirekt,massage,false,false,true,false,thaimassage|oljemassage|aromamassage,0,,0,0,2,750,Rating 4.7.,false,,,,,,,,,,,,,,2026-08-23,High
topphlsan-kiropraktik-vsters,ToppHälsan Kiropraktik Västerås,ToppHälsan Kiropraktik Västerås,,,vasteras,Västerås,Västerås,Centrala Västerås,Stora gatan 20,722 12,"Stora gatan 20, 722 12 Västerås",59.61,16.545,070-533 80 72,,,,kiropraktor,false,true,false,false,kiropraktik,0,,0,0,2,750,Hans Mokvist.,false,,,,,,,,,,,,,,2026-08-23,High
tp-thaimassage-vsters,TP Thaimassage Västerås,TP Thaimassage Västerås,,,vasteras,Västerås,Västerås,Centrala Västerås,Narvavägen 23,724 68,"Narvavägen 23, 724 68 Västerås",59.62,16.56,070-021 33 73,,https://www.bokadirekt.se/places/tp-thaimassage-vasteras-16071,bokadirekt,massage,false,false,true,false,thaimassage,0,,0,0,2,750,Nuad Thai Nordic-certifierad. Rating 4.9.,false,,,,,,,,,,,,,,2026-08-23,High
vsters-naprapatiska-klinik-ab,Västerås Naprapatiska Klinik AB,Västerås Naprapatiska Klinik AB,559173-4883,Ja,vasteras,Västerås,Västerås,Centrala Västerås,Källgatan 14,722 15,"Källgatan 14, 722 15 Västerås",59.61,16.55,021-41 61 80,,,,naprapat,true,false,false,false,naprapati,0,,0,0,2,750,Jeanet Olivestrand. F-skatt: Ja.,false,,,,,,,,,,,,,,2026-08-23,High