utovare_namn,titel_legitimation,yrkeskategori,fullstandig_beteckning,klinik_namn,klinik_slug,organisationsnummer,region,stad,kommun,adress,telefon,webbplats,bokningsurl,bokningsplattform,klinik_betyg,klinik_antal_recensioner,klinik_tjanster,klinik_specialiteter
Andreas Berglund,Leg. Naprapat,Naprapat,Andreas Berglund (Leg. Naprapat),aktivERA naprapati (Andreas Berglund),aktivera-naprapati-andreas-berglund,,boras,Borås,Borås,"Elinsdalsgatan 12, 504 33 Borås",,https://www.aktivera-naprapati.se/,,,0,0,naprapat,naprapati|massage
Anna Redin,Dipl. Friskvårdsmassör & Yogalärare,Massage / Massör,Anna Redin (Dipl. Friskvårdsmassör & Yogalärare),Anna Redin Yoga & Massage,anna-redin-yoga-and-massage,,boras,Borås,Borås,"Alingsåsvägen 97, 504 67 Borås",,,https://www.bokadirekt.se/places/anna-redin-yoga-massage-132208,bokadirekt,0,0,massage,klassisk massage|yoga
Regina Strid,Medicinsk Massageterapeut & PT,Massage / Massör,Regina Strid (Medicinsk Massageterapeut & PT),Bodylife,bodylife,,boras,Borås,Borås,"Albanoliden 1, 506 30 Borås",070-365 97 XX,https://bodylife.se,https://www.bokadirekt.se/places/bodylife-27270,bokadirekt,0,0,massage,medicinsk massage|djupgående massage
Ita Skoog Hansen,Massageterapeut,Massage / Massör,Ita Skoog Hansen (Massageterapeut),Elisabeth Care,elisabeth-care,,boras,Borås,Borås,"Källbäcksrydsgatan 9, 507 42 Borås",073-723 13 XX,,https://www.bokadirekt.se/places/elisabeth-care-59442,bokadirekt,0,0,massage,massage|hudvård
Jonatan Elmfors,Naprapat,Naprapat,Jonatan Elmfors (Naprapat),Aktiv Hälsa,aktiv-halsa,,goteborg,Göteborg,Göteborg,"Otterhällegatan 2, 411 18 Inom Vallgraven",+46 72 220 90 98,https://aktivhalsagbg.com/,https://aktivhalsagbg.com/,,5,25,naprapat,
Nikola Ivanovic,Leg. naprapat,Naprapat,Nikola Ivanovic (Leg. naprapat),Aktiv Hälsa,aktiv-halsa,,goteborg,Göteborg,Göteborg,"Otterhällegatan 2, 411 18 Inom Vallgraven",+46 72 220 90 98,https://aktivhalsagbg.com/,https://aktivhalsagbg.com/,,5,25,naprapat,
Anders Gullberg,Leg. naprapat,Naprapat,Anders Gullberg (Leg. naprapat),Arena MED - Naprapat Göteborg,arena-med-naprapat-goteborg,559396-6848,goteborg,Göteborg,Göteborg,"Kungsportsavenyen 3, 411 36 Lorensberg",+46 31 18 80 11,https://www.arenamed.se,https://www.bokadirekt.se/places/arena-med-50462,,5,190,naprapat,
Thomas Gjörling,Leg. naprapat,Naprapat,Thomas Gjörling (Leg. naprapat),City-Kliniken - Naprapat Göteborg,city-kliniken-naprapat-goteborg,559208-4957,goteborg,Göteborg,Göteborg,"Östra Hamngatan 52, 411 09 Inom Vallgraven",031-13 00 59,https://city-kliniken.com,https://napcitygoteborg.bestille.no/OnCust2/,,5,135,naprapat|massage,
Micael Johansson,Leg. naprapat,Naprapat,Micael Johansson (Leg. naprapat),City-Kliniken - Naprapat Göteborg,city-kliniken-naprapat-goteborg,559208-4957,goteborg,Göteborg,Göteborg,"Östra Hamngatan 52, 411 09 Inom Vallgraven",031-13 00 59,https://city-kliniken.com,https://napcitygoteborg.bestille.no/OnCust2/,,5,135,naprapat|massage,
Christian Strömberg,Leg. naprapat,Naprapat,Christian Strömberg (Leg. naprapat),City-Kliniken - Naprapat Göteborg,city-kliniken-naprapat-goteborg,559208-4957,goteborg,Göteborg,Göteborg,"Östra Hamngatan 52, 411 09 Inom Vallgraven",031-13 00 59,https://city-kliniken.com,https://napcitygoteborg.bestille.no/OnCust2/,,5,135,naprapat|massage,
Jonatan Karlsson,Leg. naprapat,Naprapat,Jonatan Karlsson (Leg. naprapat),City-Kliniken - Naprapat Göteborg,city-kliniken-naprapat-goteborg,559208-4957,goteborg,Göteborg,Göteborg,"Östra Hamngatan 52, 411 09 Inom Vallgraven",031-13 00 59,https://city-kliniken.com,https://napcitygoteborg.bestille.no/OnCust2/,,5,135,naprapat|massage,
Magnus Axelsson,Leg. naprapat,Naprapat,Magnus Axelsson (Leg. naprapat),Eriksbergs Hälsoklinik,eriksbergs-halsoklinik,,goteborg,Göteborg,Göteborg,"Sjöporten 4, 417 64 Eriksberg",+46 73 528 61 08,https://e-kliniken.se/pages/naprapatbehandlingar,https://www.bokadirekt.se/places/eriksbergs-halsoklinik-12294,,4.7,107,naprapat,
Leif Karlsson,Dipl. medicinsk massageterapeut,Massage / Massör,Leif Karlsson (Dipl. medicinsk massageterapeut),Eriksbergs Hälsoklinik,eriksbergs-halsoklinik,,goteborg,Göteborg,Göteborg,"Sjöporten 4, 417 64 Eriksberg",+46 73 528 61 08,https://e-kliniken.se/pages/naprapatbehandlingar,https://www.bokadirekt.se/places/eriksbergs-halsoklinik-12294,,4.7,107,naprapat,
Alise Nejman,Dipl. massageterapeut,Massage / Massör,Alise Nejman (Dipl. massageterapeut),Eriksbergs Hälsoklinik,eriksbergs-halsoklinik,,goteborg,Göteborg,Göteborg,"Sjöporten 4, 417 64 Eriksberg",+46 73 528 61 08,https://e-kliniken.se/pages/naprapatbehandlingar,https://www.bokadirekt.se/places/eriksbergs-halsoklinik-12294,,4.7,107,naprapat,
Carina Strand,Osteopat,Behandlare / Övrig,Carina Strand (Osteopat),Eriksbergs Hälsoklinik,eriksbergs-halsoklinik,,goteborg,Göteborg,Göteborg,"Sjöporten 4, 417 64 Eriksberg",+46 73 528 61 08,https://e-kliniken.se/pages/naprapatbehandlingar,https://www.bokadirekt.se/places/eriksbergs-halsoklinik-12294,,4.7,107,naprapat,
Eva Rytterlund,Leg. Naprapat,Naprapat,Eva Rytterlund (Leg. Naprapat),Eva Rytterlund Leg. Naprapat,eva-rytterlund-leg-naprapat,,goteborg,Göteborg,Göteborg,"Wadmansgatan 9, 412 53 Lorensberg",+46 706 26 91 35,https://evarytterlund.se/,https://ww1.clinicbuddy.com/onlinebooking/EvaRytterlund-2666,,5,18,naprapat,
Jonathan Koljef,Leg. kiropraktor,Kiropraktor,Jonathan Koljef (Leg. kiropraktor),Göteborgs Kiropraktorklinik,goteborgs-kiropraktorklinik,559521-1318,goteborg,Göteborg,Göteborg,"Åvägen 17C, 412 51 Göteborg",070-763 09 00,https://www.bokadirekt.se/places/goteborgs-kiropraktorklinik-129034,,,4.6,262,"kiropraktik,rehab",
Alejandro Ortega,,Behandlare / Övrig,Alejandro Ortega,Göteborgs Massage & Rehab – Almedal,goteborgs-massage-rehab-almedal,559031-7128,goteborg,Göteborg,Göteborg,"Mölndalsvägen 23, 412 63 Göteborg",031-20 12 76,https://goteborgsmassage.se,https://www.bokadirekt.se/places/goteborgs-massage-rehab-almedal-61504,,4.9,253,"massage,idrottsmassage,osteopati",
Daiga Steinfelde,,Behandlare / Övrig,Daiga Steinfelde,Göteborgs Massage & Rehab – Almedal,goteborgs-massage-rehab-almedal,559031-7128,goteborg,Göteborg,Göteborg,"Mölndalsvägen 23, 412 63 Göteborg",031-20 12 76,https://goteborgsmassage.se,https://www.bokadirekt.se/places/goteborgs-massage-rehab-almedal-61504,,4.9,253,"massage,idrottsmassage,osteopati",
Anette Rundh,Medicinsk massage,Massage / Massör,Anette Rundh (Medicinsk massage),Göteborgs Massage & Rehab – Almedal,goteborgs-massage-rehab-almedal,559031-7128,goteborg,Göteborg,Göteborg,"Mölndalsvägen 23, 412 63 Göteborg",031-20 12 76,https://goteborgsmassage.se,https://www.bokadirekt.se/places/goteborgs-massage-rehab-almedal-61504,,4.9,253,"massage,idrottsmassage,osteopati",
Alejandro Ortega,Massage- och idrottsterapeut,Massage / Massör,Alejandro Ortega (Massage- och idrottsterapeut),Göteborgs Massage & Rehab – Linnéstaden,goteborgs-massage-rehab-linnestaden,559031-7128,goteborg,Göteborg,Göteborg,"Tredje Långgatan 10, 413 03 Göteborg",031-20 12 76,https://goteborgsmassage.se,https://www.bokadirekt.se/places/goteborgs-massage-rehab-linnestaden-7325,,4.8,6290,"massage,idrottsmassage,osteopati",
Daiga Steinfelde,,Behandlare / Övrig,Daiga Steinfelde,Göteborgs Massage & Rehab – Linnéstaden,goteborgs-massage-rehab-linnestaden,559031-7128,goteborg,Göteborg,Göteborg,"Tredje Långgatan 10, 413 03 Göteborg",031-20 12 76,https://goteborgsmassage.se,https://www.bokadirekt.se/places/goteborgs-massage-rehab-linnestaden-7325,,4.8,6290,"massage,idrottsmassage,osteopati",
Anette Rundh,Medicinsk massage,Massage / Massör,Anette Rundh (Medicinsk massage),Göteborgs Massage & Rehab – Linnéstaden,goteborgs-massage-rehab-linnestaden,559031-7128,goteborg,Göteborg,Göteborg,"Tredje Långgatan 10, 413 03 Göteborg",031-20 12 76,https://goteborgsmassage.se,https://www.bokadirekt.se/places/goteborgs-massage-rehab-linnestaden-7325,,4.8,6290,"massage,idrottsmassage,osteopati",
Zsolt Dörner,,Behandlare / Övrig,Zsolt Dörner,Göteborgs Massage & Rehab – Vasastaden,goteborgs-massage-rehab-vasastaden,559031-7128,goteborg,Göteborg,Göteborg,"Viktoriagatan 24, 411 25 Göteborg",031-20 12 76,https://goteborgsmassage.se,https://www.bokadirekt.se/places/goteborgs-massage-rehab-vasastaden-7228,,4.8,4119,"massage,idrottsmassage,osteopati",
Mai Hofström,,Behandlare / Övrig,Mai Hofström,Göteborgs Massage & Rehab – Vasastaden,goteborgs-massage-rehab-vasastaden,559031-7128,goteborg,Göteborg,Göteborg,"Viktoriagatan 24, 411 25 Göteborg",031-20 12 76,https://goteborgsmassage.se,https://www.bokadirekt.se/places/goteborgs-massage-rehab-vasastaden-7228,,4.8,4119,"massage,idrottsmassage,osteopati",
Magnus Landström,,Behandlare / Övrig,Magnus Landström,Göteborgs Massage & Rehab – Vasastaden,goteborgs-massage-rehab-vasastaden,559031-7128,goteborg,Göteborg,Göteborg,"Viktoriagatan 24, 411 25 Göteborg",031-20 12 76,https://goteborgsmassage.se,https://www.bokadirekt.se/places/goteborgs-massage-rehab-vasastaden-7228,,4.8,4119,"massage,idrottsmassage,osteopati",
Daiga Steinfelde,,Behandlare / Övrig,Daiga Steinfelde,Göteborgs Massage & Rehab – Vasastaden,goteborgs-massage-rehab-vasastaden,559031-7128,goteborg,Göteborg,Göteborg,"Viktoriagatan 24, 411 25 Göteborg",031-20 12 76,https://goteborgsmassage.se,https://www.bokadirekt.se/places/goteborgs-massage-rehab-vasastaden-7228,,4.8,4119,"massage,idrottsmassage,osteopati",
Magnus Olsson,Leg. naprapat,Naprapat,Magnus Olsson (Leg. naprapat),Göteborgs Naprapat & Idrottsskadeklinik AB,goteborgs-naprapat-och-idrottsskadeklinik-ab,556885-1272,goteborg,Göteborg,Göteborg,"Parkgatan 17, 411 38 Heden",,https://napraidrott.se,https://www.bokadirekt.se/places/goteborgs-naprapat-idrottsskadeklinik,,4.6,30,naprapat,
Richard,,Behandlare / Övrig,Richard,Göteborgs Naprapat & Idrottsskadeklinik AB,goteborgs-naprapat-och-idrottsskadeklinik-ab,556885-1272,goteborg,Göteborg,Göteborg,"Parkgatan 17, 411 38 Heden",,https://napraidrott.se,https://www.bokadirekt.se/places/goteborgs-naprapat-idrottsskadeklinik,,4.6,30,naprapat,
Oskar Nyholm,Leg. naprapat,Naprapat,Oskar Nyholm (Leg. naprapat),Göteborgs Naprapat & Idrottsskadeklinik AB,goteborgs-naprapat-och-idrottsskadeklinik-ab,556885-1272,goteborg,Göteborg,Göteborg,"Parkgatan 17, 411 38 Heden",,https://napraidrott.se,https://www.bokadirekt.se/places/goteborgs-naprapat-idrottsskadeklinik,,4.6,30,naprapat,
Leane Ahlbom,Dipl. massageterapeut,Massage / Massör,Leane Ahlbom (Dipl. massageterapeut),Gottoleva,gottoleva-massage-linne,,goteborg,Göteborg,Göteborg,"Olivedalsgatan 1, 413 10 Göteborg",072-549 11 37,https://gottoleva.se,https://www.bokadirekt.se/places/gottoleva-38235,,4.9,1086,"medicinsk massage,terapeutisk massage,laser",
Zopa Gyatso,Dipl. tibetansk massör,Massage / Massör,Zopa Gyatso (Dipl. tibetansk massör),Gottoleva,gottoleva-massage-linne,,goteborg,Göteborg,Göteborg,"Olivedalsgatan 1, 413 10 Göteborg",072-549 11 37,https://gottoleva.se,https://www.bokadirekt.se/places/gottoleva-38235,,4.9,1086,"medicinsk massage,terapeutisk massage,laser",
Stefan Glenndin,"Avancerad idrottsmassör, massageterapeut",Massage / Massör,"Stefan Glenndin (Avancerad idrottsmassör, massageterapeut)",I.M.T – Idrotts Massage Terapeuten,imt-idrott-massage-terapeuten,,goteborg,Göteborg,Göteborg,"Danska vägen 84b, 416 59 Göteborg (c/o Kornbakks kiropraktik)",070-535 69 93,https://www.imtgbg.com,,,0,0,"idrottsmassage,medicinsk massage,dry needling",
Jonas Carlsson,Leg. kiropraktor,Kiropraktor,Jonas Carlsson (Leg. kiropraktor),KiropraktorCentrum Göteborg,kiropraktorcentrum-goteborg,556725-5335,goteborg,Göteborg,Göteborg,"Surbrunnsgatan 6, 411 19 Göteborg",031-711 66 00,https://www.kiropraktorcentrum.com,,,0,0,kiropraktik,
Lisa Ann Carlsson,Leg. kiropraktor,Kiropraktor,Lisa Ann Carlsson (Leg. kiropraktor),KiropraktorCentrum Göteborg,kiropraktorcentrum-goteborg,556725-5335,goteborg,Göteborg,Göteborg,"Surbrunnsgatan 6, 411 19 Göteborg",031-711 66 00,https://www.kiropraktorcentrum.com,,,0,0,kiropraktik,
Patrik Erdegard,Leg. kiropraktor,Kiropraktor,Patrik Erdegard (Leg. kiropraktor),Kiropraktorklinik Patrik Erdegard,kiropraktorklinik-patrik-erdegard,,goteborg,Göteborg,Göteborg,"Herkulesgatan 3D, 417 01 Göteborg",0704-07 63 04,https://patrikerdegard.se,https://www.bokadirekt.se/places/kiropraktorklinik-patrik-erdegard-128910,,4.7,125,kiropraktik,
Lina Roizman,"Dipl. medicinsk massageterapeut, lymfmassör",Massage / Massör,"Lina Roizman (Dipl. medicinsk massageterapeut, lymfmassör)",Lina Roizman – Medicinsk Massage Majorna,lina-roizman-medicinsk-massage-majorna,,goteborg,Göteborg,Göteborg,"Allmänna vägen 13, 414 60 Göteborg",070-494 91 00,,https://www.bokadirekt.se/places/lina-roizman-48339,,5,455,"medicinsk massage,lymfmassage,gravidmassage",
Daniel Näsman,Cert. massageterapeut,Massage / Massör,Daniel Näsman (Cert. massageterapeut),Massageterapeuten Göteborg,massageterapeuten-goteborg,559405-9627,goteborg,Göteborg,Göteborg,"Stigbergsliden 5, 414 63 Göteborg",0793-21 28 84,https://www.massageterapeuten-gbg.se,,,4.8,920,"medicinsk massage,idrottsmassage,klassisk massage",
Anders Bergh,Leg. Naprapat,Naprapat,Anders Bergh (Leg. Naprapat),Mölndalsnaprapaten,molndalsnaprapaten,,goteborg,Mölndal,Mölndal,"Norra Ågatan 26C, 431 35 Mölndal centrum",+46 79 341 42 07,https://molndalsnaprapaten.se/,,,4.5,2,naprapat|massage,
Sandra Cederberg,Leg. Naprapat,Naprapat,Sandra Cederberg (Leg. Naprapat),Naprapat i Väst,naprapat-i-vast,,goteborg,Mölnlycke,Härryda,"Metallvägen 5, 435 33 Mölnlycke",,https://naprapativast.se/,https://naprapativast.se/boka,,5,21,naprapat,
Henrik Miltén,Leg. naprapat,Naprapat,Henrik Miltén (Leg. naprapat),Naprapatkliniken Väst AB,naprapatkliniken-vast-ab,556572-9430,goteborg,Göteborg,Göteborg,"Ekonomivägen 6, 436 33 Askim",+46 31 68 35 70,https://www.naprapatklinikenvast.se/,https://www.naprapatklinikenvast.se/boka/,,4.7,68,naprapat|massage,
Ninnie Ingela Cornéer,Dipl. medicinsk massageterapeut,Massage / Massör,Ninnie Ingela Cornéer (Dipl. medicinsk massageterapeut),NIC Yoga & Kroppsterapi – Medicinsk Massage,nic-yoga-kroppsterapi-medicinsk-massage,,goteborg,Göteborg,Göteborg,"Prästgårdsängen 15, 412 71 Göteborg",070-889 17 00,https://www.nicyoga.se,https://www.bokadirekt.se/places/nic-yoga-kroppsterapi-fasciabehandlingar-massageterapi-33068,,4.9,286,"medicinsk massage,fasciabehandling,idrottsmassage",
Petra Reis,Leg. naprapat,Naprapat,Petra Reis (Leg. naprapat),Rygg och Ledkliniken - Kungälv,rygg-och-ledkliniken-kungalv,,goteborg,Kungälv,Kungälv,"Uddevallavägen 1, 442 30 Kungälv",+46 303 233 033,https://www.ryggochled.se/kungalv/,https://www.ryggochled.se/kungalv/,,4.9,64,naprapat,
Anton Holmberg,Leg. naprapat,Naprapat,Anton Holmberg (Leg. naprapat),Rygg och Ledkliniken - Kungälv,rygg-och-ledkliniken-kungalv,,goteborg,Kungälv,Kungälv,"Uddevallavägen 1, 442 30 Kungälv",+46 303 233 033,https://www.ryggochled.se/kungalv/,https://www.ryggochled.se/kungalv/,,4.9,64,naprapat,
Marika Hallin Lie,Leg. naprapat,Naprapat,Marika Hallin Lie (Leg. naprapat),Rygg och Ledkliniken - Kungälv,rygg-och-ledkliniken-kungalv,,goteborg,Kungälv,Kungälv,"Uddevallavägen 1, 442 30 Kungälv",+46 303 233 033,https://www.ryggochled.se/kungalv/,https://www.ryggochled.se/kungalv/,,4.9,64,naprapat,
David Tveit,Leg. naprapat,Naprapat,David Tveit (Leg. naprapat),Rygg och Ledkliniken i Göteborg,rygg-och-ledkliniken-i-goteborg,556642-7893,goteborg,Göteborg,Göteborg,"Viktor Rydbergsgatan 10, 411 32 Lorensberg",+46 31 403033,https://www.ryggochled.se/goteborg/,https://www.ryggochled.se/goteborg/,,5,45,naprapat,
Malin Lindelöf,Leg. naprapat,Naprapat,Malin Lindelöf (Leg. naprapat),Rygg och Ledkliniken i Göteborg,rygg-och-ledkliniken-i-goteborg,556642-7893,goteborg,Göteborg,Göteborg,"Viktor Rydbergsgatan 10, 411 32 Lorensberg",+46 31 403033,https://www.ryggochled.se/goteborg/,https://www.ryggochled.se/goteborg/,,5,45,naprapat,
Marika Hallin Lie,Leg. naprapat,Naprapat,Marika Hallin Lie (Leg. naprapat),Rygg och Ledkliniken i Göteborg,rygg-och-ledkliniken-i-goteborg,556642-7893,goteborg,Göteborg,Göteborg,"Viktor Rydbergsgatan 10, 411 32 Lorensberg",+46 31 403033,https://www.ryggochled.se/goteborg/,https://www.ryggochled.se/goteborg/,,5,45,naprapat,
Lars-Ivar Lie,Leg. naprapat,Naprapat,Lars-Ivar Lie (Leg. naprapat),Rygg och Ledkliniken i Kungsbacka,rygg-och-ledkliniken-i-kungsbacka,,goteborg,Kungsbacka,Kungsbacka,"Kungsparksvägen 61, 434 39 Kungsbacka",+46 300730073,https://www.ryggochled.se/kungsbacka/,,,4.7,50,naprapat,
David Tveit,Leg. naprapat,Naprapat,David Tveit (Leg. naprapat),Rygg och Ledkliniken i Kungsbacka,rygg-och-ledkliniken-i-kungsbacka,,goteborg,Kungsbacka,Kungsbacka,"Kungsparksvägen 61, 434 39 Kungsbacka",+46 300730073,https://www.ryggochled.se/kungsbacka/,,,4.7,50,naprapat,
Erika Larsson,Leg. naprapat,Naprapat,Erika Larsson (Leg. naprapat),RyggAkuten Centrum,ryggakuten-centrum,,goteborg,Göteborg,Göteborg,"Norra Hamngatan 18, 411 06 Inom Vallgraven",+46 31 152085,https://ryggakuten.com/,https://ryggakuten.com/bokning/,,4.8,81,naprapat,
Anny Källum Olusamni,Leg. naprapat,Naprapat,Anny Källum Olusamni (Leg. naprapat),RyggAkuten Centrum,ryggakuten-centrum,,goteborg,Göteborg,Göteborg,"Norra Hamngatan 18, 411 06 Inom Vallgraven",+46 31 152085,https://ryggakuten.com/,https://ryggakuten.com/bokning/,,4.8,81,naprapat,
Magnus Axelsson,Leg. naprapat,Naprapat,Magnus Axelsson (Leg. naprapat),RyggAkuten Centrum,ryggakuten-centrum,,goteborg,Göteborg,Göteborg,"Norra Hamngatan 18, 411 06 Inom Vallgraven",+46 31 152085,https://ryggakuten.com/,https://ryggakuten.com/bokning/,,4.8,81,naprapat,
Emil Andersson,Leg. naprapat,Naprapat,Emil Andersson (Leg. naprapat),RyggAkuten Centrum,ryggakuten-centrum,,goteborg,Göteborg,Göteborg,"Norra Hamngatan 18, 411 06 Inom Vallgraven",+46 31 152085,https://ryggakuten.com/,https://ryggakuten.com/bokning/,,4.8,81,naprapat,
Joakim Karlsson,Leg. kiropraktor,Kiropraktor,Joakim Karlsson (Leg. kiropraktor),RyggAkuten Hisingen,ryggakuten-hisingen,,goteborg,Göteborg,Göteborg,"Hisingsgatan 28, 417 03 Lundby",+46 31 234172,https://ryggakuten.com/naprapat-hisingen/,https://ryggakuten.com/bokning/,,4.7,64,naprapat|kiropraktor,
Emil A.,Leg. naprapat,Naprapat,Emil A. (Leg. naprapat),RyggAkuten Hisingen,ryggakuten-hisingen,,goteborg,Göteborg,Göteborg,"Hisingsgatan 28, 417 03 Lundby",+46 31 234172,https://ryggakuten.com/naprapat-hisingen/,https://ryggakuten.com/bokning/,,4.7,64,naprapat|kiropraktor,
Martin Klcovansky Rossing,Leg. kiropraktor,Kiropraktor,Martin Klcovansky Rossing (Leg. kiropraktor),RyggAkuten Sisjön,ryggakuten-sisjon,,goteborg,Göteborg,Göteborg,"Datavägen 14B, 436 32 Sisjön",+46 31 845200,https://ryggakuten.com/naprapat-sisjon/,https://ryggakuten.com/bokning/,,4.8,28,naprapat|kiropraktor,
Martina Gunnarsson,Leg. naprapat,Naprapat,Martina Gunnarsson (Leg. naprapat),RyggAkuten Sisjön,ryggakuten-sisjon,,goteborg,Göteborg,Göteborg,"Datavägen 14B, 436 32 Sisjön",+46 31 845200,https://ryggakuten.com/naprapat-sisjon/,https://ryggakuten.com/bokning/,,4.8,28,naprapat|kiropraktor,
Emil Amberntsson,Leg. naprapat,Naprapat,Emil Amberntsson (Leg. naprapat),RyggAkuten Sisjön,ryggakuten-sisjon,,goteborg,Göteborg,Göteborg,"Datavägen 14B, 436 32 Sisjön",+46 31 845200,https://ryggakuten.com/naprapat-sisjon/,https://ryggakuten.com/bokning/,,4.8,28,naprapat|kiropraktor,
Ulf Åberg,Leg. Fysioterapeut / Sjukgymnast,Fysioterapeut,Ulf Åberg (Leg. Fysioterapeut / Sjukgymnast),Sjukgymnast Göteborg AB (Ulf Åberg),sjukgymnast-goteborg-ab-ulf-aberg,556991-1505,goteborg,Göteborg,Göteborg,"Marklandsgatan 35, 414 77 Göteborg",031-82 95 00,https://www.sjukgymnastgoteborg.se/,,,4.8,75,fysioterapeut,Stötvåg|Basal kroppskännedom|Akupunktur
Suphan,Medicinsk massageterapeut,Massage / Massör,Suphan (Medicinsk massageterapeut),Suphan Medicinsk Massage,suphan-medicinsk-massage,,goteborg,Göteborg,Göteborg,"Aschebergsgatan 21, 411 27 Göteborg",,,https://www.bokadirekt.se/places/suphan-medicinsk-massage-20140,,4.8,753,"medicinsk massage,idrottsmassage",
Ebba Tuominen,Cert. medicinsk massageterapeut,Massage / Massör,Ebba Tuominen (Cert. medicinsk massageterapeut),Touched By Ebba & Postural,touched-by-ebba-postural,,goteborg,Göteborg,Göteborg,"Lilla Munkebäcksgatan 5, 416 72 Göteborg",073-554 73 00,https://www.touchedbyebba.com,https://www.bokadirekt.se/places/touched-by-ebba-postural-34720,,4.9,107,"medicinsk massage,lymfmassage,bindvävsmassage",
Jenny Nilsson,Medicinsk massageterapeut,Massage / Massör,Jenny Nilsson (Medicinsk massageterapeut),UlleviKliniken,ullevikliniken,,goteborg,Göteborg,Göteborg,"Eva Rodhes Gata 8, 411 11 Ullevi",,https://ullevikliniken.se/naprapat/,https://ullevikliniken.se/naprapat/,,4.8,58,naprapat|massage,
Björn Oom,Osteopat,Behandlare / Övrig,Björn Oom (Osteopat),UlleviKliniken,ullevikliniken,,goteborg,Göteborg,Göteborg,"Eva Rodhes Gata 8, 411 11 Ullevi",,https://ullevikliniken.se/naprapat/,https://ullevikliniken.se/naprapat/,,4.8,58,naprapat|massage,
Kajsa Jebsen,,Behandlare / Övrig,Kajsa Jebsen,UlleviKliniken,ullevikliniken,,goteborg,Göteborg,Göteborg,"Eva Rodhes Gata 8, 411 11 Ullevi",,https://ullevikliniken.se/naprapat/,https://ullevikliniken.se/naprapat/,,4.8,58,naprapat|massage,
Sara Lindbeck,Massör,Massage / Massör,Sara Lindbeck (Massör),Massage Guldkant,massage-guldkant,,helsingborg,Helsingborg,Helsingborg,"Bergaliden 11, 252 23 Helsingborg",,,https://www.bokadirekt.se/places/massage-guldkant-foretagsmassage-58349,bokadirekt,0,0,massage,massage|företagsmassage
Johan Munkhammar,Cert. Medicinsk Massageterapeut,Massage / Massör,Johan Munkhammar (Cert. Medicinsk Massageterapeut),Munkhammar Medicinsk Massage,munkhammar-medicinsk-massage,,helsingborg,Helsingborg,Helsingborg,"Föreningsgatan 25A, 254 38 Helsingborg",070-202 57 XX,,https://www.bokadirekt.se/places/munkhammar-medicinsk-massage-53212,bokadirekt,0,0,massage,medicinsk massage
Olga Gustafson,Dipl. Massör,Massage / Massör,Olga Gustafson (Dipl. Massör),Massage Corner Sverige AB,massage-corner-sverige-ab,,jonkoping,Jönköping,Jönköping,"Skolgatan 13A, 553 16 Jönköping",073-175 95 XX,,https://www.bokadirekt.se/places/massage-corner-sverige-ab-36697,bokadirekt,0,0,massage,medicinsk massage|klassisk massage|lymfmassage
Peter Mellqvist,Leg. Kiropraktor,Kiropraktor,Peter Mellqvist (Leg. Kiropraktor),Kiropraktorakuten Linköping,kiropraktorakuten-linkoping,556717-5749,linkoping,Linköping,Linköping,"Hospitalstorget 2A, 582 27 Linköping",013-10 43 00,https://kiropraktorakuten.com/,https://www.bokadirekt.se/places/kiropraktorakuten-i-linkoping-ab-17355,bokadirekt,4.5,320,kiropraktor,idrottskiropraktik|neurologisk scanning
Thomas Lindberg,"Leg. Kiropraktor, CCEP",Kiropraktor,"Thomas Lindberg (Leg. Kiropraktor, CCEP)",Kiropraxis,kiropraxis-linkoping,556875-4344,linkoping,Linköping,Linköping,"Storgatan 66, 582 28 Linköping",013-482 04 40,https://kiropraxis.se/,,,4.7,214,kiropraktor,extremiteter|hållning|postural neurologi
Emelie Edesgård,Leg. Naprapat,Naprapat,Emelie Edesgård (Leg. Naprapat),Limbra Linköping,limbra-linkoping,556999-3271,linkoping,Linköping,Linköping,"Drottninggatan 19, 582 25 Linköping",010-768 10 30,https://limbra.se/kliniker/linkoping/,https://limbra.se/cb/?activityGroups=1&klinik=130&grupp=56,egen,4.8,119,naprapat|massage,idrottsskador|dry needling|akupunktur
Malin Johansson,Leg. Naprapat,Naprapat,Malin Johansson (Leg. Naprapat),Limbra Linköping,limbra-linkoping,556999-3271,linkoping,Linköping,Linköping,"Drottninggatan 19, 582 25 Linköping",010-768 10 30,https://limbra.se/kliniker/linkoping/,https://limbra.se/cb/?activityGroups=1&klinik=130&grupp=56,egen,4.8,119,naprapat|massage,idrottsskador|dry needling|akupunktur
Fredrik Reifner,Leg. Naprapat,Naprapat,Fredrik Reifner (Leg. Naprapat),Limbra Linköping,limbra-linkoping,556999-3271,linkoping,Linköping,Linköping,"Drottninggatan 19, 582 25 Linköping",010-768 10 30,https://limbra.se/kliniker/linkoping/,https://limbra.se/cb/?activityGroups=1&klinik=130&grupp=56,egen,4.8,119,naprapat|massage,idrottsskador|dry needling|akupunktur
Eric Ahl,Leg. Fysioterapeut,Fysioterapeut,Eric Ahl (Leg. Fysioterapeut),Limbra Linköping,limbra-linkoping,556999-3271,linkoping,Linköping,Linköping,"Drottninggatan 19, 582 25 Linköping",010-768 10 30,https://limbra.se/kliniker/linkoping/,https://limbra.se/cb/?activityGroups=1&klinik=130&grupp=56,egen,4.8,119,naprapat|massage,idrottsskador|dry needling|akupunktur
Malin Gustavsson,Leg. Naprapat,Naprapat,Malin Gustavsson (Leg. Naprapat),"Praxis Naprapati, Kiropraktik och Friskvård",praxis-linkoping,559024-0767,linkoping,Linköping,Linköping,"Kungsgatan 41, 582 18 Linköping",013-13 01 15,https://praxis.se/,https://www.bokadirekt.se/places/praxis-naprapati-kiropraktik-och-friskvard-4935,bokadirekt,4.8,728,naprapat|kiropraktor|massage,
Sarah Knutsson,Leg. Kiropraktor,Kiropraktor,Sarah Knutsson (Leg. Kiropraktor),"Praxis Naprapati, Kiropraktik och Friskvård",praxis-linkoping,559024-0767,linkoping,Linköping,Linköping,"Kungsgatan 41, 582 18 Linköping",013-13 01 15,https://praxis.se/,https://www.bokadirekt.se/places/praxis-naprapati-kiropraktik-och-friskvard-4935,bokadirekt,4.8,728,naprapat|kiropraktor|massage,
Tina Andersson,Cert. Massageterapeut,Massage / Massör,Tina Andersson (Cert. Massageterapeut),"Praxis Naprapati, Kiropraktik och Friskvård",praxis-linkoping,559024-0767,linkoping,Linköping,Linköping,"Kungsgatan 41, 582 18 Linköping",013-13 01 15,https://praxis.se/,https://www.bokadirekt.se/places/praxis-naprapati-kiropraktik-och-friskvard-4935,bokadirekt,4.8,728,naprapat|kiropraktor|massage,
Mia Eklund,Leg. Naprapat,Naprapat,Mia Eklund (Leg. Naprapat),"Praxis Naprapati, Kiropraktik och Friskvård",praxis-linkoping,559024-0767,linkoping,Linköping,Linköping,"Kungsgatan 41, 582 18 Linköping",013-13 01 15,https://praxis.se/,https://www.bokadirekt.se/places/praxis-naprapati-kiropraktik-och-friskvard-4935,bokadirekt,4.8,728,naprapat|kiropraktor|massage,
Robert Elgstrand,Cert. Massör,Massage / Massör,Robert Elgstrand (Cert. Massör),RE Massage AB,re-massage-ab,,linkoping,Linköping,Linköping,"Brigadgatan 19, 587 58 Linköping",070-303 73 XX,,https://www.bokadirekt.se/places/re-massage-ab-58754,bokadirekt,0,0,massage,klassisk massage|medicinsk laser
Ida Sillman Hall,Leg. naprapat,Naprapat,Ida Sillman Hall (Leg. naprapat),Apex Rehab Limhamn,apex-rehab-limhamn,559277-8319,malmo,Malmö,Malmö,"Linnégatan 45, 216 14 Limhamn",040-643 20 80,https://apex-rehab.se/,https://triggerpoint.bestille.no/OnCust2/#!/,bestille,0,0,naprapat|kiropraktor|massage,
Johan Isevik,Kiropraktor,Kiropraktor,Johan Isevik (Kiropraktor),Apex Rehab Limhamn,apex-rehab-limhamn,559277-8319,malmo,Malmö,Malmö,"Linnégatan 45, 216 14 Limhamn",040-643 20 80,https://apex-rehab.se/,https://triggerpoint.bestille.no/OnCust2/#!/,bestille,0,0,naprapat|kiropraktor|massage,
Pia Kjerside,Leg. naprapat,Naprapat,Pia Kjerside (Leg. naprapat),Bellevue Naprapatklinik (Palmer Friskvård),bellevue-naprapatklinik,,malmo,Malmö,Malmö,"Beritta Gurrisgatan 13, 217 74 Malmö",070-686 02 XX,https://bellevuenaprapatklinik.se/,https://ww1.clinicbuddy.com/onlinebooking/-274,clinicbuddy,0,0,naprapat|massage,
Magnus Eklund,Leg. kiropraktor,Kiropraktor,Magnus Eklund (Leg. kiropraktor),Citykiropraktikern,citykiropraktikern,556906-5252,malmo,Malmö,Malmö,"Föreningsgatan 26, våning 2, 211 52 Malmö",0722-33 35 14,https://citykiropraktikern.se/,,egen,4.7,613,kiropraktor,ryggskott|nackspärr|ischias|disk
Fredrik Malmgren,Friskvårdsmassör,Massage / Massör,Fredrik Malmgren (Friskvårdsmassör),FM Massage Malmö,fm-massage-malmo,559280-0915,malmo,Malmö,Malmö,"Johanneslustgatan 12, 212 28 Malmö",076-600 70 67,https://www.fmmassage.se,https://www.bokadirekt.se/places/fm-massage-malmo-37370,bokadirekt,4.8,963,massage,
Henrik Solmenius,Leg. naprapat,Naprapat,Henrik Solmenius (Leg. naprapat),Fysiomedicinska kliniken (NaprapatMalmö),fysiomedicinska-kliniken-malmo,969713-8148,malmo,Malmö,Malmö,"Kronborgsvägen 8, 217 42 Malmö",040-30 23 22 / 040-30 23 23,https://fysiomed.se/,,egen,0,0,naprapat|massage|osteopati,rygg|nacke|ischias|idrottsskador|MDT|laser|akupunktur
Daniel Schyler,Leg. naprapat & Leg. sjukgymnast,Naprapat,Daniel Schyler (Leg. naprapat & Leg. sjukgymnast),Fysiomedicinska kliniken (NaprapatMalmö),fysiomedicinska-kliniken-malmo,969713-8148,malmo,Malmö,Malmö,"Kronborgsvägen 8, 217 42 Malmö",040-30 23 22 / 040-30 23 23,https://fysiomed.se/,,egen,0,0,naprapat|massage|osteopati,rygg|nacke|ischias|idrottsskador|MDT|laser|akupunktur
Charlotte Engberg,Osteopat D.O.,Behandlare / Övrig,Charlotte Engberg (Osteopat D.O.),Fysiomedicinska kliniken (NaprapatMalmö),fysiomedicinska-kliniken-malmo,969713-8148,malmo,Malmö,Malmö,"Kronborgsvägen 8, 217 42 Malmö",040-30 23 22 / 040-30 23 23,https://fysiomed.se/,,egen,0,0,naprapat|massage|osteopati,rygg|nacke|ischias|idrottsskador|MDT|laser|akupunktur
Råger Hansson,Ortopedisk massageterapeut,Massage / Massör,Råger Hansson (Ortopedisk massageterapeut),Fysiomedicinska kliniken (NaprapatMalmö),fysiomedicinska-kliniken-malmo,969713-8148,malmo,Malmö,Malmö,"Kronborgsvägen 8, 217 42 Malmö",040-30 23 22 / 040-30 23 23,https://fysiomed.se/,,egen,0,0,naprapat|massage|osteopati,rygg|nacke|ischias|idrottsskador|MDT|laser|akupunktur
Daria Dahlin,Medicinsk massageterapeut,Massage / Massör,Daria Dahlin (Medicinsk massageterapeut),Fysiomedicinska kliniken (NaprapatMalmö),fysiomedicinska-kliniken-malmo,969713-8148,malmo,Malmö,Malmö,"Kronborgsvägen 8, 217 42 Malmö",040-30 23 22 / 040-30 23 23,https://fysiomed.se/,,egen,0,0,naprapat|massage|osteopati,rygg|nacke|ischias|idrottsskador|MDT|laser|akupunktur
Susanne Larsson,Leg. naprapat,Naprapat,Susanne Larsson (Leg. naprapat),Hand om Hälsa din naprapat,hand-om-halsa,559250-5357,malmo,Malmö,Malmö,"Västra Varvsgatan 11 b, 211 11 Malmö",070-698 45 76,https://www.handomhalsa.se/,,egen,4.9,340,naprapat|massage,manuell ortopedisk medicin
Erika Persson,,Behandlare / Övrig,Erika Persson,Helanova Medicinsk Massage,helanova-medicinsk-massage,,malmo,Malmö,Malmö,"CRC, Jan Waldenströms gata 35, Malmö",,https://www.helanova.nu/,,egen,0,0,massage,
Sofie Malm,,Behandlare / Övrig,Sofie Malm,Helanova Medicinsk Massage,helanova-medicinsk-massage,,malmo,Malmö,Malmö,"CRC, Jan Waldenströms gata 35, Malmö",,https://www.helanova.nu/,,egen,0,0,massage,
Barbara Lörincz,,Behandlare / Övrig,Barbara Lörincz,Helanova Medicinsk Massage,helanova-medicinsk-massage,,malmo,Malmö,Malmö,"CRC, Jan Waldenströms gata 35, Malmö",,https://www.helanova.nu/,,egen,0,0,massage,
Anna Turesson,,Behandlare / Övrig,Anna Turesson,Helanova Medicinsk Massage,helanova-medicinsk-massage,,malmo,Malmö,Malmö,"CRC, Jan Waldenströms gata 35, Malmö",,https://www.helanova.nu/,,egen,0,0,massage,
Miranda Gjerstad,Medicinska massageterapeuter,Massage / Massör,Miranda Gjerstad (Medicinska massageterapeuter),Helanova Medicinsk Massage,helanova-medicinsk-massage,,malmo,Malmö,Malmö,"CRC, Jan Waldenströms gata 35, Malmö",,https://www.helanova.nu/,,egen,0,0,massage,
Johan Klingstam,,Behandlare / Övrig,Johan Klingstam,IMC Idrottsmedicinskt Center,imc-idrottsmedicinskt-center,,malmo,Malmö,Malmö,"Trollenäsgatan 2, 217 73 Malmö",072-238 81 XX,https://johanklingstam.se,https://www.bokadirekt.se/places/imc-idrottsmedicinskt-center-johan-klingstam-3973,bokadirekt,4.9,900,massage,
Patrik,,Behandlare / Övrig,Patrik,IMC Idrottsmedicinskt Center,imc-idrottsmedicinskt-center,,malmo,Malmö,Malmö,"Trollenäsgatan 2, 217 73 Malmö",072-238 81 XX,https://johanklingstam.se,https://www.bokadirekt.se/places/imc-idrottsmedicinskt-center-johan-klingstam-3973,bokadirekt,4.9,900,massage,
Mattias,,Behandlare / Övrig,Mattias,IMC Idrottsmedicinskt Center,imc-idrottsmedicinskt-center,,malmo,Malmö,Malmö,"Trollenäsgatan 2, 217 73 Malmö",072-238 81 XX,https://johanklingstam.se,https://www.bokadirekt.se/places/imc-idrottsmedicinskt-center-johan-klingstam-3973,bokadirekt,4.9,900,massage,
Ardian,Cert. medicinska massageterapeuter,Massage / Massör,Ardian (Cert. medicinska massageterapeuter),IMC Idrottsmedicinskt Center,imc-idrottsmedicinskt-center,,malmo,Malmö,Malmö,"Trollenäsgatan 2, 217 73 Malmö",072-238 81 XX,https://johanklingstam.se,https://www.bokadirekt.se/places/imc-idrottsmedicinskt-center-johan-klingstam-3973,bokadirekt,4.9,900,massage,
Thom Dahlberg,Leg. kiropraktor,Kiropraktor,Thom Dahlberg (Leg. kiropraktor),Kiropraktik och Rehab,kiropraktik-och-rehab,,malmo,Malmö,Malmö,"Köpenhamnsvägen 43, 217 71 Malmö",070-578 21 64,https://kiropraktikrehab.se/,https://www.bokadirekt.se/places/kiropraktik-och-rehab-17889,bokadirekt,4.8,117,kiropraktor|massage,idrottsskador|rehab|nålbehandling
Clas Henrik Laurin (Kiropraktor) m.fl.,,Kiropraktor,Clas Henrik Laurin (Kiropraktor) m.fl.,Kiropraktorkliniken Laurin,kiropraktorkliniken-laurin,556414-0191,malmo,Malmö,Malmö,"Geijersgatan 8, 216 18 Limhamn",040-30 03 14,https://kiropraktorlaurin.nu/,,egen,0,0,kiropraktor|massage|fysioterapi,
Fredrik Sandh,Dipl. massageterapeut,Massage / Massör,Fredrik Sandh (Dipl. massageterapeut),Klassisk Massage Malmö (Fredrik Sandh),klassisk-massage-malmo,,malmo,Malmö,Malmö,"Spångatan 20 A (Terapi- och Friskvårdscentrum), 211 53 Malmö",073-934 98 XX,https://www.klassiskmassagemalmo.se,https://www.bokadirekt.se/places/klassisk-massage-malmo-9231,bokadirekt,4.8,1270,massage,
Martin Lundberg,Leg. kiropraktor & medicinsk massageterapeut,Kiropraktor,Martin Lundberg (Leg. kiropraktor & medicinsk massageterapeut),Kroppia (Kiropraktor och Massage),kroppia,,malmo,Malmö,Malmö,"Föreningsgatan 26 (Växthuset våning 2), 211 52 Malmö",070-696 75 54,https://www.kroppia.se/,https://www.bokadirekt.se/places/kiropraktor-och-massage-kroppia-1280,bokadirekt,4.8,1266,kiropraktor|massage,
Anton,Leg. naprapat,Naprapat,Anton (Leg. naprapat),Malmö City Naprapatiska,malmo-city-naprapatiska,,malmo,Malmö,Malmö,"Vendelsvägen 3, 217 63 Malmö (ny adress från 1 aug 2026)",0704-332441,https://malmonaprapatiska.se/,https://skanorsnaprapatiska.kaddio.com/booking/cal,kaddio,0,0,naprapat,funktion|självläkning
Jonathan,Leg. naprapat,Naprapat,Jonathan (Leg. naprapat),Malmö City Naprapatiska,malmo-city-naprapatiska,,malmo,Malmö,Malmö,"Vendelsvägen 3, 217 63 Malmö (ny adress från 1 aug 2026)",0704-332441,https://malmonaprapatiska.se/,https://skanorsnaprapatiska.kaddio.com/booking/cal,kaddio,0,0,naprapat,funktion|självläkning
Jan Zinkernagel,Kiropraktor,Kiropraktor,Jan Zinkernagel (Kiropraktor),Malmö Kiropraktorklinik & Funktionell Kiropraktik,malmo-kiropraktorklinik,556665-7366,malmo,Malmö,Malmö,"Regementsgatan 14, 211 45 Malmö",040-611 22 23,https://malmokiropraktorklinik.se/,https://www.bokadirekt.se/places/malmo-kiropraktorklinik-funktionell-kiropraktik-44900,bokadirekt,4.8,1541,kiropraktor|massage,funktionell kiropraktik|Gonstead|akupunktur
Per Rehn,Kiropraktor & akupunktör,Kiropraktor,Per Rehn (Kiropraktor & akupunktör),Malmö Kiropraktorklinik & Funktionell Kiropraktik,malmo-kiropraktorklinik,556665-7366,malmo,Malmö,Malmö,"Regementsgatan 14, 211 45 Malmö",040-611 22 23,https://malmokiropraktorklinik.se/,https://www.bokadirekt.se/places/malmo-kiropraktorklinik-funktionell-kiropraktik-44900,bokadirekt,4.8,1541,kiropraktor|massage,funktionell kiropraktik|Gonstead|akupunktur
Hampus Wedeberg,Funktionell kiropraktor,Kiropraktor,Hampus Wedeberg (Funktionell kiropraktor),Malmö Kiropraktorklinik & Funktionell Kiropraktik,malmo-kiropraktorklinik,556665-7366,malmo,Malmö,Malmö,"Regementsgatan 14, 211 45 Malmö",040-611 22 23,https://malmokiropraktorklinik.se/,https://www.bokadirekt.se/places/malmo-kiropraktorklinik-funktionell-kiropraktik-44900,bokadirekt,4.8,1541,kiropraktor|massage,funktionell kiropraktik|Gonstead|akupunktur
Colt Sweeten,Medicinsk massageterapeut,Massage / Massör,Colt Sweeten (Medicinsk massageterapeut),Malmö Medical Massage,malmo-medical-massage,,malmo,Malmö,Malmö,"Norra Skolgatan 19, 211 52 Malmö",073-876 16 XX,,https://www.bokadirekt.se/places/malmo-medical-massage-19399,bokadirekt,4.7,786,massage,
Mårten Mulder,Leg. naprapat,Naprapat,Mårten Mulder (Leg. naprapat),Mårten Mulder Naprapatklinik,marten-mulder-naprapatklinik,556975-7148,malmo,Malmö,Malmö,"Storgatan 5, 211 41 Malmö",040-608 60 00 / 076-323 77 87,,,,0,0,naprapat,
Pauline Bürgermeister,Massageterapeut,Massage / Massör,Pauline Bürgermeister (Massageterapeut),Massagerummet,massagerummet-malmo,,malmo,Malmö,Malmö,"Stora Trädgårdsgatan 3D, 211 28 Malmö",073-511 26 XX,,https://www.bokadirekt.se/places/massagerummet-18173,bokadirekt,5,195,massage,
Rachid Toufik,Massageterapeut,Massage / Massör,Rachid Toufik (Massageterapeut),Massagerummet,massagerummet-malmo,,malmo,Malmö,Malmö,"Stora Trädgårdsgatan 3D, 211 28 Malmö",073-511 26 XX,,https://www.bokadirekt.se/places/massagerummet-18173,bokadirekt,5,195,massage,
Kristoffer,naprapat,Naprapat,Kristoffer (naprapat),Naprapatcentrum Malmö,naprapatcentrum-malmo,,malmo,Malmö,Malmö,"Stora Kvarngatan 32 (hos ByAmi), 211 29 Malmö",076-311 71 60 (sms),https://naprapatcentrum.com/,https://naprapatcentrum.com/onlinebokning,egen,4.7,24,naprapat|massage,stötvåg|dry needling|koppning|idrottsmassage
Rodrigo C. Torres,Medicinsk massageterapeut,Massage / Massör,Rodrigo C. Torres (Medicinsk massageterapeut),RCT-Kliniken (RootCause Treatments),rct-kliniken,,malmo,Malmö,Malmö,"Regementsgatan 14, 211 45 Malmö",073-340 77 XX,,https://www.bokadirekt.se/places/rct-kliniken-rootcause-treatments-medicinsk-massage-kroppsterapi-rehab-friskvard-halsa-50464,bokadirekt,4.9,57,massage,
Jonathan Bengtsson,Osteopat B.Sc & Muskuloskeletal sonograf,Behandlare / Övrig,Jonathan Bengtsson (Osteopat B.Sc & Muskuloskeletal sonograf),Redhawkskliniken Hyllie,redhawkskliniken-hyllie,,malmo,Malmö,Malmö,"Hyllie Boulevard 22 (Malmö Arena-området), 215 32 Malmö",076-79 72 700,https://redhawkskliniken.com/,https://kaddio.com/c/redhawkskliniken,kaddio,0,0,naprapat|osteopati|massage|fysioterapi,
Ludvig Omdal Persson (Leg. fysioterapeut MSK Sonographer) + naprapat,,Naprapat,Ludvig Omdal Persson (Leg. fysioterapeut MSK Sonographer) + naprapat,Redhawkskliniken Hyllie,redhawkskliniken-hyllie,,malmo,Malmö,Malmö,"Hyllie Boulevard 22 (Malmö Arena-området), 215 32 Malmö",076-79 72 700,https://redhawkskliniken.com/,https://kaddio.com/c/redhawkskliniken,kaddio,0,0,naprapat|osteopati|massage|fysioterapi,
JOanna Kolström,Leg. kiropraktor,Kiropraktor,JOanna Kolström (Leg. kiropraktor),RMV Kiropraktik,rmv-kiropraktik,556889-0650,malmo,Malmö,Malmö,"Skeppsbron 5, 211 20 Malmö",040-93 93 13,https://www.bokadirekt.se/places/rmv-kiropraktik-8892,https://www.bokadirekt.se/places/rmv-kiropraktik-8892,bokadirekt,4.9,696,kiropraktor,
Patrick Larsson,Leg. naprapat,Naprapat,Patrick Larsson (Leg. naprapat),RyggAkuten Malmö,ryggakuten-malmo,556497-2502,malmo,Malmö,Malmö,"Baltzarsgatan 25 4tr, 211 36 Malmö",040-30 55 50,https://ryggakuten.com/,https://ryggakuten.com/onlinebokning/,egen,5,167,naprapat|kiropraktor,akut ryggskott|nackspärr|idrottsskador
Kicki Larsson,Leg. naprapat,Naprapat,Kicki Larsson (Leg. naprapat),RyggAkuten Malmö,ryggakuten-malmo,556497-2502,malmo,Malmö,Malmö,"Baltzarsgatan 25 4tr, 211 36 Malmö",040-30 55 50,https://ryggakuten.com/,https://ryggakuten.com/onlinebokning/,egen,5,167,naprapat|kiropraktor,akut ryggskott|nackspärr|idrottsskador
Mathias Deltner,Leg. naprapat,Naprapat,Mathias Deltner (Leg. naprapat),Smood City,smood-city,556846-7533,malmo,Malmö,Malmö,"Föreningsgatan 26, 211 52 Malmö",040-30 15 90,https://www.smood.se/,,egen,4.9,300,naprapat|massage,naprapati|idrottsmassage
Krister Sellman,Leg. naprapat,Naprapat,Krister Sellman (Leg. naprapat),Smood City,smood-city,556846-7533,malmo,Malmö,Malmö,"Föreningsgatan 26, 211 52 Malmö",040-30 15 90,https://www.smood.se/,,egen,4.9,300,naprapat|massage,naprapati|idrottsmassage
My Törnqvist,Leg. Naprapat,Naprapat,My Törnqvist (Leg. Naprapat),Smood City,smood-city,556846-7533,malmo,Malmö,Malmö,"Föreningsgatan 26, 211 52 Malmö",040-30 15 90,https://www.smood.se/,,egen,4.9,300,naprapat|massage,naprapati|idrottsmassage
Elisabeth Häggman,Leg. Naprapat,Naprapat,Elisabeth Häggman (Leg. Naprapat),Smood City,smood-city,556846-7533,malmo,Malmö,Malmö,"Föreningsgatan 26, 211 52 Malmö",040-30 15 90,https://www.smood.se/,,egen,4.9,300,naprapat|massage,naprapati|idrottsmassage
Christopher Soós,Naprapat,Naprapat,Christopher Soós (Naprapat),Smood City,smood-city,556846-7533,malmo,Malmö,Malmö,"Föreningsgatan 26, 211 52 Malmö",040-30 15 90,https://www.smood.se/,,egen,4.9,300,naprapat|massage,naprapati|idrottsmassage
Rebecca Laserna,Medicinsk massageterapeut,Massage / Massör,Rebecca Laserna (Medicinsk massageterapeut),Smood City,smood-city,556846-7533,malmo,Malmö,Malmö,"Föreningsgatan 26, 211 52 Malmö",040-30 15 90,https://www.smood.se/,,egen,4.9,300,naprapat|massage,naprapati|idrottsmassage
Amela Bajramovic,Leg. Naprapat,Naprapat,Amela Bajramovic (Leg. Naprapat),Smood City,smood-city,556846-7533,malmo,Malmö,Malmö,"Föreningsgatan 26, 211 52 Malmö",040-30 15 90,https://www.smood.se/,,egen,4.9,300,naprapat|massage,naprapati|idrottsmassage
Konstantin Zorbas,Leg. naprapat,Naprapat,Konstantin Zorbas (Leg. naprapat),Smood Hyllie,smood-hyllie,559140-0477,malmo,Malmö,Malmö,"Hyllie Boulevard 21, 215 23 Malmö",040-62 00 750,https://www.smood.se/,,egen,0,0,naprapat|massage,
Rebecca Burri,Leg. naprapat,Naprapat,Rebecca Burri (Leg. naprapat),Smood Hyllie,smood-hyllie,559140-0477,malmo,Malmö,Malmö,"Hyllie Boulevard 21, 215 23 Malmö",040-62 00 750,https://www.smood.se/,,egen,0,0,naprapat|massage,
Olof Lancing,Leg. naprapat,Naprapat,Olof Lancing (Leg. naprapat),Smood Västra Hamnen,smood-vastra-hamnen,,malmo,Malmö,Malmö,"Lovartsgatan 10, 211 19 Malmö",040-30 18 32,https://www.smood.se/,,egen,0,0,naprapat|massage,
Emma Liljeros,Leg. naprapat,Naprapat,Emma Liljeros (Leg. naprapat),Smood Västra Hamnen,smood-vastra-hamnen,,malmo,Malmö,Malmö,"Lovartsgatan 10, 211 19 Malmö",040-30 18 32,https://www.smood.se/,,egen,0,0,naprapat|massage,
Christoffer,"Massageterapeut, PT",Massage / Massör,"Christoffer (Massageterapeut, PT)",Strajv Hälsostudio Limhamn,strajv-halsostudio-limhamn,,malmo,Malmö,Malmö,"Järnvägsgatan 24, 216 14 Limhamn",070-998 96 XX,,https://www.bokadirekt.se/places/strajv-halsostudio-57321,bokadirekt,4.9,85,massage,
Linda,Cert. medicinsk massageterapeut & lic. PT,Massage / Massör,Linda (Cert. medicinsk massageterapeut & lic. PT),Strajv Hälsostudio Limhamn,strajv-halsostudio-limhamn,,malmo,Malmö,Malmö,"Järnvägsgatan 24, 216 14 Limhamn",070-998 96 XX,,https://www.bokadirekt.se/places/strajv-halsostudio-57321,bokadirekt,4.9,85,massage,
Marius Helstad,Leg. kiropraktor,Kiropraktor,Marius Helstad (Leg. kiropraktor),The Clinic Malmö Kirseberg,the-clinic-kirseberg,,malmo,Malmö,Malmö,"Vattenverksvägen 47, 212 43 Malmö",040-615 20 90,https://theclinic.se/,,egen,4.9,692,naprapat|kiropraktor|massage,
Eddie Lu,Leg. kiropraktor,Kiropraktor,Eddie Lu (Leg. kiropraktor),The Clinic Malmö Kirseberg,the-clinic-kirseberg,,malmo,Malmö,Malmö,"Vattenverksvägen 47, 212 43 Malmö",040-615 20 90,https://theclinic.se/,,egen,4.9,692,naprapat|kiropraktor|massage,
Heléne Möller,Leg. kiropraktor,Kiropraktor,Heléne Möller (Leg. kiropraktor),The Clinic Malmö Kirseberg,the-clinic-kirseberg,,malmo,Malmö,Malmö,"Vattenverksvägen 47, 212 43 Malmö",040-615 20 90,https://theclinic.se/,,egen,4.9,692,naprapat|kiropraktor|massage,
Peter Hallengren,Leg. naprapat,Naprapat,Peter Hallengren (Leg. naprapat),The Clinic Malmö Kirseberg,the-clinic-kirseberg,,malmo,Malmö,Malmö,"Vattenverksvägen 47, 212 43 Malmö",040-615 20 90,https://theclinic.se/,,egen,4.9,692,naprapat|kiropraktor|massage,
Malin Broman,Leg. naprapat,Naprapat,Malin Broman (Leg. naprapat),The Clinic Malmö Kirseberg,the-clinic-kirseberg,,malmo,Malmö,Malmö,"Vattenverksvägen 47, 212 43 Malmö",040-615 20 90,https://theclinic.se/,,egen,4.9,692,naprapat|kiropraktor|massage,
Martin Hammar,Cert. medicinsk massageterapeut,Massage / Massör,Martin Hammar (Cert. medicinsk massageterapeut),The Clinic Malmö Kirseberg,the-clinic-kirseberg,,malmo,Malmö,Malmö,"Vattenverksvägen 47, 212 43 Malmö",040-615 20 90,https://theclinic.se/,,egen,4.9,692,naprapat|kiropraktor|massage,
Felicia Melin,Cert. medicinsk massageterapeut,Massage / Massör,Felicia Melin (Cert. medicinsk massageterapeut),The Clinic Malmö Kirseberg,the-clinic-kirseberg,,malmo,Malmö,Malmö,"Vattenverksvägen 47, 212 43 Malmö",040-615 20 90,https://theclinic.se/,,egen,4.9,692,naprapat|kiropraktor|massage,
Anna Ståhl,Leg. fysioterapeut,Fysioterapeut,Anna Ståhl (Leg. fysioterapeut),The Clinic Malmö Kirseberg,the-clinic-kirseberg,,malmo,Malmö,Malmö,"Vattenverksvägen 47, 212 43 Malmö",040-615 20 90,https://theclinic.se/,,egen,4.9,692,naprapat|kiropraktor|massage,
Sofie Ohlsson,Leg. fysioterapeut,Fysioterapeut,Sofie Ohlsson (Leg. fysioterapeut),The Clinic Malmö Kirseberg,the-clinic-kirseberg,,malmo,Malmö,Malmö,"Vattenverksvägen 47, 212 43 Malmö",040-615 20 90,https://theclinic.se/,,egen,4.9,692,naprapat|kiropraktor|massage,
Soheil Ebrahimnia,Specialistläkare Ortopedi,Läkare,Soheil Ebrahimnia (Specialistläkare Ortopedi),The Clinic Malmö Nyhamnen,the-clinic-nyhamnen,,malmo,Malmö,Malmö,"Carlsgatan 14, 211 20 Malmö (ingång Mercuriigatan 2)",040-615 20 90,https://theclinic.se/,,egen,0,0,naprapat|kiropraktor|massage,kiropraktik|naprapati|fysioterapi|stötvåg|ultraljud
Benjamin Olsson,Leg. kiropraktor,Kiropraktor,Benjamin Olsson (Leg. kiropraktor),The Clinic Malmö Nyhamnen,the-clinic-nyhamnen,,malmo,Malmö,Malmö,"Carlsgatan 14, 211 20 Malmö (ingång Mercuriigatan 2)",040-615 20 90,https://theclinic.se/,,egen,0,0,naprapat|kiropraktor|massage,kiropraktik|naprapati|fysioterapi|stötvåg|ultraljud
Niklas Hollerup,Leg. kiropraktor,Kiropraktor,Niklas Hollerup (Leg. kiropraktor),The Clinic Malmö Nyhamnen,the-clinic-nyhamnen,,malmo,Malmö,Malmö,"Carlsgatan 14, 211 20 Malmö (ingång Mercuriigatan 2)",040-615 20 90,https://theclinic.se/,,egen,0,0,naprapat|kiropraktor|massage,kiropraktik|naprapati|fysioterapi|stötvåg|ultraljud
Andreas Lendenfelt,Naprapat,Naprapat,Andreas Lendenfelt (Naprapat),The Clinic Malmö Nyhamnen,the-clinic-nyhamnen,,malmo,Malmö,Malmö,"Carlsgatan 14, 211 20 Malmö (ingång Mercuriigatan 2)",040-615 20 90,https://theclinic.se/,,egen,0,0,naprapat|kiropraktor|massage,kiropraktik|naprapati|fysioterapi|stötvåg|ultraljud
David Björkman,Naprapat,Naprapat,David Björkman (Naprapat),The Clinic Malmö Nyhamnen,the-clinic-nyhamnen,,malmo,Malmö,Malmö,"Carlsgatan 14, 211 20 Malmö (ingång Mercuriigatan 2)",040-615 20 90,https://theclinic.se/,,egen,0,0,naprapat|kiropraktor|massage,kiropraktik|naprapati|fysioterapi|stötvåg|ultraljud
Tim Frederiksen,Leg. fysioterapeut,Fysioterapeut,Tim Frederiksen (Leg. fysioterapeut),The Clinic Malmö Nyhamnen,the-clinic-nyhamnen,,malmo,Malmö,Malmö,"Carlsgatan 14, 211 20 Malmö (ingång Mercuriigatan 2)",040-615 20 90,https://theclinic.se/,,egen,0,0,naprapat|kiropraktor|massage,kiropraktik|naprapati|fysioterapi|stötvåg|ultraljud
Maja Elmir,Medicinsk massageterapeut,Massage / Massör,Maja Elmir (Medicinsk massageterapeut),The Clinic Malmö Nyhamnen,the-clinic-nyhamnen,,malmo,Malmö,Malmö,"Carlsgatan 14, 211 20 Malmö (ingång Mercuriigatan 2)",040-615 20 90,https://theclinic.se/,,egen,0,0,naprapat|kiropraktor|massage,kiropraktik|naprapati|fysioterapi|stötvåg|ultraljud
Björn Jönsson,Leg. naprapat,Naprapat,Björn Jönsson (Leg. naprapat),Tre Kotor Naprapatmottagning,tre-kotor-naprapatmottagning,559351-8060,malmo,Malmö,Malmö,"Celsiusgatan 31, 212 14 Malmö",040-97 66 33,https://trekotor.se/,,egen,0,0,naprapat|massage,
Nicolai Thome,Leg. naprapat,Naprapat,Nicolai Thome (Leg. naprapat),Tre Kotor Naprapatmottagning,tre-kotor-naprapatmottagning,559351-8060,malmo,Malmö,Malmö,"Celsiusgatan 31, 212 14 Malmö",040-97 66 33,https://trekotor.se/,,egen,0,0,naprapat|massage,
Kristin Nimby,Leg. naprapat,Naprapat,Kristin Nimby (Leg. naprapat),Tre Kotor Naprapatmottagning,tre-kotor-naprapatmottagning,559351-8060,malmo,Malmö,Malmö,"Celsiusgatan 31, 212 14 Malmö",040-97 66 33,https://trekotor.se/,,egen,0,0,naprapat|massage,
Sebastian Leyton,"Medicinsk massageterapeut, S&C coach",Massage / Massör,"Sebastian Leyton (Medicinsk massageterapeut, S&C coach)",Värkstan (Prestation & Hälsa),varkstan-malmo,559246-4886,malmo,Malmö,Malmö,"World Trade Center, Skeppsgatan 19, 211 11 Malmö",070-779 15 01,https://www.varkstan.se/,,egen,0,0,massage|fysioterapi,
Gonzalo Uvelius,Leg. fysioterapeut OMT,Fysioterapeut,Gonzalo Uvelius (Leg. fysioterapeut OMT),Värkstan (Prestation & Hälsa),varkstan-malmo,559246-4886,malmo,Malmö,Malmö,"World Trade Center, Skeppsgatan 19, 211 11 Malmö",070-779 15 01,https://www.varkstan.se/,,egen,0,0,massage|fysioterapi,
Jonas Satiya,Cert. Massör,Massage / Massör,Jonas Satiya (Cert. Massör),Leo Massage,leo-massage,,norrkoping,Norrköping,Norrköping,"Repslagaregatan 15, 602 25 Norrköping",070-916 15 XX,,https://www.bokadirekt.se/places/leo-massage-30770,bokadirekt,0,0,massage,thai oljemassage|behandlingsmassage|idrottsmassage
Olle Holmertz,Leg. Naprapat,Naprapat,Olle Holmertz (Leg. Naprapat),Naprapateliten,naprapateliten,559355-4438,norrkoping,Norrköping,Norrköping,"Lundatorpsvägen 3, 602 13 Norrköping",011-496 43 00,https://naprapateliten.se/,,,0,0,naprapat|kiropraktor|fysioterapi,naprapati|kiropraktik|fysioterapi
Cumhur Kaya,Leg. Fysioterapeut / OMT-specialist,Fysioterapeut,Cumhur Kaya (Leg. Fysioterapeut / OMT-specialist),OMT Kliniken (Cumhur Kaya),omt-kliniken-cumhur-kaya,,norrkoping,Norrköping,Norrköping,"S:t Persgatan 19, 601 86 Norrköping",072-00 60 460,https://www.omtkliniken.se/,,,0,0,fysioterapi,omt|idrottsskador|fysioterapi
Thom Dingsten Hellberg,Cert. Massageterapeut & Lotorpsterapeut,Massage / Massör,Thom Dingsten Hellberg (Cert. Massageterapeut & Lotorpsterapeut),TDH´s Massage,tdhs-massage,,norrkoping,Norrköping,Norrköping,"Fjärilsgatan 21, 603 61 Norrköping",070-255 97 XX,https://www.tdhs.se,https://www.bokadirekt.se/places/tdhs-massage-11848,bokadirekt,0,0,massage,klassisk massage
Louise Lindén,Cert. Massageterapeut,Massage / Massör,Louise Lindén (Cert. Massageterapeut),ZonA by Louise,zona-by-louise,,norrkoping,Norrköping,Norrköping,"Skarphagsgatan 29, 603 64 Norrköping",073-698 85 XX,,https://www.bokadirekt.se/places/zona-by-louise-40248,bokadirekt,0,0,massage,massage|lymfmassage|zonterapi
Jenny Carlsson,Leg. Fysioterapeut,Fysioterapeut,Jenny Carlsson (Leg. Fysioterapeut),JC Fysio (Jenny Carlsson),jc-fysio-jenny-carlsson,,orebro,Örebro,Örebro,"Idrottsvägen 31B, 702 32 Örebro",076-008 68 58,https://www.jcfysio.se,,,0,0,fysioterapi,fysioterapi
A. Marklund,Leg. Fysioterapeut,Fysioterapeut,A. Marklund (Leg. Fysioterapeut),A. Marklund Fysioterapi AB,a-marklund-fysioterapi-ab,559034-5269,stockholm,Stockholm,Stockholm,"Lustgårdsgatan 16, 112 51 Stockholm",,,,,4.8,67,fysioterapeut,Fysioterapi
Johanna Hellgren,Leg. Naprapat,Naprapat,Johanna Hellgren (Leg. Naprapat),Access Rehab Naprapat & Sjukgymnast i Hammarby Sjöstad,access-rehab-naprapat-och-sjukgymnast-i-hammarby-sjostad,,stockholm,Stockholm,Stockholm,"Hammarby allé 150, 120 66 Stockholm",010-202 30 20,https://www.accessrehab.se,,,4.7,89,naprapat,naprapati|fysioterapi|kiropraktik|idrottsskador|Nack- och ryggsmärta|Graviditetsbesvär
Robin Berglind,Leg. Naprapat,Naprapat,Robin Berglind (Leg. Naprapat),Access Rehab Naprapat & Sjukgymnast i Hammarby Sjöstad,access-rehab-naprapat-och-sjukgymnast-i-hammarby-sjostad,,stockholm,Stockholm,Stockholm,"Hammarby allé 150, 120 66 Stockholm",010-202 30 20,https://www.accessrehab.se,,,4.7,89,naprapat,naprapati|fysioterapi|kiropraktik|idrottsskador|Nack- och ryggsmärta|Graviditetsbesvär
Filip Danielsson,Leg. Naprapat,Naprapat,Filip Danielsson (Leg. Naprapat),Access Rehab Naprapat & Sjukgymnast i Hammarby Sjöstad,access-rehab-naprapat-och-sjukgymnast-i-hammarby-sjostad,,stockholm,Stockholm,Stockholm,"Hammarby allé 150, 120 66 Stockholm",010-202 30 20,https://www.accessrehab.se,,,4.7,89,naprapat,naprapati|fysioterapi|kiropraktik|idrottsskador|Nack- och ryggsmärta|Graviditetsbesvär
Erik Persson,Naprapat,Naprapat,Erik Persson (Naprapat),Access Rehab Naprapat & Sjukgymnast i Hammarby Sjöstad,access-rehab-naprapat-och-sjukgymnast-i-hammarby-sjostad,,stockholm,Stockholm,Stockholm,"Hammarby allé 150, 120 66 Stockholm",010-202 30 20,https://www.accessrehab.se,,,4.7,89,naprapat,naprapati|fysioterapi|kiropraktik|idrottsskador|Nack- och ryggsmärta|Graviditetsbesvär
Nina Gustafsson,Leg. Sjukgymnast,Fysioterapeut,Nina Gustafsson (Leg. Sjukgymnast),Access Rehab Naprapat & Sjukgymnast i Hammarby Sjöstad,access-rehab-naprapat-och-sjukgymnast-i-hammarby-sjostad,,stockholm,Stockholm,Stockholm,"Hammarby allé 150, 120 66 Stockholm",010-202 30 20,https://www.accessrehab.se,,,4.7,89,naprapat,naprapati|fysioterapi|kiropraktik|idrottsskador|Nack- och ryggsmärta|Graviditetsbesvär
Adam Mosa,Leg. Naprapat,Naprapat,Adam Mosa (Leg. Naprapat),Adam Kotknackare - Naprapat Stockholm,adam-kotknackare-naprapat-stockholm,559227-1786,stockholm,Stockholm,Stockholm,"Torsgatan 36, 113 62 Stockholm",08-30 56 00,https://www.adamkotknackare.se/,,,4.9,697,naprapat,idrottsskador|nackbesvär|ryggskott|Nack- och ryggsmärta|Whiplash|Ischias|Löparskador
Mathias Neeraas,Leg. Naprapat,Naprapat,Mathias Neeraas (Leg. Naprapat),Adam Kotknackare - Naprapat Stockholm,adam-kotknackare-naprapat-stockholm,559227-1786,stockholm,Stockholm,Stockholm,"Torsgatan 36, 113 62 Stockholm",08-30 56 00,https://www.adamkotknackare.se/,,,4.9,697,naprapat,idrottsskador|nackbesvär|ryggskott|Nack- och ryggsmärta|Whiplash|Ischias|Löparskador
Samuel Bälter,Leg. Naprapat,Naprapat,Samuel Bälter (Leg. Naprapat),Agilokliniken - Naprapat Stockholm City,agilokliniken-naprapat-stockholm-city,,stockholm,Stockholm,Stockholm,"Västra Järnvägsgatan 13, 111 64 Stockholm",08-21 99 29,https://agilokliniken.se,https://agilokliniken.se/boka-tid-naprapat/,egen,4.8,66,naprapat,naprapati|stötvågsbehandling|laserbehandling|idrottsskador|Nack- och ryggsmärta|Medicinsk akupunktur
Wilma Lie,"Leg. Fysioterapeut, Klinikchef",Fysioterapeut,"Wilma Lie (Leg. Fysioterapeut, Klinikchef)",Agilokliniken - Naprapat Stockholm City,agilokliniken-naprapat-stockholm-city,,stockholm,Stockholm,Stockholm,"Västra Järnvägsgatan 13, 111 64 Stockholm",08-21 99 29,https://agilokliniken.se,https://agilokliniken.se/boka-tid-naprapat/,egen,4.8,66,naprapat,naprapati|stötvågsbehandling|laserbehandling|idrottsskador|Nack- och ryggsmärta|Medicinsk akupunktur
Carolina Michels,Leg. Naprapat,Naprapat,Carolina Michels (Leg. Naprapat),Agilokliniken - Naprapat Stockholm City,agilokliniken-naprapat-stockholm-city,,stockholm,Stockholm,Stockholm,"Västra Järnvägsgatan 13, 111 64 Stockholm",08-21 99 29,https://agilokliniken.se,https://agilokliniken.se/boka-tid-naprapat/,egen,4.8,66,naprapat,naprapati|stötvågsbehandling|laserbehandling|idrottsskador|Nack- och ryggsmärta|Medicinsk akupunktur
Kristoffer Eriksson,Leg. Naprapat,Naprapat,Kristoffer Eriksson (Leg. Naprapat),Agilokliniken Hagastaden (Torsplan),agilokliniken-hagastaden-torsplan,,stockholm,Stockholm,Stockholm,"Solnavägen 3, G, 113 63 Stockholm",08-872007,https://agilokliniken.se/,,,5,44,naprapat,stötvågsbehandling|idrottsskador|senskador|ryggbesvär|Nack- och ryggsmärta|Medicinsk akupunktur
Patrik Sundström,Leg. Naprapat,Naprapat,Patrik Sundström (Leg. Naprapat),Agilokliniken Hagastaden (Torsplan),agilokliniken-hagastaden-torsplan,,stockholm,Stockholm,Stockholm,"Solnavägen 3, G, 113 63 Stockholm",08-872007,https://agilokliniken.se/,,,5,44,naprapat,stötvågsbehandling|idrottsskador|senskador|ryggbesvär|Nack- och ryggsmärta|Medicinsk akupunktur
Hampus Donnerheim,Leg. Naprapat,Naprapat,Hampus Donnerheim (Leg. Naprapat),Agilokliniken Hagastaden (Torsplan),agilokliniken-hagastaden-torsplan,,stockholm,Stockholm,Stockholm,"Solnavägen 3, G, 113 63 Stockholm",08-872007,https://agilokliniken.se/,,,5,44,naprapat,stötvågsbehandling|idrottsskador|senskador|ryggbesvär|Nack- och ryggsmärta|Medicinsk akupunktur
Mats Larsson,Leg. naprapat,Naprapat,Mats Larsson (Leg. naprapat),"Aktiv Hälsa, Naprapat Sollentuna Rackethall",aktiv-halsa-naprapat-sollentuna-rackethall,,stockholm,Sollentuna,Sollentuna,"Stubbhagsvägen 6, 192 51 Sollentuna",073-969 33 87,https://naprapatsollentunarackethall.se/,https://naprapatsollentunarackethall.se/booking/,egen,5,63,naprapat|massage,idrottsmedicin|idrottsrehabilitering|stötvågsbehandling|personlig träning|Idrottsskador|Kontorsrelaterade besvär|Nack- och ryggsmärta
Anna Edström,Leg. Fysioterapeut,Fysioterapeut,Anna Edström (Leg. Fysioterapeut),Anna Edströms Fysioterapi AB,anna-edstroms-fysioterapi-ab,559176-5309,stockholm,Täby,Täby,"Grindtorps Skolgränd 24, 183 47 Täby",070-351 31 27,,,,4.8,87,fysioterapeut,Fysioterapi
Magnus Hård,Leg. naprapat,Naprapat,Magnus Hård (Leg. naprapat),Arninge Rehab & Friskvård,arninge-rehab-och-friskvard,,stockholm,Täby,Täby,"Saluvägen 1, 187 66 Täby",070-589 17 04,https://www.arningerehab.se/,https://www.bokadirekt.se/places/arninge-rehab-friskvard-5604,bokadirekt,4.9,48,naprapat|massage,idrottsskador|idrottsmedicin|rehabilitering|dry needling|Käkbesvär (TMD)|Kontorsrelaterade besvär
Tommie Sandell,Naprapat,Naprapat,Tommie Sandell (Naprapat),Arninge Rehab & Friskvård,arninge-rehab-och-friskvard,,stockholm,Täby,Täby,"Saluvägen 1, 187 66 Täby",070-589 17 04,https://www.arningerehab.se/,https://www.bokadirekt.se/places/arninge-rehab-friskvard-5604,bokadirekt,4.9,48,naprapat|massage,idrottsskador|idrottsmedicin|rehabilitering|dry needling|Käkbesvär (TMD)|Kontorsrelaterade besvär
Björn Hermansson,"Leg. Naprapat, Master i Naprapati & Hälsa",Naprapat,"Björn Hermansson (Leg. Naprapat, Master i Naprapati & Hälsa)",Athletic Medicine,athletic-medicine,,stockholm,Stockholm,Stockholm,"Hornsgatan 74, 118 21 Stockholm",072 222 37 95,http://athleticmedicine.se,,,5,31,naprapat,naprapati|idrottsskador|personlig träning|rehabilitering|Löparskador
Anton Öhman,Leg. Naprapat,Naprapat,Anton Öhman (Leg. Naprapat),Behandling A-Ö Naprapati,behandling-a-o-naprapati,559250-5316,stockholm,Stockholm,Stockholm,"Odengatan 106, 113 22 Stockholm",073-229 50 03,https://aobehandling.se/,,,5,75,naprapat|massage,ryggbesvär|nackbesvär|tennisarmbåge|Nack- och ryggsmärta|Idrottsskador|Huvudvärk|Kontorsrelaterade besvär
Bertil,Leg. Fysioterapeut,Fysioterapeut,Bertil (Leg. Fysioterapeut),Bertil Fysioterapeut / Fysioteamet Stockholm,bertil-fysioterapeut-fysioteamet-stockholm,,stockholm,Johanneshov,Stockholm,"Slakthusplan 2, 121 62 Johanneshov",08-686 06 80,https://www.bertilfysio.com/,,,4.8,44,fysioterapeut,Idrottsmedicin|Barn/ungdom
Camilla Westling,Leg. Naprapat,Naprapat,Camilla Westling (Leg. Naprapat),Camilla Westling Leg Naprapat AB,camilla-westling-leg-naprapat-ab,556870-7201,stockholm,Stockholm,Stockholm,"Götgatan 60, 118 26 Stockholm",070-930 14 86,https://www.naprapatwestling.se,https://naprapatwestling.bokamera.se/book,egen,4.9,57,naprapat,naprapati|laser|ergonomi
Anders Benktander,Leg. Naprapat,Naprapat,Anders Benktander (Leg. Naprapat),City Naprapaterna,city-naprapaterna,559292-5308,stockholm,Stockholm,Stockholm,"Västmannagatan 16, 113 60 Stockholm",08-30 60 79,https://citynaprapaterna.se/,,,5,143,naprapat,nackbesvär|ryggbesvär|idrottsskador|akupunktur|Nack- och ryggsmärta|Huvudvärk|Ischias
Daniel Holmström,Leg. Naprapat,Naprapat,Daniel Holmström (Leg. Naprapat),City Naprapaterna,city-naprapaterna,559292-5308,stockholm,Stockholm,Stockholm,"Västmannagatan 16, 113 60 Stockholm",08-30 60 79,https://citynaprapaterna.se/,,,5,143,naprapat,nackbesvär|ryggbesvär|idrottsskador|akupunktur|Nack- och ryggsmärta|Huvudvärk|Ischias
Sofia Rosendahl,Leg. Naprapat,Naprapat,Sofia Rosendahl (Leg. Naprapat),City Naprapaterna,city-naprapaterna,559292-5308,stockholm,Stockholm,Stockholm,"Västmannagatan 16, 113 60 Stockholm",08-30 60 79,https://citynaprapaterna.se/,,,5,143,naprapat,nackbesvär|ryggbesvär|idrottsskador|akupunktur|Nack- och ryggsmärta|Huvudvärk|Ischias
Ursula Wecke,Leg. Naprapat,Naprapat,Ursula Wecke (Leg. Naprapat),City Naprapaterna,city-naprapaterna,559292-5308,stockholm,Stockholm,Stockholm,"Västmannagatan 16, 113 60 Stockholm",08-30 60 79,https://citynaprapaterna.se/,,,5,143,naprapat,nackbesvär|ryggbesvär|idrottsskador|akupunktur|Nack- och ryggsmärta|Huvudvärk|Ischias
Margareta Runmon-Hasselgren,Leg. Naprapat,Naprapat,Margareta Runmon-Hasselgren (Leg. Naprapat),City Naprapaterna,city-naprapaterna,559292-5308,stockholm,Stockholm,Stockholm,"Västmannagatan 16, 113 60 Stockholm",08-30 60 79,https://citynaprapaterna.se/,,,5,143,naprapat,nackbesvär|ryggbesvär|idrottsskador|akupunktur|Nack- och ryggsmärta|Huvudvärk|Ischias
Mats Emilsson,Leg. Naprapat,Naprapat,Mats Emilsson (Leg. Naprapat),City Naprapaterna,city-naprapaterna,559292-5308,stockholm,Stockholm,Stockholm,"Västmannagatan 16, 113 60 Stockholm",08-30 60 79,https://citynaprapaterna.se/,,,5,143,naprapat,nackbesvär|ryggbesvär|idrottsskador|akupunktur|Nack- och ryggsmärta|Huvudvärk|Ischias
Frode Bakken,Leg. kiropraktor,Kiropraktor,Frode Bakken (Leg. kiropraktor),Engelbrekts Kiropraktorcenter,engelbrekts-kiropraktorcenter,556747-4605,stockholm,Stockholm,Stockholm,"Engelbrektsgatan 39, 114 32 Stockholm",08-22 20 90,https://idrottsskadeexperten.se,,,4.9,149,kiropraktik,
Vibeke Veslehaug,,Behandlare / Övrig,Vibeke Veslehaug,Engelbrekts Kiropraktorcenter,engelbrekts-kiropraktorcenter,556747-4605,stockholm,Stockholm,Stockholm,"Engelbrektsgatan 39, 114 32 Stockholm",08-22 20 90,https://idrottsskadeexperten.se,,,4.9,149,kiropraktik,
Martin Erlandsson,Leg. Naprapat,Naprapat,Martin Erlandsson (Leg. Naprapat),Full Funktion - Naprapatklinik,full-funktion-naprapatklinik,,stockholm,Stockholm,Stockholm,"Tegnérgatan 51, 111 61 Stockholm",08-400 26 104,https://fullfunktion.se/,,,4.8,58,naprapat,idrottsskador|ryggbesvär|ortopediska inläggssulor|stötvågsbehandling|Nack- och ryggsmärta|Ischias|Whiplash|Medicinsk akupunktur
Eva H Gustafsson,Leg. Fysioterapeut,Fysioterapeut,Eva H Gustafsson (Leg. Fysioterapeut),Fysioterapi Eva H Gustafsson,fysioterapi-eva-h-gustafsson,,stockholm,Sollentuna,Sollentuna,"Sollentunavägen 163 C, 191 47 Sollentuna",070-546 14 00,,https://www.bokadirekt.se/places/fysioterapi-eva-h-gustafsson-1807,bokadirekt,4.8,50,fysioterapeut,Fysioterapi
Gustav Nordström,Leg. Fysioterapeut,Fysioterapeut,Gustav Nordström (Leg. Fysioterapeut),Gustav Nordström Fysioterapi AB,gustav-nordstrom-fysioterapi-ab,559532-2362,stockholm,Solna,Solna,"Ingrid Bergmans Väg 19, 169 40 Solna",,,,,4.8,38,fysioterapeut,Fysioterapi
Helena Käll,Leg. Fysioterapeut,Fysioterapeut,Helena Käll (Leg. Fysioterapeut),Helena Käll Fysioterapi AB,helena-kall-fysioterapi-ab,556975-2032,stockholm,Täby,Täby,"Margaretavägen 44, 187 74 Täby",073-530 94 10,,,,4.8,91,fysioterapeut,Fysioterapi
Marika Jingblad,Leg. Naprapat,Naprapat,Marika Jingblad (Leg. Naprapat),"Joylife Fysioterapi, Naprapat & Kiropraktor Fridhemsplan",joylife-fysioterapi-naprapat-och-kiropraktor-fridhemsplan,556803-9985,stockholm,Stockholm,Stockholm,"Sankt Eriksgatan 50, 112 34 Stockholm",070-6000 600,https://joylife.se/,,,4.8,123,naprapat|kiropraktor,idrottsskador|ryggbesvär|nackbesvär|Nack- och ryggsmärta
Mikael Jingblad,Leg. Naprapat,Naprapat,Mikael Jingblad (Leg. Naprapat),"Joylife Fysioterapi, Naprapat & Kiropraktor Fridhemsplan",joylife-fysioterapi-naprapat-och-kiropraktor-fridhemsplan,556803-9985,stockholm,Stockholm,Stockholm,"Sankt Eriksgatan 50, 112 34 Stockholm",070-6000 600,https://joylife.se/,,,4.8,123,naprapat|kiropraktor,idrottsskador|ryggbesvär|nackbesvär|Nack- och ryggsmärta
Karin Sunnanbo,Leg. Kiropraktor,Kiropraktor,Karin Sunnanbo (Leg. Kiropraktor),"Joylife Fysioterapi, Naprapat & Kiropraktor Fridhemsplan",joylife-fysioterapi-naprapat-och-kiropraktor-fridhemsplan,556803-9985,stockholm,Stockholm,Stockholm,"Sankt Eriksgatan 50, 112 34 Stockholm",070-6000 600,https://joylife.se/,,,4.8,123,naprapat|kiropraktor,idrottsskador|ryggbesvär|nackbesvär|Nack- och ryggsmärta
Jimmy Kjell,Leg. Fysioterapeut,Fysioterapeut,Jimmy Kjell (Leg. Fysioterapeut),"Joylife Fysioterapi, Naprapat & Kiropraktor Fridhemsplan",joylife-fysioterapi-naprapat-och-kiropraktor-fridhemsplan,556803-9985,stockholm,Stockholm,Stockholm,"Sankt Eriksgatan 50, 112 34 Stockholm",070-6000 600,https://joylife.se/,,,4.8,123,naprapat|kiropraktor,idrottsskador|ryggbesvär|nackbesvär|Nack- och ryggsmärta
Jimmy Kjell,klinikchef,Behandlare / Övrig,Jimmy Kjell (klinikchef),"Joylife Naprapati, Chiropractic and Massage",joylife-naprapati-chiropractic-and-massage,556803-9985,stockholm,Solna,Solna,"Dalvägen 24, 169 79 Solna",070-6000 600,https://joylife.se,https://www.bokadirekt.se/profile-places/joylife-solna-129456,bokadirekt,4.7,127,naprapat|kiropraktor|massage,naprapati|kiropraktik|fysioterapi|idrottsmassage|Kontorsrelaterade besvär|Ischias|Idrottsskador|Nack- och ryggsmärta|Huvudvärk|Stötvågsbehandling
Thobias Ekhamre,Leg. kiropraktor,Kiropraktor,Thobias Ekhamre (Leg. kiropraktor),Kiropraktik Södermalm Terapicenter,sodermalm-terapicenter-kiropraktik,559066-7217,stockholm,Stockholm,Stockholm,"Hornsgatan 108, 117 26 Stockholm",076-213 53 00,https://www.sodermalmterapicenter.com,,,4.8,1996,"kiropraktik,massage,naprapati",
Mehran Karimkhani,Leg. kiropraktor,Kiropraktor,Mehran Karimkhani (Leg. kiropraktor),Kiropraktik Södermalm Terapicenter,sodermalm-terapicenter-kiropraktik,559066-7217,stockholm,Stockholm,Stockholm,"Hornsgatan 108, 117 26 Stockholm",076-213 53 00,https://www.sodermalmterapicenter.com,,,4.8,1996,"kiropraktik,massage,naprapati",
Marcus,,Behandlare / Övrig,Marcus,Kiropraktorvård Stockholm Kungsholmen,kiropraktorvard-stockholm-kungsholmen,,stockholm,Stockholm,Stockholm,"Sankt Eriksgatan 37A, 112 34 Stockholm",08-502 35 426,https://kiropraktorvard.se,,,5,222,"kiropraktik,massage",
Martin,,Behandlare / Övrig,Martin,Kiropraktorvård Stockholm Kungsholmen,kiropraktorvard-stockholm-kungsholmen,,stockholm,Stockholm,Stockholm,"Sankt Eriksgatan 37A, 112 34 Stockholm",08-502 35 426,https://kiropraktorvard.se,,,5,222,"kiropraktik,massage",
Emelie,Leg. kiropraktorer,Kiropraktor,Emelie (Leg. kiropraktorer),Kiropraktorvård Stockholm Kungsholmen,kiropraktorvard-stockholm-kungsholmen,,stockholm,Stockholm,Stockholm,"Sankt Eriksgatan 37A, 112 34 Stockholm",08-502 35 426,https://kiropraktorvard.se,,,5,222,"kiropraktik,massage",
Henri Kallastu,Leg. Naprapat,Naprapat,Henri Kallastu (Leg. Naprapat),Kroppex Norra Djurgårdsstaden - Naprapat,kroppex-norra-djurgardsstaden-naprapat,559148-5619,stockholm,Stockholm,Stockholm,"Bobergsgatan 57, 115 47 Stockholm",08-744 30 94,https://kroppex.se/kroppex-norra-djurgardsstaden/,https://www.bokadirekt.se/places/kroppex-norra-djurgardsstaden-39929,bokadirekt,5,59,naprapat|massage,naprapati|dry needling|idrottsmassage|rehabilitering|Löparskador|Huvudvärk|Nack- och ryggsmärta|Idrottsskador
Daniel Löfqvist,Leg. Naprapat,Naprapat,Daniel Löfqvist (Leg. Naprapat),Kroppex Odenplan - Naprapat,kroppex-odenplan-naprapat,559148-5619,stockholm,Stockholm,Stockholm,"Odengatan 36, 113 51 Stockholm",08-744 30 94,https://kroppex.se/,https://www.bokadirekt.se/places/kroppex-odenplan-29449,bokadirekt,5,157,naprapat,nackbesvär|ryggbesvär|idrottsskador|dry needling|Löparskador|Huvudvärk
Robert Gaspar,Naprapat,Naprapat,Robert Gaspar (Naprapat),Kroppex Odenplan - Naprapat,kroppex-odenplan-naprapat,559148-5619,stockholm,Stockholm,Stockholm,"Odengatan 36, 113 51 Stockholm",08-744 30 94,https://kroppex.se/,https://www.bokadirekt.se/places/kroppex-odenplan-29449,bokadirekt,5,157,naprapat,nackbesvär|ryggbesvär|idrottsskador|dry needling|Löparskador|Huvudvärk
Ruddy Hernandez,Leg. naprapat,Naprapat,Ruddy Hernandez (Leg. naprapat),Kroppex Solna - Naprapat,kroppex-solna-naprapat,559148-5619,stockholm,Solna,Solna,"Johan Enbergs väg 20, 171 61 Solna",08-744 30 94,https://kroppex.se,https://www.bokadirekt.se/places/kroppex-solna-49310,bokadirekt,5,22,naprapat|massage,naprapati|dry needling|idrottsmassage|akupunktur|Löparskador|Huvudvärk|Nack- och ryggsmärta|Idrottsskador
Suzanne Nay,Leg. kiropraktor,Kiropraktor,Suzanne Nay (Leg. kiropraktor),Kungsholmens Kiropraktik & Rehab,kungsholmens-kiropraktik-rehab,,stockholm,Stockholm,Stockholm,"Sankt Eriksgatan 7, 112 39 Stockholm",,https://www.timecenter.se/kungsholmenskiropraktikrehab/,,,5,180,kiropraktik,
Erica Söderqvist,Leg. naprapat,Naprapat,Erica Söderqvist (Leg. naprapat),Limbra Arenastaden,limbra-arenastaden,,stockholm,Solna,Solna,"Evenemangsgatan 17, 169 79 Solna",010-768 10 30,https://limbra.se,https://limbra.se/kliniker/arenastaden/,egen,4.6,68,naprapat,naprapati|fysioterapi|idrottsskador|stötvågsbehandling|Kontorsrelaterade besvär|Nack- och ryggsmärta|Huvudvärk
Frida Linder,Leg. naprapat,Naprapat,Frida Linder (Leg. naprapat),Limbra Arenastaden,limbra-arenastaden,,stockholm,Solna,Solna,"Evenemangsgatan 17, 169 79 Solna",010-768 10 30,https://limbra.se,https://limbra.se/kliniker/arenastaden/,egen,4.6,68,naprapat,naprapati|fysioterapi|idrottsskador|stötvågsbehandling|Kontorsrelaterade besvär|Nack- och ryggsmärta|Huvudvärk
Karl Hagberg,Leg. naprapat,Naprapat,Karl Hagberg (Leg. naprapat),Limbra Arenastaden,limbra-arenastaden,,stockholm,Solna,Solna,"Evenemangsgatan 17, 169 79 Solna",010-768 10 30,https://limbra.se,https://limbra.se/kliniker/arenastaden/,egen,4.6,68,naprapat,naprapati|fysioterapi|idrottsskador|stötvågsbehandling|Kontorsrelaterade besvär|Nack- och ryggsmärta|Huvudvärk
Kristian Kovanen,Leg. naprapat,Naprapat,Kristian Kovanen (Leg. naprapat),Limbra Arenastaden,limbra-arenastaden,,stockholm,Solna,Solna,"Evenemangsgatan 17, 169 79 Solna",010-768 10 30,https://limbra.se,https://limbra.se/kliniker/arenastaden/,egen,4.6,68,naprapat,naprapati|fysioterapi|idrottsskador|stötvågsbehandling|Kontorsrelaterade besvär|Nack- och ryggsmärta|Huvudvärk
Hanna-Maria Pekola,Leg. fysioterapeut,Fysioterapeut,Hanna-Maria Pekola (Leg. fysioterapeut),Limbra Arenastaden,limbra-arenastaden,,stockholm,Solna,Solna,"Evenemangsgatan 17, 169 79 Solna",010-768 10 30,https://limbra.se,https://limbra.se/kliniker/arenastaden/,egen,4.6,68,naprapat,naprapati|fysioterapi|idrottsskador|stötvågsbehandling|Kontorsrelaterade besvär|Nack- och ryggsmärta|Huvudvärk
Linnéa Zwedberg,Leg. fysioterapeut,Fysioterapeut,Linnéa Zwedberg (Leg. fysioterapeut),Limbra Arenastaden,limbra-arenastaden,,stockholm,Solna,Solna,"Evenemangsgatan 17, 169 79 Solna",010-768 10 30,https://limbra.se,https://limbra.se/kliniker/arenastaden/,egen,4.6,68,naprapat,naprapati|fysioterapi|idrottsskador|stötvågsbehandling|Kontorsrelaterade besvär|Nack- och ryggsmärta|Huvudvärk
Victor Hjelmström,Leg. naprapat,Naprapat,Victor Hjelmström (Leg. naprapat),Limbra Arenastaden,limbra-arenastaden,,stockholm,Solna,Solna,"Evenemangsgatan 17, 169 79 Solna",010-768 10 30,https://limbra.se,https://limbra.se/kliniker/arenastaden/,egen,4.6,68,naprapat,naprapati|fysioterapi|idrottsskador|stötvågsbehandling|Kontorsrelaterade besvär|Nack- och ryggsmärta|Huvudvärk
Daniel Ryholt,Leg. Naprapat,Naprapat,Daniel Ryholt (Leg. Naprapat),Limbra Hornstull,limbra-hornstull,,stockholm,Stockholm,Stockholm,"Verkstadsgatan 2, 117 28 Stockholm",010-768 10 30,https://limbra.se,https://limbra.se/kliniker/hornstull/,egen,4.8,67,naprapat,naprapati|rehabilitering|dry needling|stötvåg|Idrottsskador|Nack- och ryggsmärta|Huvudvärk|Ischias
Anna Hansson,Leg. Naprapat,Naprapat,Anna Hansson (Leg. Naprapat),Limbra Odenplan,limbra-odenplan,,stockholm,Stockholm,Stockholm,"Norrtullsgatan 4, 113 29 Stockholm",010-768 10 30,https://limbra.se/,,,4.7,46,naprapat,nackbesvär|ryggbesvär|idrottsskador|bäckenbesvär|Nack- och ryggsmärta|Huvudvärk|Kontorsrelaterade besvär
Emil Olsson,Leg. Naprapat,Naprapat,Emil Olsson (Leg. Naprapat),Limbra Odenplan,limbra-odenplan,,stockholm,Stockholm,Stockholm,"Norrtullsgatan 4, 113 29 Stockholm",010-768 10 30,https://limbra.se/,,,4.7,46,naprapat,nackbesvär|ryggbesvär|idrottsskador|bäckenbesvär|Nack- och ryggsmärta|Huvudvärk|Kontorsrelaterade besvär
Hampus Nordenström,Leg. Naprapat,Naprapat,Hampus Nordenström (Leg. Naprapat),Limbra Odenplan,limbra-odenplan,,stockholm,Stockholm,Stockholm,"Norrtullsgatan 4, 113 29 Stockholm",010-768 10 30,https://limbra.se/,,,4.7,46,naprapat,nackbesvär|ryggbesvär|idrottsskador|bäckenbesvär|Nack- och ryggsmärta|Huvudvärk|Kontorsrelaterade besvär
Liz Söderman,Leg. Naprapat,Naprapat,Liz Söderman (Leg. Naprapat),Limbra Odenplan,limbra-odenplan,,stockholm,Stockholm,Stockholm,"Norrtullsgatan 4, 113 29 Stockholm",010-768 10 30,https://limbra.se/,,,4.7,46,naprapat,nackbesvär|ryggbesvär|idrottsskador|bäckenbesvär|Nack- och ryggsmärta|Huvudvärk|Kontorsrelaterade besvär
Marie Öijvall,Leg. Naprapat,Naprapat,Marie Öijvall (Leg. Naprapat),Limbra Odenplan,limbra-odenplan,,stockholm,Stockholm,Stockholm,"Norrtullsgatan 4, 113 29 Stockholm",010-768 10 30,https://limbra.se/,,,4.7,46,naprapat,nackbesvär|ryggbesvär|idrottsskador|bäckenbesvär|Nack- och ryggsmärta|Huvudvärk|Kontorsrelaterade besvär
Katrin Hanson,Leg. Naprapat,Naprapat,Katrin Hanson (Leg. Naprapat),Limbra Södermalm SoFo,limbra-sodermalm-sofo,,stockholm,Stockholm,Stockholm,"Kocksgatan 24, 116 24 Stockholm",010-768 10 30,https://limbra.se,https://limbra.se/kliniker/sodermalm/,egen,4.7,66,naprapat,naprapati|idrottsskador|rygg och nacke|kontorsrelaterade besvär|Nack- och ryggsmärta|Huvudvärk
Maja Armandt,Leg. Naprapat,Naprapat,Maja Armandt (Leg. Naprapat),Limbra Södermalm SoFo,limbra-sodermalm-sofo,,stockholm,Stockholm,Stockholm,"Kocksgatan 24, 116 24 Stockholm",010-768 10 30,https://limbra.se,https://limbra.se/kliniker/sodermalm/,egen,4.7,66,naprapat,naprapati|idrottsskador|rygg och nacke|kontorsrelaterade besvär|Nack- och ryggsmärta|Huvudvärk
Mats Armandt,Leg. Naprapat,Naprapat,Mats Armandt (Leg. Naprapat),Limbra Södermalm SoFo,limbra-sodermalm-sofo,,stockholm,Stockholm,Stockholm,"Kocksgatan 24, 116 24 Stockholm",010-768 10 30,https://limbra.se,https://limbra.se/kliniker/sodermalm/,egen,4.7,66,naprapat,naprapati|idrottsskador|rygg och nacke|kontorsrelaterade besvär|Nack- och ryggsmärta|Huvudvärk
Frida Fredriksen,Leg. Naprapat,Naprapat,Frida Fredriksen (Leg. Naprapat),Limbra Södermalm SoFo,limbra-sodermalm-sofo,,stockholm,Stockholm,Stockholm,"Kocksgatan 24, 116 24 Stockholm",010-768 10 30,https://limbra.se,https://limbra.se/kliniker/sodermalm/,egen,4.7,66,naprapat,naprapati|idrottsskador|rygg och nacke|kontorsrelaterade besvär|Nack- och ryggsmärta|Huvudvärk
Jesper Jonsson,Leg. Naprapat,Naprapat,Jesper Jonsson (Leg. Naprapat),Limbra Södermalm SoFo,limbra-sodermalm-sofo,,stockholm,Stockholm,Stockholm,"Kocksgatan 24, 116 24 Stockholm",010-768 10 30,https://limbra.se,https://limbra.se/kliniker/sodermalm/,egen,4.7,66,naprapat,naprapati|idrottsskador|rygg och nacke|kontorsrelaterade besvär|Nack- och ryggsmärta|Huvudvärk
Kjell Gottling,Leg. Naprapat,Naprapat,Kjell Gottling (Leg. Naprapat),Limbra Södermalm SoFo,limbra-sodermalm-sofo,,stockholm,Stockholm,Stockholm,"Kocksgatan 24, 116 24 Stockholm",010-768 10 30,https://limbra.se,https://limbra.se/kliniker/sodermalm/,egen,4.7,66,naprapat,naprapati|idrottsskador|rygg och nacke|kontorsrelaterade besvär|Nack- och ryggsmärta|Huvudvärk
Lisa Hedberg,Leg. Fysioterapeut / Sjukgymnast,Fysioterapeut,Lisa Hedberg (Leg. Fysioterapeut / Sjukgymnast),Lisa Hedberg Sjukgymnastik AB,lisa-hedberg-sjukgymnastik-ab,556982-3932,stockholm,Solna,Solna,"Hasselstigen 6, 169 38 Solna",,,,,4.8,88,fysioterapeut,Fysioterapi
Louise L von Bergen,Leg. Fysioterapeut,Fysioterapeut,Louise L von Bergen (Leg. Fysioterapeut),Louise L von Bergen Fysioterapi AB,louise-l-von-bergen-fysioterapi-ab,556948-2283,stockholm,Täby,Täby,"Södra Catalinagränd 35, 183 68 Täby",,,,,4.8,57,fysioterapeut,Fysioterapi
Tom Gustafsson,Naprapat,Naprapat,Tom Gustafsson (Naprapat),Muskelakuten Östermalm - Naprapat & Massage,muskelakuten-ostermalm-naprapat-och-massage,,stockholm,Stockholm,Stockholm,"Grev Turegatan 35, 114 47 Stockholm",073-080 56 07,https://muskelakutenfmab.se,https://www.bokadirekt.se/places/ostermalm-muskelakuten-129466,bokadirekt,4.9,28,naprapat|massage,naprapati|massage|idrottsskador|ortopediska skoinlägg|Nack- och ryggsmärta|Huvudvärk|Löparskador
Tom Gustafsson,Naprapat,Naprapat,Tom Gustafsson (Naprapat),Muskelakuten Södermalm/Hornstull - Naprapat & Massage,muskelakuten-sodermalm-hornstull-naprapat-och-massage,,stockholm,Stockholm,Stockholm,"Lundagatan 57, 117 28 Stockholm",070-974 63 20,https://muskelakutenfmab.se,https://www.bokadirekt.se/places/sodermalm-hornstull-muskelakuten-55152,bokadirekt,4.8,70,naprapat|massage,naprapati|massage|idrottsskador|ortopediska skoinlägg|Nack- och ryggsmärta|Huvudvärk|Ischias|Medicinsk akupunktur|Dry needling
David,Naprapat,Naprapat,David (Naprapat),Muskelakuten Södermalm/Hornstull - Naprapat & Massage,muskelakuten-sodermalm-hornstull-naprapat-och-massage,,stockholm,Stockholm,Stockholm,"Lundagatan 57, 117 28 Stockholm",070-974 63 20,https://muskelakutenfmab.se,https://www.bokadirekt.se/places/sodermalm-hornstull-muskelakuten-55152,bokadirekt,4.8,70,naprapat|massage,naprapati|massage|idrottsskador|ortopediska skoinlägg|Nack- och ryggsmärta|Huvudvärk|Ischias|Medicinsk akupunktur|Dry needling
Sarah,Naprapat,Naprapat,Sarah (Naprapat),Muskelakuten Södermalm/Hornstull - Naprapat & Massage,muskelakuten-sodermalm-hornstull-naprapat-och-massage,,stockholm,Stockholm,Stockholm,"Lundagatan 57, 117 28 Stockholm",070-974 63 20,https://muskelakutenfmab.se,https://www.bokadirekt.se/places/sodermalm-hornstull-muskelakuten-55152,bokadirekt,4.8,70,naprapat|massage,naprapati|massage|idrottsskador|ortopediska skoinlägg|Nack- och ryggsmärta|Huvudvärk|Ischias|Medicinsk akupunktur|Dry needling
Sarah Westerberg,Leg. naprapat,Naprapat,Sarah Westerberg (Leg. naprapat),Muskelakuten Sundbyberg - Naprapat & Massage,muskelakuten-sundbyberg-naprapat-och-massage,,stockholm,Sundbyberg,Sundbyberg,"Gjuteribacken 13, 172 65 Sundbyberg",070-974 63 20,https://muskelakutenfmab.se,https://www.bokadirekt.se/places/sundbyberg-muskelakuten-60517,bokadirekt,4.9,40,naprapat|massage,naprapati|massage|idrottsmedicin|dry needling|Löparskador|Idrottsskador|Nack- och ryggsmärta|Huvudvärk
Julian Benitez,Leg. naprapat,Naprapat,Julian Benitez (Leg. naprapat),Napractiva - Naprapat Julian Sollentuna,napractiva-naprapat-julian-sollentuna,,stockholm,Sollentuna,Sollentuna,"Aniaraplatsen 2, 3tr, 191 47 Sollentuna",073-101 31 41,https://www.napractiva.se/,,,4.9,56,naprapat|massage,rehabilitering|akupunktur|idrottsmassage|ländryggssmärta|Nack- och ryggsmärta|Ischias|Idrottsskador|Medicinsk akupunktur
Hasse,,Behandlare / Övrig,Hasse,Napraparty,napraparty,,stockholm,Stockholm,Stockholm,"Nybrogatan 71, 114 40 Stockholm",0706 615 627,https://www.napraparty.se/,https://www.napraparty.se/bokning,egen,5,36,naprapat,
Stian Ljosåk,Leg. naprapat,Naprapat,Stian Ljosåk (Leg. naprapat),Naprapat Group Täby Centrum AB,naprapat-group-taby-centrum-ab,556815-4503,stockholm,Täby,Täby,"Stora Marknadsvägen 15, 183 34 Täby",08-39 16 60,https://www.naprapatgruppentaby.se/,https://naprapatgruppentaby.bestille.no/OnCust2/,egen,5,280,naprapat,stötvågsbehandling|diagnostisk ultraljud|laserbehandling|dry needling|Idrottsskador|Nack- och ryggsmärta|Huvudvärk|Ischias
Magnus Dahl,Leg. Naprapat,Naprapat,Magnus Dahl (Leg. Naprapat),Naprapat Magnus - Olympiokliniken - Vasastan,naprapat-magnus-olympiokliniken-vasastan,,stockholm,Stockholm,Stockholm,"Upplandsgatan 71, 113 28 Stockholm",08-525 180 15,https://www.naprapatmagnus.se/,https://system.easypractice.net/book/naprapat-magnus,egen,5,82,naprapat,knäbesvär|nackbesvär|idrottsskador|ryggbesvär|Nack- och ryggsmärta|Huvudvärk|Löparskador
Frederic Neander,Leg. Naprapat,Naprapat,Frederic Neander (Leg. Naprapat),Naprapat of Stockholm AB,naprapat-of-stockholm-ab,559078-8880,stockholm,Stockholm,Stockholm,"Kungsgatan 84, 112 27 Stockholm",070-759 59 36,https://naprapatofstockholm.se,,,4.9,50,naprapat,naprapati|funktionell neurologi|rygg och nacke|Nack- och ryggsmärta
Hamid Nafar,Leg. naprapat,Naprapat,Hamid Nafar (Leg. naprapat),Naprapatcenter AB Täby,naprapatcenter-ab-taby,,stockholm,Täby,Täby,"Värtavägen 53, 183 63 Täby",08-580 25 009,https://naprapatcenter.se/,https://www.bokadirekt.se/places/naprapatcenter-ab-taby-49934,bokadirekt,5,55,naprapat,idrottsskador|ultraljudsdiagnostik|laserterapi|akupunktur|Stötvågsbehandling|Medicinsk akupunktur
Glenn Jansson Bellman,Leg. naprapat,Naprapat,Glenn Jansson Bellman (Leg. naprapat),Naprapatdoktorerna i Stockholm HB,naprapatdoktorerna-i-stockholm-hb,969649-2124,stockholm,Bromma,Stockholm,"Abrahamsbergsvägen 31, 168 31 Bromma",08-26 33 88,https://www.naprapatdoktorerna.se/,https://napdokbromma.bestille.no/OnCust2/#!/,egen,4.8,32,naprapat|massage,naprapati|akupunktur|massage
Lotta Asplund,Leg. naprapat,Naprapat,Lotta Asplund (Leg. naprapat),Naprapatdoktorerna i Stockholm HB,naprapatdoktorerna-i-stockholm-hb,969649-2124,stockholm,Bromma,Stockholm,"Abrahamsbergsvägen 31, 168 31 Bromma",08-26 33 88,https://www.naprapatdoktorerna.se/,https://napdokbromma.bestille.no/OnCust2/#!/,egen,4.8,32,naprapat|massage,naprapati|akupunktur|massage
Alexander Kvernplassen,Naprapat,Naprapat,Alexander Kvernplassen (Naprapat),Naprapatdoktorerna i Stockholm HB,naprapatdoktorerna-i-stockholm-hb,969649-2124,stockholm,Bromma,Stockholm,"Abrahamsbergsvägen 31, 168 31 Bromma",08-26 33 88,https://www.naprapatdoktorerna.se/,https://napdokbromma.bestille.no/OnCust2/#!/,egen,4.8,32,naprapat|massage,naprapati|akupunktur|massage
Annika Hertzsch,Leg. Naprapat,Naprapat,Annika Hertzsch (Leg. Naprapat),Naprapaterna Kungsholmen,naprapaterna-kungsholmen,,stockholm,Stockholm,Stockholm,"Kungsholmsgatan 32, 112 27 Stockholm",08-650 74 30,https://www.naprapaterna.nu,https://ww1.clinicbuddy.com/onlinebooking/-32?defaults%5Blocations%5D%5B%5D=1,egen,4.8,34,naprapat,naprapati|akuta besvär|idrottsskador|ergonomi
Lisa Thurfors,Leg. Naprapat,Naprapat,Lisa Thurfors (Leg. Naprapat),Naprapaterna Kungsholmen,naprapaterna-kungsholmen,,stockholm,Stockholm,Stockholm,"Kungsholmsgatan 32, 112 27 Stockholm",08-650 74 30,https://www.naprapaterna.nu,https://ww1.clinicbuddy.com/onlinebooking/-32?defaults%5Blocations%5D%5B%5D=1,egen,4.8,34,naprapat,naprapati|akuta besvär|idrottsskador|ergonomi
Ida Petersson,Leg. Naprapat,Naprapat,Ida Petersson (Leg. Naprapat),Naprapaterna Kungsholmen,naprapaterna-kungsholmen,,stockholm,Stockholm,Stockholm,"Kungsholmsgatan 32, 112 27 Stockholm",08-650 74 30,https://www.naprapaterna.nu,https://ww1.clinicbuddy.com/onlinebooking/-32?defaults%5Blocations%5D%5B%5D=1,egen,4.8,34,naprapat,naprapati|akuta besvär|idrottsskador|ergonomi
Sara Eklund,Leg. Naprapat,Naprapat,Sara Eklund (Leg. Naprapat),Naprapaterna Kungsholmen,naprapaterna-kungsholmen,,stockholm,Stockholm,Stockholm,"Kungsholmsgatan 32, 112 27 Stockholm",08-650 74 30,https://www.naprapaterna.nu,https://ww1.clinicbuddy.com/onlinebooking/-32?defaults%5Blocations%5D%5B%5D=1,egen,4.8,34,naprapat,naprapati|akuta besvär|idrottsskador|ergonomi
Viktoria Sundberg,Leg. Naprapat,Naprapat,Viktoria Sundberg (Leg. Naprapat),Naprapaterna Kungsholmen,naprapaterna-kungsholmen,,stockholm,Stockholm,Stockholm,"Kungsholmsgatan 32, 112 27 Stockholm",08-650 74 30,https://www.naprapaterna.nu,https://ww1.clinicbuddy.com/onlinebooking/-32?defaults%5Blocations%5D%5B%5D=1,egen,4.8,34,naprapat,naprapati|akuta besvär|idrottsskador|ergonomi
Patricia Wiedel,Leg. Naprapat,Naprapat,Patricia Wiedel (Leg. Naprapat),Naprapaterna Kungsholmen,naprapaterna-kungsholmen,,stockholm,Stockholm,Stockholm,"Kungsholmsgatan 32, 112 27 Stockholm",08-650 74 30,https://www.naprapaterna.nu,https://ww1.clinicbuddy.com/onlinebooking/-32?defaults%5Blocations%5D%5B%5D=1,egen,4.8,34,naprapat,naprapati|akuta besvär|idrottsskador|ergonomi
Cynthia Perez Sanabria,Naprapat,Naprapat,Cynthia Perez Sanabria (Naprapat),Naprapaterna Kungsholmen,naprapaterna-kungsholmen,,stockholm,Stockholm,Stockholm,"Kungsholmsgatan 32, 112 27 Stockholm",08-650 74 30,https://www.naprapaterna.nu,https://ww1.clinicbuddy.com/onlinebooking/-32?defaults%5Blocations%5D%5B%5D=1,egen,4.8,34,naprapat,naprapati|akuta besvär|idrottsskador|ergonomi
Karin Albinder Monteil,Leg. naprapat,Naprapat,Karin Albinder Monteil (Leg. naprapat),Naprapatgruppen 08 Solna,naprapatgruppen-08-solna,969726-2070,stockholm,Solna,Solna,"Greta Garbos väg 11, 169 40 Solna",070-413 33 26,https://www.naprapatgruppen08.se,https://ww1.clinicbuddy.com/onlinebooking/-103?params%5Blocations%5D%5B%5D=4,egen,5,213,naprapat,naprapati|rehabilitering|idrottsskador|kvinnohälsa|Nack- och ryggsmärta|Huvudvärk|Kontorsrelaterade besvär
Peter Henningsson,Leg. Naprapat,Naprapat,Peter Henningsson (Leg. Naprapat),Naprapatiska Institutet Östermalm,naprapatiska-institutet-ostermalm,,stockholm,Stockholm,Stockholm,"Tyskbagargatan 4, 114 43 Stockholm",08-640 33 80,https://naprapatiska.se/stockholm-ostermalm/,,,5,33,naprapat,idrottsmedicin|dry needling|rygg- och nackbesvär|stressrelaterade besvär
Adam Svensson,Leg. Naprapat,Naprapat,Adam Svensson (Leg. Naprapat),Naprapatiska Institutet Östermalm,naprapatiska-institutet-ostermalm,,stockholm,Stockholm,Stockholm,"Tyskbagargatan 4, 114 43 Stockholm",08-640 33 80,https://naprapatiska.se/stockholm-ostermalm/,,,5,33,naprapat,idrottsmedicin|dry needling|rygg- och nackbesvär|stressrelaterade besvär
Simon Falksveden,Naprapat,Naprapat,Simon Falksveden (Naprapat),Naprapatiska Institutet Östermalm,naprapatiska-institutet-ostermalm,,stockholm,Stockholm,Stockholm,"Tyskbagargatan 4, 114 43 Stockholm",08-640 33 80,https://naprapatiska.se/stockholm-ostermalm/,,,5,33,naprapat,idrottsmedicin|dry needling|rygg- och nackbesvär|stressrelaterade besvär
Marte Håkenstad Bråten,Naprapat,Naprapat,Marte Håkenstad Bråten (Naprapat),Naprapatiska Institutet Östermalm,naprapatiska-institutet-ostermalm,,stockholm,Stockholm,Stockholm,"Tyskbagargatan 4, 114 43 Stockholm",08-640 33 80,https://naprapatiska.se/stockholm-ostermalm/,,,5,33,naprapat,idrottsmedicin|dry needling|rygg- och nackbesvär|stressrelaterade besvär
Camilla Hansson,Leg. Naprapat,Naprapat,Camilla Hansson (Leg. Naprapat),Naprapatiska Institutet Östermalm,naprapatiska-institutet-ostermalm,,stockholm,Stockholm,Stockholm,"Tyskbagargatan 4, 114 43 Stockholm",08-640 33 80,https://naprapatiska.se/stockholm-ostermalm/,,,5,33,naprapat,idrottsmedicin|dry needling|rygg- och nackbesvär|stressrelaterade besvär
Louise Olsson,Leg. Naprapat,Naprapat,Louise Olsson (Leg. Naprapat),Naprapatspecialisten Hammarby Sjöstad,naprapatspecialisten-hammarby-sjostad,559183-8346,stockholm,Stockholm,Stockholm,"Lugnets Allé 48F, 120 66 Stockholm",08-410 77 340,https://www.naprapatspecialisten.se,https://www.bokadirekt.se/places/naprapatspecialisten-61949,bokadirekt,5,91,naprapat,naprapati|dry needling|laserterapi|ergonomi|Idrottsskador|Ischias|Huvudvärk|Graviditetsbesvär
André Lysell,Leg. Naprapat,Naprapat,André Lysell (Leg. Naprapat),Naprapatspecialisten Hammarby Sjöstad,naprapatspecialisten-hammarby-sjostad,559183-8346,stockholm,Stockholm,Stockholm,"Lugnets Allé 48F, 120 66 Stockholm",08-410 77 340,https://www.naprapatspecialisten.se,https://www.bokadirekt.se/places/naprapatspecialisten-61949,bokadirekt,5,91,naprapat,naprapati|dry needling|laserterapi|ergonomi|Idrottsskador|Ischias|Huvudvärk|Graviditetsbesvär
Mathias Mezner,Leg. Naprapat,Naprapat,Mathias Mezner (Leg. Naprapat),Naprapatspecialisten Hammarby Sjöstad,naprapatspecialisten-hammarby-sjostad,559183-8346,stockholm,Stockholm,Stockholm,"Lugnets Allé 48F, 120 66 Stockholm",08-410 77 340,https://www.naprapatspecialisten.se,https://www.bokadirekt.se/places/naprapatspecialisten-61949,bokadirekt,5,91,naprapat,naprapati|dry needling|laserterapi|ergonomi|Idrottsskador|Ischias|Huvudvärk|Graviditetsbesvär
Nenne Folkeson,Naprapat,Naprapat,Nenne Folkeson (Naprapat),Naprapatspecialisten Hammarby Sjöstad,naprapatspecialisten-hammarby-sjostad,559183-8346,stockholm,Stockholm,Stockholm,"Lugnets Allé 48F, 120 66 Stockholm",08-410 77 340,https://www.naprapatspecialisten.se,https://www.bokadirekt.se/places/naprapatspecialisten-61949,bokadirekt,5,91,naprapat,naprapati|dry needling|laserterapi|ergonomi|Idrottsskador|Ischias|Huvudvärk|Graviditetsbesvär
Oskar Sterby,Naprapat,Naprapat,Oskar Sterby (Naprapat),Naprapatspecialisten Hammarby Sjöstad,naprapatspecialisten-hammarby-sjostad,559183-8346,stockholm,Stockholm,Stockholm,"Lugnets Allé 48F, 120 66 Stockholm",08-410 77 340,https://www.naprapatspecialisten.se,https://www.bokadirekt.se/places/naprapatspecialisten-61949,bokadirekt,5,91,naprapat,naprapati|dry needling|laserterapi|ergonomi|Idrottsskador|Ischias|Huvudvärk|Graviditetsbesvär
Sandra Almgren,Leg. Naprapat,Naprapat,Sandra Almgren (Leg. Naprapat),Naprapatstudion,naprapatstudion,,stockholm,Stockholm,Stockholm,"Engelbrektsgatan 35B, 114 32 Stockholm",,https://naprapatstudion.se/,https://www.bokadirekt.se/places/naprapatstudion-ida-anstey-26385,bokadirekt,5,31,naprapat|massage,naprapati|dry needling|medicinsk laser|gravidbehandling|Graviditetsbesvär
Ida Anstey,Leg. Naprapat,Naprapat,Ida Anstey (Leg. Naprapat),Naprapatstudion,naprapatstudion,,stockholm,Stockholm,Stockholm,"Engelbrektsgatan 35B, 114 32 Stockholm",,https://naprapatstudion.se/,https://www.bokadirekt.se/places/naprapatstudion-ida-anstey-26385,bokadirekt,5,31,naprapat|massage,naprapati|dry needling|medicinsk laser|gravidbehandling|Graviditetsbesvär
Madelen K,Leg. Naprapat,Naprapat,Madelen K (Leg. Naprapat),NapraWell - Naprapat Stockholm City,naprawell-naprapat-stockholm-city,,stockholm,Stockholm,Stockholm,"Kammakargatan 35a, 111 60 Stockholm",08-296367,https://www.naprawell.se,https://www.bokadirekt.se/places/naprawell-naprapat-stockholm-city-58366,bokadirekt,5,41,naprapat,naprapati|idrottsskador|rygg och nacke|dry needling|Nack- och ryggsmärta|Huvudvärk|Löparskador|Stötvågsbehandling
George S,Leg. Naprapat,Naprapat,George S (Leg. Naprapat),NapraWell - Naprapat Stockholm City,naprawell-naprapat-stockholm-city,,stockholm,Stockholm,Stockholm,"Kammakargatan 35a, 111 60 Stockholm",08-296367,https://www.naprawell.se,https://www.bokadirekt.se/places/naprawell-naprapat-stockholm-city-58366,bokadirekt,5,41,naprapat,naprapati|idrottsskador|rygg och nacke|dry needling|Nack- och ryggsmärta|Huvudvärk|Löparskador|Stötvågsbehandling
Duncan,Leg. Naprapat,Naprapat,Duncan (Leg. Naprapat),Nordic Kiropraktik Naprapati & Massage - Kista,nordic-kiropraktik-naprapati-och-massage-kista,559202-4193,stockholm,Kista,Stockholm,"Hanstavägen 55, 164 53 Kista",08-20 22 52,https://nordickiropraktik.se/kiropraktik-kista/,https://www.bokadirekt.se/places/nordic-kiropraktik-naprapati-massage-36686,bokadirekt,4.9,174,naprapat|massage,kiropraktik|naprapati|massage|dry needling|Idrottsskador|Huvudvärk
David Benyamin,Leg. naprapat,Naprapat,David Benyamin (Leg. naprapat),Omega Naprapati / Naprapat Täby,omega-naprapati-naprapat-taby,,stockholm,Täby,Täby,"Bergtorpsvägen 43B, 183 64 Täby",08-446 10 80,https://www.omeganaprapati.se/,,,4.9,55,naprapat,stötvågsbehandling|laserterapi|ultraljudsundersökning|formgjutna fotinlägg|Idrottsskador|Nack- och ryggsmärta
Pär Videll,Leg. Naprapat,Naprapat,Pär Videll (Leg. Naprapat),Optimal Rehab Södermalm,optimal-rehab-sodermalm,,stockholm,Stockholm,Stockholm,"Lundagatan 57, 117 29 Stockholm",08-502 503 68,https://www.optimalrehab.se,https://www.optimalrehab.se/boka-sodermalm/,egen,5,34,naprapat,naprapati|idrottsskador|ryggskott|akutbehandling|Nack- och ryggsmärta|Huvudvärk|Dry needling
Hege Sommerstad,Leg. Naprapat,Naprapat,Hege Sommerstad (Leg. Naprapat),Performance Center Lindhagen - Naprapatklinik,performance-center-lindhagen-naprapatklinik,,stockholm,Stockholm,Stockholm,"Lindhagensgatan 135A, 112 15 Stockholm",073-787 51 35,https://www.pcl.nu/hem-naprapat/,https://www.bokadirekt.se/places/performance-center-lindhagen-1368,bokadirekt,4.9,36,naprapat,naprapati|stötvågsbehandling|dry needling|rörelseanalys|Idrottsskador|Ischias|Käkbesvär (TMD)
Viktoria Stefanescu,Leg. Naprapat,Naprapat,Viktoria Stefanescu (Leg. Naprapat),Performance Center Lindhagen - Naprapatklinik,performance-center-lindhagen-naprapatklinik,,stockholm,Stockholm,Stockholm,"Lindhagensgatan 135A, 112 15 Stockholm",073-787 51 35,https://www.pcl.nu/hem-naprapat/,https://www.bokadirekt.se/places/performance-center-lindhagen-1368,bokadirekt,4.9,36,naprapat,naprapati|stötvågsbehandling|dry needling|rörelseanalys|Idrottsskador|Ischias|Käkbesvär (TMD)
Frida Elmertoft,Leg. Naprapat,Naprapat,Frida Elmertoft (Leg. Naprapat),Performance Center Lindhagen - Naprapatklinik,performance-center-lindhagen-naprapatklinik,,stockholm,Stockholm,Stockholm,"Lindhagensgatan 135A, 112 15 Stockholm",073-787 51 35,https://www.pcl.nu/hem-naprapat/,https://www.bokadirekt.se/places/performance-center-lindhagen-1368,bokadirekt,4.9,36,naprapat,naprapati|stötvågsbehandling|dry needling|rörelseanalys|Idrottsskador|Ischias|Käkbesvär (TMD)
Peter Ehlin,Leg. Fysioterapeut,Fysioterapeut,Peter Ehlin (Leg. Fysioterapeut),Peter Ehlin Fysioterapi AB,peter-ehlin-fysioterapi-ab,559018-9956,stockholm,Stockholm,Stockholm,"Fridhemsgatan 2, 112 40 Stockholm",,,,,4.8,28,fysioterapeut,Fysioterapi
Anna Magnusson Sogell,Leg. Fysioterapeut,Fysioterapeut,Anna Magnusson Sogell (Leg. Fysioterapeut),Physiotherapy Stockholm (Anna Magnusson Sogell),physiotherapy-stockholm-anna-magnusson-sogell,,stockholm,Stockholm,Stockholm,"Eriksbergsgatan 10B, 114 30 Stockholm",,https://www.physiotherapystockholm.se/,https://www.bokadirekt.se/places/physiotherapy-stockholm-9840,bokadirekt,5,45,fysioterapeut,OMT|MDT|Idrottsmedicin|Pre/postnatal
Maria Franfie,Naprapat,Naprapat,Maria Franfie (Naprapat),"Pure Motion: Naprapat, Massage & Rehab Hammarby Sjöstad",pure-motion-naprapat-massage-och-rehab-hammarby-sjostad,559438-2748,stockholm,Stockholm,Stockholm,"Hammarby Kaj 52, 120 63 Stockholm",+46 73-653 04 88,https://www.puremotionsthlm.com,https://www.bokadirekt.se/places/pure-motion-sthlm-36919,bokadirekt,5,72,naprapat|massage,naprapati|massage|dry needling|rehab|Nack- och ryggsmärta
Tobias Sandell Yxner,Naprapat,Naprapat,Tobias Sandell Yxner (Naprapat),"Pure Motion: Naprapat, Massage & Rehab Hammarby Sjöstad",pure-motion-naprapat-massage-och-rehab-hammarby-sjostad,559438-2748,stockholm,Stockholm,Stockholm,"Hammarby Kaj 52, 120 63 Stockholm",+46 73-653 04 88,https://www.puremotionsthlm.com,https://www.bokadirekt.se/places/pure-motion-sthlm-36919,bokadirekt,5,72,naprapat|massage,naprapati|massage|dry needling|rehab|Nack- och ryggsmärta
Simon Ydefjäll,Leg. naprapat,Naprapat,Simon Ydefjäll (Leg. naprapat),Roslagskliniken - Naprapatklinik,roslagskliniken-naprapatklinik,556254-5102,stockholm,Täby,Täby,"Eskadervägen 8, 183 54 Täby",08-758 78 84,https://roslagskliniken.se/,,,5,138,naprapat|massage,idrottsmedicin|rehabilitering|dry needling|stötvågsbehandling|Idrottsskador|Löparskador
Truls Verngren,Naprapat,Naprapat,Truls Verngren (Naprapat),Roslagskliniken - Naprapatklinik,roslagskliniken-naprapatklinik,556254-5102,stockholm,Täby,Täby,"Eskadervägen 8, 183 54 Täby",08-758 78 84,https://roslagskliniken.se/,,,5,138,naprapat|massage,idrottsmedicin|rehabilitering|dry needling|stötvågsbehandling|Idrottsskador|Löparskador
Mahr Yousefy,Leg. Sjukgymnast,Fysioterapeut,Mahr Yousefy (Leg. Sjukgymnast),Sabbatsbergs Ryggcentrum Naprapat Stockholm,sabbatsbergs-ryggcentrum-naprapat-stockholm,,stockholm,Stockholm,Stockholm,"Dalagatan 9B, 113 61 Stockholm",08-31 21 32,https://www.ryggcentrum.se/,https://www.bokadirekt.se/places/sabbatsbergs-fot-och-ryggcentrum-fysioterapi-fotvard-hembesok-friskvard-massage-lordagsoppet-3934,bokadirekt,4.6,47,naprapat,ryggbesvär|smärtbehandling|ortopedisk manuell terapi|medicinsk fotvård|Nack- och ryggsmärta|Dry needling|Medicinsk akupunktur
Olivia Claar,Leg. Naprapat & Lic. Personlig Tränare,Naprapat,Olivia Claar (Leg. Naprapat & Lic. Personlig Tränare),Stjärnkliniken Stockholm City,stjarnkliniken-stockholm-city,556446-9814,stockholm,Stockholm,Stockholm,"Klarabergsviadukten 70, 107 24 Stockholm",010-30 30 260,https://www.stjarnkliniken.com/stockholm-city/,https://stjarnkliniken.app.myaimi.se/boka/stockholm-city,egen,5,211,naprapat,naprapati|stötvågsbehandling|dry needling|idrottsskador|Nack- och ryggsmärta|Huvudvärk|Ischias
Marianne Røstad,Leg. Naprapat & Lic. Personlig Tränare,Naprapat,Marianne Røstad (Leg. Naprapat & Lic. Personlig Tränare),Stjärnkliniken Stockholm City,stjarnkliniken-stockholm-city,556446-9814,stockholm,Stockholm,Stockholm,"Klarabergsviadukten 70, 107 24 Stockholm",010-30 30 260,https://www.stjarnkliniken.com/stockholm-city/,https://stjarnkliniken.app.myaimi.se/boka/stockholm-city,egen,5,211,naprapat,naprapati|stötvågsbehandling|dry needling|idrottsskador|Nack- och ryggsmärta|Huvudvärk|Ischias
Jesper Bengtsson,Leg. Naprapat,Naprapat,Jesper Bengtsson (Leg. Naprapat),Stjärnkliniken Stockholm City,stjarnkliniken-stockholm-city,556446-9814,stockholm,Stockholm,Stockholm,"Klarabergsviadukten 70, 107 24 Stockholm",010-30 30 260,https://www.stjarnkliniken.com/stockholm-city/,https://stjarnkliniken.app.myaimi.se/boka/stockholm-city,egen,5,211,naprapat,naprapati|stötvågsbehandling|dry needling|idrottsskador|Nack- och ryggsmärta|Huvudvärk|Ischias
Emma Stonegård,Leg. Naprapat,Naprapat,Emma Stonegård (Leg. Naprapat),Stjärnkliniken Stockholm City,stjarnkliniken-stockholm-city,556446-9814,stockholm,Stockholm,Stockholm,"Klarabergsviadukten 70, 107 24 Stockholm",010-30 30 260,https://www.stjarnkliniken.com/stockholm-city/,https://stjarnkliniken.app.myaimi.se/boka/stockholm-city,egen,5,211,naprapat,naprapati|stötvågsbehandling|dry needling|idrottsskador|Nack- och ryggsmärta|Huvudvärk|Ischias
Joakim Lindgren,Leg. Naprapat,Naprapat,Joakim Lindgren (Leg. Naprapat),Stjärnkliniken Stockholm City,stjarnkliniken-stockholm-city,556446-9814,stockholm,Stockholm,Stockholm,"Klarabergsviadukten 70, 107 24 Stockholm",010-30 30 260,https://www.stjarnkliniken.com/stockholm-city/,https://stjarnkliniken.app.myaimi.se/boka/stockholm-city,egen,5,211,naprapat,naprapati|stötvågsbehandling|dry needling|idrottsskador|Nack- och ryggsmärta|Huvudvärk|Ischias
Joakim Lindgren,Leg. Naprapat,Naprapat,Joakim Lindgren (Leg. Naprapat),Stjärnkliniken Stockholm Söder,stjarnkliniken-stockholm-soder,556446-9814,stockholm,Stockholm,Stockholm,"Mariatorget 5, 118 48 Stockholm",010-30 30 260,https://www.stjarnkliniken.com/stockholm-sodermalm/,https://stjarnkliniken.app.myaimi.se/boka/stockholm-soder,egen,5,99,naprapat|massage,naprapati|stötvågsbehandling|dry needling|massage|Idrottsskador|Nack- och ryggsmärta|Huvudvärk
Karolin Palmertz Cerne,Leg. Naprapat,Naprapat,Karolin Palmertz Cerne (Leg. Naprapat),Stjärnkliniken Stockholm Stureplan,stjarnkliniken-stockholm-stureplan,556446-9814,stockholm,Stockholm,Stockholm,"Sturegatan 16, 114 36 Stockholm",010-30 30 260,https://www.stjarnkliniken.com/stockholm-stureplan/,https://stjarnkliniken.app.myaimi.se/boka/stockholm-stureplan,egen,5,44,naprapat|massage,naprapati|stötvågsbehandling|dry needling|massage|Nack- och ryggsmärta|Huvudvärk|Ischias|Idrottsskador
Max Ogesten,Leg. Naprapat,Naprapat,Max Ogesten (Leg. Naprapat),Stjärnkliniken Stockholm Stureplan,stjarnkliniken-stockholm-stureplan,556446-9814,stockholm,Stockholm,Stockholm,"Sturegatan 16, 114 36 Stockholm",010-30 30 260,https://www.stjarnkliniken.com/stockholm-stureplan/,https://stjarnkliniken.app.myaimi.se/boka/stockholm-stureplan,egen,5,44,naprapat|massage,naprapati|stötvågsbehandling|dry needling|massage|Nack- och ryggsmärta|Huvudvärk|Ischias|Idrottsskador
Lisa Öqvist,Leg. Naprapat,Naprapat,Lisa Öqvist (Leg. Naprapat),Stjärnkliniken Stockholm Stureplan,stjarnkliniken-stockholm-stureplan,556446-9814,stockholm,Stockholm,Stockholm,"Sturegatan 16, 114 36 Stockholm",010-30 30 260,https://www.stjarnkliniken.com/stockholm-stureplan/,https://stjarnkliniken.app.myaimi.se/boka/stockholm-stureplan,egen,5,44,naprapat|massage,naprapati|stötvågsbehandling|dry needling|massage|Nack- och ryggsmärta|Huvudvärk|Ischias|Idrottsskador
Josefine Engström,Leg. Naprapat,Naprapat,Josefine Engström (Leg. Naprapat),Stjärnkliniken Stockholm Stureplan,stjarnkliniken-stockholm-stureplan,556446-9814,stockholm,Stockholm,Stockholm,"Sturegatan 16, 114 36 Stockholm",010-30 30 260,https://www.stjarnkliniken.com/stockholm-stureplan/,https://stjarnkliniken.app.myaimi.se/boka/stockholm-stureplan,egen,5,44,naprapat|massage,naprapati|stötvågsbehandling|dry needling|massage|Nack- och ryggsmärta|Huvudvärk|Ischias|Idrottsskador
Jakob Arnvig,Leg. Fysioterapeut,Fysioterapeut,Jakob Arnvig (Leg. Fysioterapeut),Stjärnkliniken Stockholm Stureplan,stjarnkliniken-stockholm-stureplan,556446-9814,stockholm,Stockholm,Stockholm,"Sturegatan 16, 114 36 Stockholm",010-30 30 260,https://www.stjarnkliniken.com/stockholm-stureplan/,https://stjarnkliniken.app.myaimi.se/boka/stockholm-stureplan,egen,5,44,naprapat|massage,naprapati|stötvågsbehandling|dry needling|massage|Nack- och ryggsmärta|Huvudvärk|Ischias|Idrottsskador
Anna Gaul,Klinikchef & Hälsocoach,Behandlare / Övrig,Anna Gaul (Klinikchef & Hälsocoach),Stjärnkliniken Stockholm Stureplan,stjarnkliniken-stockholm-stureplan,556446-9814,stockholm,Stockholm,Stockholm,"Sturegatan 16, 114 36 Stockholm",010-30 30 260,https://www.stjarnkliniken.com/stockholm-stureplan/,https://stjarnkliniken.app.myaimi.se/boka/stockholm-stureplan,egen,5,44,naprapat|massage,naprapati|stötvågsbehandling|dry needling|massage|Nack- och ryggsmärta|Huvudvärk|Ischias|Idrottsskador
Mikael Åkerström,Leg. Naprapat,Naprapat,Mikael Åkerström (Leg. Naprapat),Stockholms RehabKlinik CITY,stockholms-rehabklinik-city,,stockholm,Stockholm,Stockholm,"Kungsgatan 35, 111 56 Stockholm",08-640 00 60,https://srkc.se/,https://srkc.se/,egen,5,29,naprapat,naprapati|fysioterapi|stötvågsbehandling|dry needling|Nack- och ryggsmärta|Huvudvärk|Idrottsskador
Petra Bergstedt,Leg. Naprapat,Naprapat,Petra Bergstedt (Leg. Naprapat),Stockholms RehabKlinik CITY,stockholms-rehabklinik-city,,stockholm,Stockholm,Stockholm,"Kungsgatan 35, 111 56 Stockholm",08-640 00 60,https://srkc.se/,https://srkc.se/,egen,5,29,naprapat,naprapati|fysioterapi|stötvågsbehandling|dry needling|Nack- och ryggsmärta|Huvudvärk|Idrottsskador
Robert Hansson,Leg. Naprapat,Naprapat,Robert Hansson (Leg. Naprapat),Stockholms RehabKlinik CITY,stockholms-rehabklinik-city,,stockholm,Stockholm,Stockholm,"Kungsgatan 35, 111 56 Stockholm",08-640 00 60,https://srkc.se/,https://srkc.se/,egen,5,29,naprapat,naprapati|fysioterapi|stötvågsbehandling|dry needling|Nack- och ryggsmärta|Huvudvärk|Idrottsskador
Sebastian Munthe,Leg. Fysioterapeut,Fysioterapeut,Sebastian Munthe (Leg. Fysioterapeut),Stockholms RehabKlinik CITY,stockholms-rehabklinik-city,,stockholm,Stockholm,Stockholm,"Kungsgatan 35, 111 56 Stockholm",08-640 00 60,https://srkc.se/,https://srkc.se/,egen,5,29,naprapat,naprapati|fysioterapi|stötvågsbehandling|dry needling|Nack- och ryggsmärta|Huvudvärk|Idrottsskador
Anton Zackrisson,Leg. Fysioterapeut,Fysioterapeut,Anton Zackrisson (Leg. Fysioterapeut),Stockholms RehabKlinik CITY,stockholms-rehabklinik-city,,stockholm,Stockholm,Stockholm,"Kungsgatan 35, 111 56 Stockholm",08-640 00 60,https://srkc.se/,https://srkc.se/,egen,5,29,naprapat,naprapati|fysioterapi|stötvågsbehandling|dry needling|Nack- och ryggsmärta|Huvudvärk|Idrottsskador
Elvira Lindblad,Leg. Naprapat,Naprapat,Elvira Lindblad (Leg. Naprapat),StureNaprapaten AB,sturenaprapaten-ab,559020-0498,stockholm,Stockholm,Stockholm,"Birger Jarlsgatan 34, 114 29 Stockholm",08-440 73 37,https://www.sturenaprapaten.se/,https://www.bokadirekt.se/places/sturenaprapaten-ab-10317,bokadirekt,4.9,138,naprapat|massage,naprapati|massage|stötvågsbehandling|idrottsmassage|Nack- och ryggsmärta|Idrottsskador|Dry needling
Emilia Huhtimo,Leg. Naprapat,Naprapat,Emilia Huhtimo (Leg. Naprapat),StureNaprapaten AB,sturenaprapaten-ab,559020-0498,stockholm,Stockholm,Stockholm,"Birger Jarlsgatan 34, 114 29 Stockholm",08-440 73 37,https://www.sturenaprapaten.se/,https://www.bokadirekt.se/places/sturenaprapaten-ab-10317,bokadirekt,4.9,138,naprapat|massage,naprapati|massage|stötvågsbehandling|idrottsmassage|Nack- och ryggsmärta|Idrottsskador|Dry needling
Peter Viklund,Leg. Naprapat,Naprapat,Peter Viklund (Leg. Naprapat),Totalkropp / Naprapat Peter Viklund,totalkropp-naprapat-peter-viklund,,stockholm,Stockholm,Stockholm,"Ingenjörsvägen 34, 117 59 Stockholm",08-54 900 700,https://www.totalkropp.se,https://www.bokadirekt.se/places/totalkropp-408,bokadirekt,4.8,82,naprapat|massage,naprapati|långvarig smärta|käkledsbehandling|dry needling|Idrottsskador|Nack- och ryggsmärta|Käkbesvär (TMD)|Graviditetsbesvär|Barn & ungdom|Stötvågsbehandling
Johanna Lindgren,Leg. Naprapat,Naprapat,Johanna Lindgren (Leg. Naprapat),Totalkropp / Naprapat Peter Viklund,totalkropp-naprapat-peter-viklund,,stockholm,Stockholm,Stockholm,"Ingenjörsvägen 34, 117 59 Stockholm",08-54 900 700,https://www.totalkropp.se,https://www.bokadirekt.se/places/totalkropp-408,bokadirekt,4.8,82,naprapat|massage,naprapati|långvarig smärta|käkledsbehandling|dry needling|Idrottsskador|Nack- och ryggsmärta|Käkbesvär (TMD)|Graviditetsbesvär|Barn & ungdom|Stötvågsbehandling
Tim Hustad,Leg. Naprapat,Naprapat,Tim Hustad (Leg. Naprapat),Totalkropp / Naprapat Peter Viklund,totalkropp-naprapat-peter-viklund,,stockholm,Stockholm,Stockholm,"Ingenjörsvägen 34, 117 59 Stockholm",08-54 900 700,https://www.totalkropp.se,https://www.bokadirekt.se/places/totalkropp-408,bokadirekt,4.8,82,naprapat|massage,naprapati|långvarig smärta|käkledsbehandling|dry needling|Idrottsskador|Nack- och ryggsmärta|Käkbesvär (TMD)|Graviditetsbesvär|Barn & ungdom|Stötvågsbehandling
Eleonore Ram,Leg. Naprapat,Naprapat,Eleonore Ram (Leg. Naprapat),Totalkropp / Naprapat Peter Viklund,totalkropp-naprapat-peter-viklund,,stockholm,Stockholm,Stockholm,"Ingenjörsvägen 34, 117 59 Stockholm",08-54 900 700,https://www.totalkropp.se,https://www.bokadirekt.se/places/totalkropp-408,bokadirekt,4.8,82,naprapat|massage,naprapati|långvarig smärta|käkledsbehandling|dry needling|Idrottsskador|Nack- och ryggsmärta|Käkbesvär (TMD)|Graviditetsbesvär|Barn & ungdom|Stötvågsbehandling
Martin Carlson,Leg. kiropraktor,Kiropraktor,Martin Carlson (Leg. kiropraktor),Västermalms Kiropraktik,vastermalms-kiropraktik,556676-5946,stockholm,Stockholm,Stockholm,"Fleminggatan 15, 112 26 Stockholm",08-651 77 30,https://www.vastermalmskiropraktik.se,,,0,0,"kiropraktik,massage",
Maria Carnholm,Leg. kiropraktor,Kiropraktor,Maria Carnholm (Leg. kiropraktor),Västermalms Kiropraktik,vastermalms-kiropraktik,556676-5946,stockholm,Stockholm,Stockholm,"Fleminggatan 15, 112 26 Stockholm",08-651 77 30,https://www.vastermalmskiropraktik.se,,,0,0,"kiropraktik,massage",
Madeleine Brus,Leg. kiropraktor,Kiropraktor,Madeleine Brus (Leg. kiropraktor),Västermalms Kiropraktik,vastermalms-kiropraktik,556676-5946,stockholm,Stockholm,Stockholm,"Fleminggatan 15, 112 26 Stockholm",08-651 77 30,https://www.vastermalmskiropraktik.se,,,0,0,"kiropraktik,massage",
Viktoria Åström,Leg. Fysioterapeut,Fysioterapeut,Viktoria Åström (Leg. Fysioterapeut),Viktoria Åström Fysioterapi AB,viktoria-astrom-fysioterapi-ab,559392-6941,stockholm,Stockholm,Stockholm,"Hammarby Allé 119, 120 64 Stockholm",,,,,4.8,85,fysioterapeut,Fysioterapi
Viveka Nyman,Leg. Fysioterapeut,Fysioterapeut,Viveka Nyman (Leg. Fysioterapeut),Viveka Nyman Fysioterapi AB,viveka-nyman-fysioterapi-ab,556789-9454,stockholm,Solna,Solna,"Hagavägen 18, 169 69 Solna",,,,,4.8,88,fysioterapeut,Fysioterapi
Carina Rydén,Spaterapeut & Friskvårdsmassör,Massage / Massör,Carina Rydén (Spaterapeut & Friskvårdsmassör),Ro-givande,ro-givande,,umea,Umeå,Umeå,"Klintvägen 19, 907 37 Umeå",,,https://www.bokadirekt.se/places/ro-givande-30778,bokadirekt,0,0,massage,massage|spa
Ellen Lundström,Leg naprapat,Naprapat,Ellen Lundström (Leg naprapat),City Naprapaten Uppsala AB,city-naprapaten-uppsala,556981-5979,uppsala,Uppsala,Uppsala,"Kungsgatan 64, 753 41 Uppsala",018-69 21 00,,https://www.timecenter.se/citynaprapatenuppsalaab/city-naprapaten-uppsala-ab/,timecenter,4.8,3188,naprapat,idrottsskador
Henrik Widén,Leg Naprapat,Naprapat,Henrik Widén (Leg Naprapat),City Naprapaten Uppsala AB,city-naprapaten-uppsala,556981-5979,uppsala,Uppsala,Uppsala,"Kungsgatan 64, 753 41 Uppsala",018-69 21 00,,https://www.timecenter.se/citynaprapatenuppsalaab/city-naprapaten-uppsala-ab/,timecenter,4.8,3188,naprapat,idrottsskador
Tomas Frykberg,Leg Naprapat,Naprapat,Tomas Frykberg (Leg Naprapat),City Naprapaten Uppsala AB,city-naprapaten-uppsala,556981-5979,uppsala,Uppsala,Uppsala,"Kungsgatan 64, 753 41 Uppsala",018-69 21 00,,https://www.timecenter.se/citynaprapatenuppsalaab/city-naprapaten-uppsala-ab/,timecenter,4.8,3188,naprapat,idrottsskador
Henrik Mattsson,"Leg Naprapat, specialiserad dry needling",Naprapat,"Henrik Mattsson (Leg Naprapat, specialiserad dry needling)",ElitNaprapati,elitnaprapati-uppsala,559438-7317,uppsala,Uppsala,Uppsala,"Slottsgränd 2A, 753 09 Uppsala",073-720 42 34,https://elitnaprapati.se/,https://system.easypractice.net/book/henrik-mattsson,easypractice,0,0,naprapat|massage,dry needling|idrottsskador
Andreas Gustafsson,"Naprapat, Certifierad massageterapeut, dry needling",Naprapat,"Andreas Gustafsson (Naprapat, Certifierad massageterapeut, dry needling)",ElitNaprapati,elitnaprapati-uppsala,559438-7317,uppsala,Uppsala,Uppsala,"Slottsgränd 2A, 753 09 Uppsala",073-720 42 34,https://elitnaprapati.se/,https://system.easypractice.net/book/henrik-mattsson,easypractice,0,0,naprapat|massage,dry needling|idrottsskador
Mats Öfverberg,"Leg. Naprapat, Cert. sportmedicin",Naprapat,"Mats Öfverberg (Leg. Naprapat, Cert. sportmedicin)",Idrottsskadecentrum Uppsala,idrottsskadecentrum-uppsala,969656-0953,uppsala,Uppsala,Uppsala,"Drottninggatan 1A, 753 10 Uppsala",018-12 91 11,https://iscuppsala.se/,https://www.bokadirekt.se/places/idrottsskadecentrum-i-uppsala-49170,bokadirekt,4.9,123,naprapat,ortopedisk medicin|sportmedicin|idrottsskador|rehabilitering
Teddy Jansson,"Leg. Naprapat, Examen ortopedisk medicin",Naprapat,"Teddy Jansson (Leg. Naprapat, Examen ortopedisk medicin)",Idrottsskadecentrum Uppsala,idrottsskadecentrum-uppsala,969656-0953,uppsala,Uppsala,Uppsala,"Drottninggatan 1A, 753 10 Uppsala",018-12 91 11,https://iscuppsala.se/,https://www.bokadirekt.se/places/idrottsskadecentrum-i-uppsala-49170,bokadirekt,4.9,123,naprapat,ortopedisk medicin|sportmedicin|idrottsskador|rehabilitering
Kristoffer Lee Rooth,Leg. Naprapat,Naprapat,Kristoffer Lee Rooth (Leg. Naprapat),Idrottsskadecentrum Uppsala,idrottsskadecentrum-uppsala,969656-0953,uppsala,Uppsala,Uppsala,"Drottninggatan 1A, 753 10 Uppsala",018-12 91 11,https://iscuppsala.se/,https://www.bokadirekt.se/places/idrottsskadecentrum-i-uppsala-49170,bokadirekt,4.9,123,naprapat,ortopedisk medicin|sportmedicin|idrottsskador|rehabilitering
Kenneth Rooth,"Leg. Sjukgymnast, Högre examen ortopedisk medicin",Fysioterapeut,"Kenneth Rooth (Leg. Sjukgymnast, Högre examen ortopedisk medicin)",Idrottsskadecentrum Uppsala,idrottsskadecentrum-uppsala,969656-0953,uppsala,Uppsala,Uppsala,"Drottninggatan 1A, 753 10 Uppsala",018-12 91 11,https://iscuppsala.se/,https://www.bokadirekt.se/places/idrottsskadecentrum-i-uppsala-49170,bokadirekt,4.9,123,naprapat,ortopedisk medicin|sportmedicin|idrottsskador|rehabilitering
Lena Bergdahl,"Leg. Sjuksköterska, Akupunktör",Behandlare / Övrig,"Lena Bergdahl (Leg. Sjuksköterska, Akupunktör)",Idrottsskadecentrum Uppsala,idrottsskadecentrum-uppsala,969656-0953,uppsala,Uppsala,Uppsala,"Drottninggatan 1A, 753 10 Uppsala",018-12 91 11,https://iscuppsala.se/,https://www.bokadirekt.se/places/idrottsskadecentrum-i-uppsala-49170,bokadirekt,4.9,123,naprapat,ortopedisk medicin|sportmedicin|idrottsskador|rehabilitering
Jacob Moe,legitimerad kiropraktor,Kiropraktor,Jacob Moe (legitimerad kiropraktor),Jacob Moe Kiropraktor & Rehab,jacob-moe-kiropraktor-uppsala,559153-0844,uppsala,Uppsala,Uppsala,"Vildrosgatan 9, 753 24 Uppsala",070-055 46 61,https://moekiropraktor.se/,https://ww1.clinicbuddy.com/onlinebooking/-186,clinicbuddy,0,0,kiropraktor|massage,idrottsskador|BikeOptimizer
Michael Ulvmar,Leg. Naprapat,Naprapat,Michael Ulvmar (Leg. Naprapat),Joylife Uppsala,joylife-uppsala,556803-9985,uppsala,Uppsala,Uppsala,"S:t Olofsgatan 11, 753 21 Uppsala",070-6000 600,https://joylife.se/uppsala,https://joylife.se/boka,egen,0,0,naprapat|kiropraktor|massage,
Emil Lindqvist,Leg. Fysioterapeut,Fysioterapeut,Emil Lindqvist (Leg. Fysioterapeut),Joylife Uppsala,joylife-uppsala,556803-9985,uppsala,Uppsala,Uppsala,"S:t Olofsgatan 11, 753 21 Uppsala",070-6000 600,https://joylife.se/uppsala,https://joylife.se/boka,egen,0,0,naprapat|kiropraktor|massage,
Gunilla Olovsson,Leg Kiropraktor,Kiropraktor,Gunilla Olovsson (Leg Kiropraktor),Joylife Uppsala,joylife-uppsala,556803-9985,uppsala,Uppsala,Uppsala,"S:t Olofsgatan 11, 753 21 Uppsala",070-6000 600,https://joylife.se/uppsala,https://joylife.se/boka,egen,0,0,naprapat|kiropraktor|massage,
Marielle Wickström,leg. kiropraktor,Kiropraktor,Marielle Wickström (leg. kiropraktor),Kiropraktorkliniken,kiropraktorkliniken-uppsala,556869-3732,uppsala,Uppsala,Uppsala,"Nymansgatan 6A, 753 23 Uppsala",0707-55 20 33,https://www.kiropraktorkliniken.com/,https://www.bokadirekt.se/places/kiropraktorkliniken-31178,bokadirekt,4.8,940,kiropraktor,laserbehandling
Daniel Ljung,Leg. Kiropraktor,Kiropraktor,Daniel Ljung (Leg. Kiropraktor),Kiropraktorvård Uppsala,kiropraktorvard-uppsala,559491-5398,uppsala,Uppsala,Uppsala,"Sköldungagatan 57, 753 35 Uppsala",018-701 02 37,https://kiropraktorvard.se/kliniker/kiropraktor-uppsala/,https://www.bokadirekt.se/places/kiropraktorvard-uppsala-22952,bokadirekt,4.8,2357,kiropraktor|massage,
Diego Cuevas Wiberg,Leg. Kiropraktor,Kiropraktor,Diego Cuevas Wiberg (Leg. Kiropraktor),Kiropraktorvård Uppsala,kiropraktorvard-uppsala,559491-5398,uppsala,Uppsala,Uppsala,"Sköldungagatan 57, 753 35 Uppsala",018-701 02 37,https://kiropraktorvard.se/kliniker/kiropraktor-uppsala/,https://www.bokadirekt.se/places/kiropraktorvard-uppsala-22952,bokadirekt,4.8,2357,kiropraktor|massage,
Fredrik Svensson,Leg. Kiropraktor,Kiropraktor,Fredrik Svensson (Leg. Kiropraktor),Kiropraktorvård Uppsala,kiropraktorvard-uppsala,559491-5398,uppsala,Uppsala,Uppsala,"Sköldungagatan 57, 753 35 Uppsala",018-701 02 37,https://kiropraktorvard.se/kliniker/kiropraktor-uppsala/,https://www.bokadirekt.se/places/kiropraktorvard-uppsala-22952,bokadirekt,4.8,2357,kiropraktor|massage,
Erik Hedling Ohlsson,Leg. Naprapat,Naprapat,Erik Hedling Ohlsson (Leg. Naprapat),Limbra Uppsala Björkgatan,limbra-uppsala-bjorkgatan,556868-6801,uppsala,Uppsala,Uppsala,"Björkgatan 4, 753 28 Uppsala",010-768 10 30,https://limbra.se/kliniker/uppsala-bjorkgatan/,https://limbra.se/cb?klinik=2002,egen,4.6,402,naprapat|massage,idrottsskador|dry needling|stötvågsbehandling|rehabilitering|fysioterapi
Josef Karlsson,Leg. Naprapat,Naprapat,Josef Karlsson (Leg. Naprapat),Limbra Uppsala Björkgatan,limbra-uppsala-bjorkgatan,556868-6801,uppsala,Uppsala,Uppsala,"Björkgatan 4, 753 28 Uppsala",010-768 10 30,https://limbra.se/kliniker/uppsala-bjorkgatan/,https://limbra.se/cb?klinik=2002,egen,4.6,402,naprapat|massage,idrottsskador|dry needling|stötvågsbehandling|rehabilitering|fysioterapi
Guy Robert French,Leg. Naprapat,Naprapat,Guy Robert French (Leg. Naprapat),Limbra Uppsala Björkgatan,limbra-uppsala-bjorkgatan,556868-6801,uppsala,Uppsala,Uppsala,"Björkgatan 4, 753 28 Uppsala",010-768 10 30,https://limbra.se/kliniker/uppsala-bjorkgatan/,https://limbra.se/cb?klinik=2002,egen,4.6,402,naprapat|massage,idrottsskador|dry needling|stötvågsbehandling|rehabilitering|fysioterapi
Emma Kosterbärg,Leg. Naprapat,Naprapat,Emma Kosterbärg (Leg. Naprapat),Limbra Uppsala Björkgatan,limbra-uppsala-bjorkgatan,556868-6801,uppsala,Uppsala,Uppsala,"Björkgatan 4, 753 28 Uppsala",010-768 10 30,https://limbra.se/kliniker/uppsala-bjorkgatan/,https://limbra.se/cb?klinik=2002,egen,4.6,402,naprapat|massage,idrottsskador|dry needling|stötvågsbehandling|rehabilitering|fysioterapi
flera fler naprapater och fysioterapeuter,,Naprapat,flera fler naprapater och fysioterapeuter,Limbra Uppsala Björkgatan,limbra-uppsala-bjorkgatan,556868-6801,uppsala,Uppsala,Uppsala,"Björkgatan 4, 753 28 Uppsala",010-768 10 30,https://limbra.se/kliniker/uppsala-bjorkgatan/,https://limbra.se/cb?klinik=2002,egen,4.6,402,naprapat|massage,idrottsskador|dry needling|stötvågsbehandling|rehabilitering|fysioterapi
Anna Hansson,Leg. Naprapat,Naprapat,Anna Hansson (Leg. Naprapat),Limbra Uppsala Fyristorg,limbra-uppsala-fyristorg,556868-6801,uppsala,Uppsala,Uppsala,"Fyristorg 6, 753 10 Uppsala",010-768 10 30,https://limbra.se/kliniker/uppsala-fyristorg/,https://limbra.se/cb?klinik=2001,egen,4.6,598,naprapat|massage,idrottsskador|stötvågsbehandling|dry needling|rehabilitering
Jacob Branzell,Leg. Naprapat,Naprapat,Jacob Branzell (Leg. Naprapat),Limbra Uppsala Fyristorg,limbra-uppsala-fyristorg,556868-6801,uppsala,Uppsala,Uppsala,"Fyristorg 6, 753 10 Uppsala",010-768 10 30,https://limbra.se/kliniker/uppsala-fyristorg/,https://limbra.se/cb?klinik=2001,egen,4.6,598,naprapat|massage,idrottsskador|stötvågsbehandling|dry needling|rehabilitering
Sofia Nygren,Leg. Naprapat,Naprapat,Sofia Nygren (Leg. Naprapat),Limbra Uppsala Fyristorg,limbra-uppsala-fyristorg,556868-6801,uppsala,Uppsala,Uppsala,"Fyristorg 6, 753 10 Uppsala",010-768 10 30,https://limbra.se/kliniker/uppsala-fyristorg/,https://limbra.se/cb?klinik=2001,egen,4.6,598,naprapat|massage,idrottsskador|stötvågsbehandling|dry needling|rehabilitering
Nicklas Hellborg,Leg. Naprapat,Naprapat,Nicklas Hellborg (Leg. Naprapat),Limbra Uppsala Fyristorg,limbra-uppsala-fyristorg,556868-6801,uppsala,Uppsala,Uppsala,"Fyristorg 6, 753 10 Uppsala",010-768 10 30,https://limbra.se/kliniker/uppsala-fyristorg/,https://limbra.se/cb?klinik=2001,egen,4.6,598,naprapat|massage,idrottsskador|stötvågsbehandling|dry needling|rehabilitering
Evelina Angrén,Leg. Naprapat,Naprapat,Evelina Angrén (Leg. Naprapat),Limbra Uppsala Fyristorg,limbra-uppsala-fyristorg,556868-6801,uppsala,Uppsala,Uppsala,"Fyristorg 6, 753 10 Uppsala",010-768 10 30,https://limbra.se/kliniker/uppsala-fyristorg/,https://limbra.se/cb?klinik=2001,egen,4.6,598,naprapat|massage,idrottsskador|stötvågsbehandling|dry needling|rehabilitering
Karin Jansson,Leg. Naprapat,Naprapat,Karin Jansson (Leg. Naprapat),Limbra Uppsala Fyristorg,limbra-uppsala-fyristorg,556868-6801,uppsala,Uppsala,Uppsala,"Fyristorg 6, 753 10 Uppsala",010-768 10 30,https://limbra.se/kliniker/uppsala-fyristorg/,https://limbra.se/cb?klinik=2001,egen,4.6,598,naprapat|massage,idrottsskador|stötvågsbehandling|dry needling|rehabilitering
Luciano Bravo,Leg. Naprapat,Naprapat,Luciano Bravo (Leg. Naprapat),Limbra Uppsala Fyristorg,limbra-uppsala-fyristorg,556868-6801,uppsala,Uppsala,Uppsala,"Fyristorg 6, 753 10 Uppsala",010-768 10 30,https://limbra.se/kliniker/uppsala-fyristorg/,https://limbra.se/cb?klinik=2001,egen,4.6,598,naprapat|massage,idrottsskador|stötvågsbehandling|dry needling|rehabilitering
flera fler,,Behandlare / Övrig,flera fler,Limbra Uppsala Fyristorg,limbra-uppsala-fyristorg,556868-6801,uppsala,Uppsala,Uppsala,"Fyristorg 6, 753 10 Uppsala",010-768 10 30,https://limbra.se/kliniker/uppsala-fyristorg/,https://limbra.se/cb?klinik=2001,egen,4.6,598,naprapat|massage,idrottsskador|stötvågsbehandling|dry needling|rehabilitering
Annelie Åhman,"Certifierad Massör, Medicinsk Massageterapeut",Massage / Massör,"Annelie Åhman (Certifierad Massör, Medicinsk Massageterapeut)",Muskelvärkstan,muskelvarkstan-uppsala,,uppsala,Uppsala,Uppsala,"Kungsängsgatan 39, 753 22 Uppsala",018-69 30 60,https://muskelvarkstan.com/,https://www.bokadirekt.se/places/muskelvarkstan-kungsangsgatan-39-7257,bokadirekt,4.8,1459,massage,medicinsk massage|andningsterapi|Lotorpsmetoden
Gunilla Johansson,Certifierad Massör,Massage / Massör,Gunilla Johansson (Certifierad Massör),Muskelvärkstan,muskelvarkstan-uppsala,,uppsala,Uppsala,Uppsala,"Kungsängsgatan 39, 753 22 Uppsala",018-69 30 60,https://muskelvarkstan.com/,https://www.bokadirekt.se/places/muskelvarkstan-kungsangsgatan-39-7257,bokadirekt,4.8,1459,massage,medicinsk massage|andningsterapi|Lotorpsmetoden
Simon Monserat,Idrottsmassör,Massage / Massör,Simon Monserat (Idrottsmassör),Muskelvärkstan,muskelvarkstan-uppsala,,uppsala,Uppsala,Uppsala,"Kungsängsgatan 39, 753 22 Uppsala",018-69 30 60,https://muskelvarkstan.com/,https://www.bokadirekt.se/places/muskelvarkstan-kungsangsgatan-39-7257,bokadirekt,4.8,1459,massage,medicinsk massage|andningsterapi|Lotorpsmetoden
Nicklas Lagerbjelke,Legitimerad Naprapat,Naprapat,Nicklas Lagerbjelke (Legitimerad Naprapat),Prime Naprapati,prime-naprapati-uppsala,559536-7813,uppsala,Uppsala,Uppsala,"Kungsängsgatan 17, 753 22 Uppsala",076-765 78 09,https://www.primenaprapati.se,https://www.bokadirekt.se/places/prime-naprapati-132272,bokadirekt,4.9,68,naprapat|massage,
Christian Kordecki,Leg. kiropraktor,Kiropraktor,Christian Kordecki (Leg. kiropraktor),Rosendal Kiropraktorklinik,rosendal-kiropraktorklinik-uppsala,559441-6199,uppsala,Uppsala,Uppsala,"Torgny Segerstedts Allé 21, 756 44 Uppsala",018-13 33 24,https://rosendalkiropraktorklinik.se/,https://www.bokadirekt.se/places/rosendal-kiropraktorklinik-24168,bokadirekt,4.8,311,kiropraktor,
Eva-Lena Lindblom,"leg. kiropraktor, diplomerad mineral- och hormonterapeut",Kiropraktor,"Eva-Lena Lindblom (leg. kiropraktor, diplomerad mineral- och hormonterapeut)",Trulssons Kiropraktik,trulssons-kiropraktik-uppsala,556843-3121,uppsala,Uppsala,Uppsala,"Kungsängsvägen 19A, 753 23 Uppsala",070-744 02 59,https://www.trulssonskiropraktik.se/,http://ww1.clinicbuddy.com/onlinebooking/-217,clinicbuddy,4.8,275,kiropraktor,näringsanalys|ergonomi
Wiwie Dunhall,Leg. Naprapat,Naprapat,Wiwie Dunhall (Leg. Naprapat),Uppsala Naprapati & Rehab,uppsala-naprapati-rehab,559024-6152,uppsala,Uppsala,Uppsala,"Fyrisvallsgatan 23, 752 28 Uppsala",018-10 22 70,https://www.uppsalanaprapat.com/,https://www.bokadirekt.se/places/uppsala-naprapati-rehab-50389,bokadirekt,4.9,1127,naprapat|massage,stötvågsbehandling|manipulation
Jessica Dunhall,,Behandlare / Övrig,Jessica Dunhall,Uppsala Naprapati & Rehab,uppsala-naprapati-rehab,559024-6152,uppsala,Uppsala,Uppsala,"Fyrisvallsgatan 23, 752 28 Uppsala",018-10 22 70,https://www.uppsalanaprapat.com/,https://www.bokadirekt.se/places/uppsala-naprapati-rehab-50389,bokadirekt,4.9,1127,naprapat|massage,stötvågsbehandling|manipulation
Hans Hilborn,Leg Naprapat,Naprapat,Hans Hilborn (Leg Naprapat),Uppsala Naprapatklinik AB,uppsala-naprapatklinik,556505-1140,uppsala,Uppsala,Uppsala,"Kungsängsgatan 39, 753 22 Uppsala",018-69 39 60,https://www.uppsalanaprapatklinik.se/,https://www.bokadirekt.se/places/uppsala-naprapatklinik-ab-22248,bokadirekt,4.7,1199,naprapat,
Verner Jonsson,Leg Naprapat,Naprapat,Verner Jonsson (Leg Naprapat),Uppsala Naprapatklinik AB,uppsala-naprapatklinik,556505-1140,uppsala,Uppsala,Uppsala,"Kungsängsgatan 39, 753 22 Uppsala",018-69 39 60,https://www.uppsalanaprapatklinik.se/,https://www.bokadirekt.se/places/uppsala-naprapatklinik-ab-22248,bokadirekt,4.7,1199,naprapat,
Sandra Olsson,Leg. Naprapat,Naprapat,Sandra Olsson (Leg. Naprapat),Change by Choice (Sandra Olsson),change-by-choice-sandra-olsson,,vasteras,Västerås,Västerås,"Vintervägen 19, 722 31 Västerås",,,https://www.bokadirekt.se/places/change-by-choice-132361,bokadirekt,0,0,massage,friskvårdsmassage|djupgående massage